Ano,Território,Desemprego 25-34 anos,População com 1º Ciclo,População com 2º Ciclo,População com 3º Ciclo/Secundário,Pré-Escolar,População Empregada - Homens,População Empregada - Total,Cluster
2009,Abrantes,589.7,103.8,121.1,117.5,108.3,3481.5006715916725,2164.1,1
2009,Aguiar da Beira,33.7,911.898627596439,996.7853123977756,12.5,608.1002453557659,3481.5006715916725,168.1,2
2009,Alandroal,53.6,33.3,75.0,22.2,608.1002453557659,3481.5006715916725,240.8,1
2009,Albergaria-a-Velha,267.3,90.9,85.7,72.1,111.1,3481.5006715916725,1153.9,1
2009,Albufeira,649.5,48.1,56.5,30.5,55.0,3481.5006715916725,2292.0,1
2009,Alcanena,115.8,91.7,190.0,100.0,166.7,3481.5006715916725,465.1,1
2009,Alcobaça,552.9,67.2,234.6,73.8,76.7,3481.5006715916725,2435.1,1
2009,Alcochete,146.8,31.6,69.2,55.6,100.0,3481.5006715916725,578.6,1
2009,Alcoutim,8.8,911.898627596439,996.7853123977756,6.3,608.1002453557659,3481.5006715916725,35.6,2
2009,Alcácer do Sal,110.6,114.3,77.8,41.7,42.9,3481.5006715916725,430.1,1
2009,Alenquer,522.4,37.0,93.1,54.9,56.3,3481.5006715916725,1900.2,1
2009,Alfândega da Fé,39.6,400.0,200.0,37.5,50.0,3481.5006715916725,245.3,1
2009,Alijó,148.6,525.0,133.3,34.2,100.0,3481.5006715916725,624.8,1
2009,Aljezur,34.9,100.0,996.7853123977756,15.4,608.1002453557659,3481.5006715916725,130.5,1
2009,Aljustrel,93.7,125.0,133.3,41.7,83.3,3481.5006715916725,382.5,1
2009,Almada,1685.3,44.3,134.1,211.2,51.1,3481.5006715916725,6803.9,0
2009,Almeida,30.5,900.0,300.0,84.2,400.0,3481.5006715916725,158.3,1
2009,Almeirim,239.8,82.4,166.7,106.5,114.3,3481.5006715916725,1002.4,1
2009,Almodôvar,85.7,150.0,66.7,45.0,100.0,3481.5006715916725,482.9,1
2009,Alpiarça,60.8,75.0,66.7,42.9,200.0,3481.5006715916725,328.4,1
2009,Alter do Chão,39.8,100.0,166.7,35.3,200.0,3481.5006715916725,130.2,1
2009,Alvaiázere,58.8,33.3,100.0,85.7,608.1002453557659,3481.5006715916725,234.4,1
2009,Alvito,19.5,100.0,25.0,1160.0324398797595,100.0,3481.5006715916725,75.8,1
2009,Amarante,783.4,98.2,122.2,37.8,70.0,3481.5006715916725,3781.1,0
2009,Amares,240.1,133.3,200.0,33.3,266.7,3481.5006715916725,914.8,1
2009,Anadia,263.3,131.8,280.0,126.7,100.0,3481.5006715916725,1083.9,1
2009,Ansião,104.2,81.8,320.0,45.5,75.0,3481.5006715916725,530.4,1
2009,Arcos de Valdevez,182.2,173.3,228.6,69.7,60.0,3481.5006715916725,790.9,1
2009,Arganil,82.8,100.0,63.6,47.2,20.0,3481.5006715916725,382.3,1
2009,Armamar,59.8,166.7,114.3,1160.0324398797595,300.0,3481.5006715916725,264.9,1
2009,Arouca,153.1,48.6,52.9,22.5,140.0,3481.5006715916725,710.0,1
2009,Arraiolos,52.5,150.0,500.0,29.6,150.0,3481.5006715916725,237.0,1
2009,Arronches,27.5,33.3,400.0,10.0,100.0,3481.5006715916725,101.6,1
2009,Arruda dos Vinhos,105.2,23.8,111.1,46.7,16.7,3481.5006715916725,358.3,1
2009,Aveiro,1040.4,134.6,182.1,123.7,65.9,3481.5006715916725,3651.3,0
2009,Avis,44.7,33.3,25.0,18.2,608.1002453557659,3481.5006715916725,232.3,1
2009,Azambuja,258.6,87.5,109.1,34.1,608.1002453557659,3481.5006715916725,980.5,1
2009,Baião,399.3,52.0,45.8,5.1,28.6,3481.5006715916725,1759.2,1
2009,Barcelos,876.9,81.7,129.2,48.1,103.2,3481.5006715916725,5026.9,0
2009,Barrancos,14.3,100.0,996.7853123977756,16.7,608.1002453557659,3481.5006715916725,90.5,1
2009,Barreiro,1021.3,46.0,149.2,177.2,60.0,3481.5006715916725,3986.7,0
2009,Batalha,124.4,123.1,125.0,37.8,250.0,3481.5006715916725,494.9,1
2009,Beja,389.3,127.3,162.5,111.0,46.2,3481.5006715916725,1220.8,1
2009,Belmonte,98.0,911.898627596439,100.0,137.5,200.0,3481.5006715916725,356.1,1
2009,Benavente,325.1,65.4,50.0,44.2,116.7,3481.5006715916725,1328.0,1
2009,Bombarral,122.8,166.7,125.0,62.9,200.0,3481.5006715916725,486.8,1
2009,Borba,70.4,166.7,160.0,35.7,200.0,3481.5006715916725,295.3,1
2009,Boticas,41.9,911.898627596439,500.0,18.2,608.1002453557659,3481.5006715916725,205.0,2
2009,Bragança,492.8,435.7,330.0,152.9,60.0,3481.5006715916725,1519.3,1
2009,Cabeceiras de Basto,279.3,640.0,100.0,14.0,300.0,3481.5006715916725,1120.1,1
2009,Cadaval,117.3,43.5,62.5,23.5,175.0,3481.5006715916725,508.3,1
2009,Caldas da Rainha,638.3,75.8,138.8,109.5,94.1,3481.5006715916725,2479.1,1
2009,Caminha,153.9,45.5,118.8,80.0,100.0,3481.5006715916725,584.3,1
2009,Campo Maior,107.3,100.0,81.8,19.0,16.7,3481.5006715916725,383.2,1
2009,Cantanhede,345.3,181.0,191.3,138.8,47.1,3481.5006715916725,1210.9,1
2009,Carrazeda de Ansiães,60.6,911.898627596439,800.0,54.5,608.1002453557659,3481.5006715916725,236.8,2
2009,Carregal do Sal,82.8,100.0,250.0,94.7,200.0,3481.5006715916725,386.0,1
2009,Cartaxo,238.4,86.4,50.0,154.5,40.0,3481.5006715916725,939.8,1
2009,Cascais,1722.5,43.5,135.7,149.7,56.2,3481.5006715916725,7464.1,0
2009,Castanheira de Pêra,33.3,911.898627596439,996.7853123977756,1160.0324398797595,608.1002453557659,3481.5006715916725,187.0,2
2009,Castelo Branco,680.9,233.3,352.6,173.1,176.9,3481.5006715916725,2654.8,1
2009,Castelo de Paiva,213.6,48.6,26.3,5.8,28.6,3481.5006715916725,1323.5,1
2009,Castelo de Vide,27.2,100.0,200.0,40.0,33.3,3481.5006715916725,112.8,1
2009,Castro Daire,108.3,170.0,90.9,32.1,100.0,3481.5006715916725,498.1,1
2009,Castro Marim,51.7,12.5,100.0,11.8,608.1002453557659,3481.5006715916725,220.8,1
2009,Castro Verde,61.1,41.7,62.5,42.9,150.0,3481.5006715916725,302.1,1
2009,Celorico da Beira,70.7,1600.0,500.0,17.6,608.1002453557659,3481.5006715916725,264.4,2
2009,Celorico de Basto,314.3,185.7,50.0,16.7,608.1002453557659,3481.5006715916725,1349.8,1
2009,Chamusca,102.8,42.9,160.0,80.0,100.0,3481.5006715916725,455.2,1
2009,Chaves,524.9,530.8,233.3,140.3,64.7,3481.5006715916725,2042.3,1
2009,Cinfães,274.4,92.3,40.0,19.8,100.0,3481.5006715916725,1278.3,1
2009,Coimbra,1794.8,110.1,150.9,189.5,73.8,3481.5006715916725,5703.4,0
2009,Condeixa-a-Nova,129.3,128.6,1200.0,119.0,85.7,3481.5006715916725,463.0,1
2009,Constância,46.7,14.3,100.0,46.7,608.1002453557659,3481.5006715916725,168.7,1
2009,Coruche,229.4,66.7,90.0,107.1,200.0,3481.5006715916725,1160.3,1
2009,Covilhã,755.7,338.9,265.0,98.1,164.7,3481.5006715916725,3395.2,1
2009,Crato,41.3,200.0,100.0,50.0,608.1002453557659,3481.5006715916725,146.0,1
2009,Cuba,45.1,400.0,150.0,37.5,608.1002453557659,3481.5006715916725,193.8,1
2009,Elvas,337.1,125.0,125.0,64.2,266.7,3481.5006715916725,1205.4,1
2009,Entroncamento,227.3,125.0,216.7,147.4,43.8,3481.5006715916725,670.8,1
2009,Espinho,640.8,59.1,196.2,109.1,120.0,3481.5006715916725,3060.3,1
2009,Esposende,245.1,116.7,444.4,86.9,100.0,3481.5006715916725,1189.3,1
2009,Estarreja,344.3,65.4,104.5,104.3,50.0,3481.5006715916725,1314.6,1
2009,Estremoz,109.3,61.5,155.6,62.8,66.7,3481.5006715916725,471.2,1
2009,Fafe,639.4,102.0,200.0,40.2,77.8,3481.5006715916725,3651.6,1
2009,Faro,764.6,62.2,208.3,107.1,13.2,3481.5006715916725,2495.8,1
2009,Felgueiras,651.3,64.5,87.0,22.9,57.1,3481.5006715916725,3672.7,1
2009,Ferreira do Alentejo,92.9,100.0,66.7,50.0,100.0,3481.5006715916725,346.9,1
2009,Ferreira do Zêzere,56.4,75.0,85.7,20.8,100.0,3481.5006715916725,217.9,1
2009,Figueira da Foz,895.3,111.1,220.7,202.3,100.0,3481.5006715916725,3111.2,0
2009,Figueira de Castelo Rodrigo,44.8,600.0,83.3,29.6,608.1002453557659,3481.5006715916725,181.4,1
2009,Figueiró dos Vinhos,63.3,125.0,100.0,100.0,200.0,3481.5006715916725,325.3,1
2009,Fornos de Algodres,54.0,911.898627596439,500.0,11.5,608.1002453557659,3481.5006715916725,237.1,2
2009,Freixo de Espada à Cinta,56.5,800.0,133.3,40.0,608.1002453557659,3481.5006715916725,208.1,1
2009,Fronteira,47.5,33.3,200.0,9.1,608.1002453557659,3481.5006715916725,180.6,1
2009,Fundão,343.5,550.0,220.0,108.5,150.0,3481.5006715916725,1455.5,1
2009,Gavião,44.7,911.898627596439,100.0,20.0,608.1002453557659,3481.5006715916725,169.4,1
2009,Golegã,45.7,450.0,150.0,150.0,150.0,3481.5006715916725,193.3,1
2009,Gouveia,149.8,1600.0,127.3,76.5,225.0,3481.5006715916725,829.8,1
2009,Grândola,92.3,78.6,140.0,43.2,60.0,3481.5006715916725,336.0,1
2009,Guarda,440.8,392.9,281.8,168.6,218.2,3481.5006715916725,1804.1,1
2009,Góis,31.0,50.0,60.0,1160.0324398797595,608.1002453557659,3481.5006715916725,138.0,1
2009,Idanha-a-Nova,77.5,350.0,75.0,53.8,300.0,3481.5006715916725,316.0,1
2009,Lagoa,274.3,31.7,47.1,32.1,31.6,3481.5006715916725,1124.1,1
2009,Lagos,386.3,56.7,108.6,99.0,52.4,3481.5006715916725,1409.3,1
2009,Lamego,376.6,177.3,115.6,82.9,76.5,3481.5006715916725,1496.1,1
2009,Leiria,1130.2,76.6,141.0,106.9,95.2,3481.5006715916725,4222.8,0
2009,Loulé,799.5,44.7,106.3,54.0,47.4,3481.5006715916725,2773.3,1
2009,Loures,1712.2,34.7,113.3,130.6,53.2,3481.5006715916725,7309.5,0
2009,Lourinhã,268.3,69.7,281.8,45.0,81.8,3481.5006715916725,955.5,1
2009,Lousada,532.8,37.3,29.2,15.9,122.2,3481.5006715916725,2487.4,1
2009,Lousã,222.1,60.0,230.0,330.0,100.0,3481.5006715916725,755.8,1
2009,Macedo de Cavaleiros,145.2,625.0,153.8,93.3,233.3,3481.5006715916725,702.3,1
2009,Mafra,680.2,28.9,78.6,44.4,42.5,3481.5006715916725,2339.3,1
2009,Maia,1815.3,51.1,232.5,167.9,43.3,3481.5006715916725,7850.2,0
2009,Mangualde,239.3,175.0,245.5,95.1,200.0,3481.5006715916725,1082.8,1
2009,Manteigas,34.8,911.898627596439,100.0,10.0,608.1002453557659,3481.5006715916725,204.1,1
2009,Marco de Canaveses,800.1,77.0,47.8,14.1,80.0,3481.5006715916725,3365.8,1
2009,Marinha Grande,466.5,63.2,206.7,94.6,78.9,3481.5006715916725,1799.8,1
2009,Marvão,21.9,300.0,125.0,1160.0324398797595,608.1002453557659,3481.5006715916725,98.8,1
2009,Matosinhos,1788.6,60.8,255.4,163.0,65.7,3481.5006715916725,8388.8,0
2009,Mação,30.8,911.898627596439,120.0,35.0,608.1002453557659,3481.5006715916725,140.3,1
2009,Mealhada,197.4,91.7,266.7,134.6,90.0,3481.5006715916725,732.8,1
2009,Melgaço,40.4,200.0,300.0,25.0,608.1002453557659,3481.5006715916725,137.9,1
2009,Mesão Frio,104.3,300.0,75.0,16.0,608.1002453557659,3481.5006715916725,397.7,1
2009,Mira,135.2,1600.0,300.0,178.6,66.7,3481.5006715916725,533.3,1
2009,Miranda do Corvo,112.5,162.5,285.7,70.4,500.0,3481.5006715916725,421.3,1
2009,Miranda do Douro,48.9,650.0,275.0,57.9,500.0,3481.5006715916725,173.7,1
2009,Mirandela,289.7,1175.0,462.5,94.9,112.5,3481.5006715916725,1182.3,1
2009,Mogadouro,67.2,1500.0,800.0,90.9,200.0,3481.5006715916725,315.2,2
2009,Moimenta da Beira,113.2,533.3,175.0,40.0,800.0,3481.5006715916725,508.8,1
2009,Moita,1015.7,49.4,83.9,109.6,100.0,3481.5006715916725,3836.8,0
2009,Monchique,32.5,300.0,28.6,36.4,608.1002453557659,3481.5006715916725,186.8,1
2009,Mondim de Basto,102.3,950.0,75.0,36.4,608.1002453557659,3481.5006715916725,436.5,1
2009,Monforte,40.9,911.898627596439,50.0,9.1,100.0,3481.5006715916725,139.2,1
2009,Montalegre,59.9,1500.0,100.0,15.2,608.1002453557659,3481.5006715916725,283.3,2
2009,Montemor-o-Novo,138.9,70.0,90.0,67.6,37.5,3481.5006715916725,521.8,1
2009,Montemor-o-Velho,239.0,129.4,620.0,147.6,45.5,3481.5006715916725,990.6,1
2009,Montijo,560.2,48.2,63.3,114.7,60.9,3481.5006715916725,2132.6,1
2009,Monção,176.0,240.0,328.6,63.3,60.0,3481.5006715916725,580.6,1
2009,Mora,38.4,133.3,66.7,40.0,100.0,3481.5006715916725,181.8,1
2009,Mortágua,52.2,550.0,350.0,114.3,100.0,3481.5006715916725,227.2,1
2009,Moura,233.7,83.3,113.3,49.0,50.0,3481.5006715916725,999.8,1
2009,Mourão,26.7,911.898627596439,57.1,9.1,100.0,3481.5006715916725,91.8,1
2009,Murtosa,115.2,72.7,71.4,50.0,166.7,3481.5006715916725,414.4,1
2009,Murça,60.9,275.0,200.0,100.0,608.1002453557659,3481.5006715916725,277.1,1
2009,Mértola,37.7,100.0,200.0,11.5,100.0,3481.5006715916725,212.0,1
2009,Mêda,26.4,400.0,50.0,40.0,300.0,3481.5006715916725,86.8,1
2009,Nazaré,198.3,157.1,283.3,44.0,20.0,3481.5006715916725,764.7,1
2009,Nelas,226.5,150.0,153.8,50.0,54.5,3481.5006715916725,812.7,1
2009,Nisa,65.6,166.7,100.0,36.8,608.1002453557659,3481.5006715916725,225.3,1
2009,Odemira,234.4,82.4,114.3,38.6,13.3,3481.5006715916725,1123.5,1
2009,Odivelas,1152.5,39.7,172.8,149.3,35.5,3481.5006715916725,4662.1,0
2009,Oeiras,1206.8,46.4,183.8,235.6,45.8,3481.5006715916725,5111.8,0
2009,Oleiros,18.1,200.0,20.0,50.0,100.0,3481.5006715916725,91.3,1
2009,Olhão,627.0,85.0,100.0,66.4,38.5,3481.5006715916725,2138.1,1
2009,Oliveira de Azeméis,573.1,47.6,101.7,50.7,115.0,3481.5006715916725,2753.4,1
2009,Oliveira de Frades,62.9,140.0,18.2,35.3,608.1002453557659,3481.5006715916725,286.1,1
2009,Oliveira do Bairro,234.3,76.2,129.4,64.1,100.0,3481.5006715916725,803.4,1
2009,Oliveira do Hospital,173.5,84.0,81.0,38.6,100.0,3481.5006715916725,754.8,1
2009,Ourique,54.9,150.0,996.7853123977756,23.5,400.0,3481.5006715916725,260.1,1
2009,Ourém,328.1,172.7,91.2,50.8,212.5,3481.5006715916725,1272.0,1
2009,Ovar,844.5,75.9,137.5,98.9,88.2,3481.5006715916725,3669.4,0
2009,Palmela,682.4,42.9,82.0,37.7,43.3,3481.5006715916725,2743.7,1
2009,Pampilhosa da Serra,14.3,12.5,996.7853123977756,11.1,608.1002453557659,3481.5006715916725,88.4,1
2009,Paredes,1091.5,47.5,111.4,31.1,64.3,3481.5006715916725,5078.6,0
2009,Paredes de Coura,81.1,90.0,85.7,8.8,608.1002453557659,3481.5006715916725,397.7,1
2009,Paços de Ferreira,597.4,34.4,50.0,18.2,52.9,3481.5006715916725,3131.3,1
2009,Pedrógão Grande,23.0,200.0,66.7,33.3,608.1002453557659,3481.5006715916725,160.9,1
2009,Penacova,116.7,157.1,155.6,190.9,900.0,3481.5006715916725,469.1,1
2009,Penafiel,731.9,82.3,127.8,37.1,135.7,3481.5006715916725,3303.6,1
2009,Penalva do Castelo,102.8,350.0,350.0,61.5,200.0,3481.5006715916725,397.8,1
2009,Penamacor,29.3,911.898627596439,996.7853123977756,21.4,608.1002453557659,3481.5006715916725,139.1,2
2009,Penedono,28.7,166.7,200.0,14.3,50.0,3481.5006715916725,92.0,1
2009,Penela,37.8,300.0,600.0,125.0,50.0,3481.5006715916725,167.9,1
2009,Peniche,399.4,66.7,133.3,130.2,33.3,3481.5006715916725,1494.8,1
2009,Peso da Régua,245.2,520.0,200.0,89.3,20.0,3481.5006715916725,1048.6,1
2009,Pinhel,85.8,911.898627596439,140.0,68.4,800.0,3481.5006715916725,373.1,2
2009,Pombal,405.8,60.8,103.4,55.5,61.1,3481.5006715916725,1533.7,1
2009,Ponte da Barca,109.3,114.3,150.0,66.7,66.7,3481.5006715916725,464.1,1
2009,Ponte de Lima,404.5,117.9,740.0,80.8,185.7,3481.5006715916725,1687.6,1
2009,Ponte de Sor,239.8,175.0,122.2,61.8,60.0,3481.5006715916725,1021.5,1
2009,Portalegre,314.2,262.5,180.0,98.5,81.8,3481.5006715916725,1127.3,1
2009,Portel,68.9,140.0,50.0,22.2,20.0,3481.5006715916725,362.4,1
2009,Portimão,909.9,45.2,110.0,76.2,88.2,3481.5006715916725,3346.9,0
2009,Porto de Mós,197.7,100.0,56.5,33.3,133.3,3481.5006715916725,804.8,1
2009,Proença-a-Nova,41.3,333.3,400.0,57.1,608.1002453557659,3481.5006715916725,218.7,1
2009,Póvoa de Lanhoso,222.7,88.5,350.0,80.6,83.3,3481.5006715916725,990.3,1
2009,Póvoa de Varzim,883.3,98.6,214.9,74.4,34.3,3481.5006715916725,3878.2,0
2009,Redondo,85.9,175.0,62.5,35.0,16.7,3481.5006715916725,343.9,1
2009,Reguengos de Monsaraz,157.7,500.0,137.5,57.1,500.0,3481.5006715916725,637.2,1
2009,Resende,158.1,250.0,116.7,15.0,608.1002453557659,3481.5006715916725,678.7,1
2009,Ribeira de Pena,79.7,911.898627596439,50.0,25.0,66.7,3481.5006715916725,425.5,1
2009,Rio Maior,141.8,64.5,170.0,55.1,57.1,3481.5006715916725,557.5,1
2009,Sabrosa,71.7,466.7,300.0,45.5,608.1002453557659,3481.5006715916725,319.9,1
2009,Sabugal,70.9,911.898627596439,154.5,95.7,608.1002453557659,3481.5006715916725,287.0,1
2009,Salvaterra de Magos,309.7,73.7,60.0,34.2,50.0,3481.5006715916725,1481.9,1
2009,Santa Comba Dão,86.7,228.6,325.0,73.7,100.0,3481.5006715916725,385.3,1
2009,Santa Maria da Feira,1710.4,32.5,110.1,74.2,98.0,3481.5006715916725,8319.0,0
2009,Santa Marta de Penaguião,114.4,911.898627596439,150.0,45.5,608.1002453557659,3481.5006715916725,458.3,1
2009,Santarém,507.9,78.9,106.1,86.2,72.2,3481.5006715916725,2016.3,1
2009,Santiago do Cacém,314.6,95.7,566.7,77.6,23.1,3481.5006715916725,1230.2,1
2009,Santo Tirso,1072.0,40.6,95.3,56.6,108.0,3481.5006715916725,6759.3,0
2009,Sardoal,39.0,66.7,150.0,40.0,608.1002453557659,3481.5006715916725,179.7,1
2009,Seia,275.7,450.0,200.0,75.9,212.5,3481.5006715916725,1582.7,1
2009,Seixal,1726.0,52.7,143.3,160.9,31.5,3481.5006715916725,6699.3,0
2009,Sernancelhe,38.0,71.4,250.0,11.8,100.0,3481.5006715916725,186.0,1
2009,Serpa,148.2,228.6,64.3,31.5,75.0,3481.5006715916725,742.3,1
2009,Sertã,133.7,350.0,92.3,32.7,100.0,3481.5006715916725,555.8,1
2009,Sesimbra,477.2,57.4,110.5,90.9,133.3,3481.5006715916725,1603.8,1
2009,Setúbal,1717.3,95.3,270.4,184.9,43.6,3481.5006715916725,6312.3,0
2009,Sever do Vouga,85.3,133.3,83.3,19.4,400.0,3481.5006715916725,444.7,1
2009,Silves,419.2,33.3,82.4,51.0,35.7,3481.5006715916725,1572.5,1
2009,Sines,211.3,144.4,127.3,110.5,37.5,3481.5006715916725,765.3,1
2009,Sobral de Monte Agraço,72.8,14.3,80.0,38.9,33.3,3481.5006715916725,322.7,1
2009,Soure,158.0,228.6,135.7,73.1,200.0,3481.5006715916725,675.8,1
2009,Sousel,51.4,911.898627596439,400.0,21.4,608.1002453557659,3481.5006715916725,163.0,2
2009,Sátão,141.7,120.0,133.3,61.3,608.1002453557659,3481.5006715916725,577.5,1
2009,São Brás de Alportel,64.0,85.7,41.7,39.5,40.0,3481.5006715916725,233.3,1
2009,São João da Madeira,256.4,46.2,129.6,58.0,100.0,3481.5006715916725,1203.8,1
2009,São João da Pesqueira,86.1,133.3,133.3,35.3,608.1002453557659,3481.5006715916725,287.2,1
2009,São Pedro do Sul,144.4,120.0,188.9,58.0,57.1,3481.5006715916725,649.4,1
2009,Tabuaço,67.5,75.0,300.0,19.0,66.7,3481.5006715916725,333.8,1
2009,Tarouca,92.3,350.0,90.9,35.3,400.0,3481.5006715916725,414.6,1
2009,Tavira,207.3,50.0,209.1,115.9,44.4,3481.5006715916725,834.3,1
2009,Terras de Bouro,80.7,16.7,45.5,8.8,50.0,3481.5006715916725,377.8,1
2009,Tomar,401.6,150.0,209.5,148.3,170.0,3481.5006715916725,1577.9,1
2009,Tondela,180.1,129.4,337.5,74.5,400.0,3481.5006715916725,825.5,1
2009,Torre de Moncorvo,97.3,1800.0,600.0,73.7,300.0,3481.5006715916725,470.3,2
2009,Torres Novas,307.8,93.9,216.7,97.0,106.3,3481.5006715916725,1152.5,1
2009,Torres Vedras,766.4,45.6,147.9,70.3,64.9,3481.5006715916725,2732.8,1
2009,Trancoso,41.2,1500.0,54.5,44.1,400.0,3481.5006715916725,197.8,2
2009,Trofa,671.1,52.1,130.0,72.4,136.4,3481.5006715916725,3463.2,1
2009,Tábua,81.3,36.8,114.3,55.0,133.3,3481.5006715916725,446.9,1
2009,Vagos,208.9,78.9,140.0,104.5,100.0,3481.5006715916725,744.8,1
2009,Vale de Cambra,179.2,76.5,94.7,87.5,800.0,3481.5006715916725,715.6,1
2009,Valença,162.2,166.7,116.7,51.6,150.0,3481.5006715916725,626.8,1
2009,Valongo,1597.6,55.2,147.3,126.2,75.7,3481.5006715916725,6917.7,0
2009,Valpaços,139.1,775.0,180.0,34.7,233.3,3481.5006715916725,710.5,1
2009,Vendas Novas,116.9,200.0,133.3,65.8,100.0,3481.5006715916725,398.1,1
2009,Viana do Alentejo,54.9,600.0,133.3,33.3,40.0,3481.5006715916725,223.8,1
2009,Viana do Castelo,916.1,132.8,198.4,93.3,102.6,3481.5006715916725,3818.6,0
2009,Vidigueira,58.4,100.0,600.0,77.8,150.0,3481.5006715916725,246.6,1
2009,Vieira do Minho,188.7,180.0,87.5,37.5,16.7,3481.5006715916725,863.3,1
2009,Vila Flor,71.6,911.898627596439,100.0,57.1,66.7,3481.5006715916725,333.7,1
2009,Vila Franca de Xira,1607.8,43.5,92.6,109.0,38.5,3481.5006715916725,5869.9,0
2009,Vila Nova da Barquinha,65.3,200.0,125.0,100.0,150.0,3481.5006715916725,234.4,1
2009,Vila Nova de Cerveira,101.6,125.0,275.0,26.7,125.0,3481.5006715916725,384.7,1
2009,Vila Nova de Famalicão,1555.1,73.4,101.9,41.3,47.3,3481.5006715916725,8429.3,0
2009,Vila Nova de Foz Côa,76.8,220.0,100.0,133.3,100.0,3481.5006715916725,269.1,1
2009,Vila Nova de Paiva,77.1,87.5,133.3,29.6,100.0,3481.5006715916725,322.9,1
2009,Vila Nova de Poiares,66.7,125.0,114.3,114.3,608.1002453557659,3481.5006715916725,257.2,1
2009,Vila Pouca de Aguiar,131.4,2400.0,316.7,52.2,66.7,3481.5006715916725,626.8,2
2009,Vila Real,793.8,661.5,210.5,128.7,88.9,3481.5006715916725,2734.3,1
2009,Vila Real de Santo António,248.0,42.9,100.0,47.8,608.1002453557659,3481.5006715916725,964.0,1
2009,Vila Velha de Ródão,13.8,911.898627596439,50.0,40.0,608.1002453557659,3481.5006715916725,76.3,1
2009,Vila Verde,543.1,85.4,156.3,48.4,183.3,3481.5006715916725,2026.3,1
2009,Vila Viçosa,77.5,120.0,220.0,58.6,50.0,3481.5006715916725,273.3,1
2009,Vila de Rei,20.0,911.898627596439,33.3,66.7,200.0,3481.5006715916725,85.3,1
2009,Vila do Bispo,37.6,28.6,14.3,30.8,608.1002453557659,3481.5006715916725,136.4,1
2009,Vila do Conde,1036.8,54.1,214.3,98.4,140.0,3481.5006715916725,5055.0,0
2009,Vimioso,37.8,400.0,996.7853123977756,28.6,608.1002453557659,3481.5006715916725,140.5,2
2009,Vinhais,82.4,900.0,100.0,13.6,608.1002453557659,3481.5006715916725,344.0,1
2009,Viseu,1461.2,148.4,192.8,111.7,147.8,3481.5006715916725,5060.6,0
2009,Vizela,282.6,44.4,63.9,17.1,42.9,3481.5006715916725,1846.4,1
2009,Vouzela,56.9,133.3,87.5,20.0,150.0,3481.5006715916725,349.6,1
2009,Águeda,479.7,105.4,97.0,98.7,54.5,3481.5006715916725,2084.3,1
2009,Évora,754.1,139.4,197.0,146.0,54.8,3481.5006715916725,2539.5,1
2009,Ílhavo,504.8,143.5,358.3,103.2,108.3,3481.5006715916725,1790.7,1
2009,Óbidos,88.3,50.0,109.1,24.0,128.6,3481.5006715916725,446.9,1
2010,Abrantes,537.0,141.7,168.4,132.7,212.5,3481.5006715916725,2160.4,1
2010,Aguiar da Beira,40.5,600.0,996.7853123977756,16.7,608.1002453557659,3481.5006715916725,199.8,2
2010,Alandroal,69.5,40.0,100.0,37.5,200.0,3481.5006715916725,315.4,1
2010,Albergaria-a-Velha,259.3,123.5,77.3,76.4,100.0,3481.5006715916725,1203.8,1
2010,Albufeira,811.8,42.6,77.8,26.7,33.3,3481.5006715916725,2920.2,1
2010,Alcanena,118.8,92.3,190.0,94.1,600.0,3481.5006715916725,505.8,1
2010,Alcobaça,546.6,69.0,211.1,82.5,92.0,3481.5006715916725,2568.8,1
2010,Alcochete,180.3,30.4,78.6,57.4,71.4,3481.5006715916725,665.6,1
2010,Alcoutim,8.3,20.0,10.0,1160.0324398797595,25.0,3481.5006715916725,46.0,1
2010,Alcácer do Sal,105.6,85.7,42.9,35.9,62.5,3481.5006715916725,447.7,1
2010,Alenquer,565.5,68.3,88.2,71.8,55.0,3481.5006715916725,2036.3,1
2010,Alfândega da Fé,44.6,1000.0,150.0,20.0,300.0,3481.5006715916725,273.9,1
2010,Alijó,157.2,216.7,142.9,37.1,300.0,3481.5006715916725,668.1,1
2010,Aljezur,49.8,120.0,20.0,25.0,50.0,3481.5006715916725,205.4,1
2010,Aljustrel,88.0,66.7,114.3,31.6,33.3,3481.5006715916725,392.7,1
2010,Almeida,35.6,300.0,150.0,48.1,400.0,3481.5006715916725,178.2,1
2010,Almeirim,242.1,70.6,106.7,102.8,100.0,3481.5006715916725,1014.7,1
2010,Almodôvar,80.1,800.0,80.0,30.0,40.0,3481.5006715916725,504.1,1
2010,Alpiarça,82.5,166.7,50.0,15.8,600.0,3481.5006715916725,376.5,1
2010,Alter do Chão,49.3,50.0,996.7853123977756,42.9,100.0,3481.5006715916725,150.3,1
2010,Alvaiázere,54.3,911.898627596439,75.0,66.7,200.0,3481.5006715916725,240.6,1
2010,Alvito,23.2,20.0,16.7,7.7,100.0,3481.5006715916725,80.8,1
2010,Amarante,917.7,126.7,187.5,45.5,107.1,3481.5006715916725,4210.1,0
2010,Amares,291.8,200.0,225.0,48.6,350.0,3481.5006715916725,1139.9,1
2010,Anadia,255.4,213.3,321.4,134.1,118.2,3481.5006715916725,1153.0,1
2010,Ansião,108.1,266.7,127.3,55.6,85.7,3481.5006715916725,579.9,1
2010,Arcos de Valdevez,195.8,117.6,320.0,74.3,10.0,3481.5006715916725,866.0,1
2010,Arganil,100.6,77.8,70.0,33.3,50.0,3481.5006715916725,488.4,1
2010,Armamar,62.4,77.8,200.0,23.1,608.1002453557659,3481.5006715916725,308.1,1
2010,Arouca,169.8,74.1,95.2,35.4,100.0,3481.5006715916725,759.9,1
2010,Arraiolos,60.3,150.0,233.3,42.9,50.0,3481.5006715916725,272.0,1
2010,Arronches,32.8,911.898627596439,80.0,10.0,608.1002453557659,3481.5006715916725,120.1,1
2010,Arruda dos Vinhos,123.0,50.0,122.2,51.5,33.3,3481.5006715916725,434.4,1
2010,Aveiro,1148.4,124.6,196.1,143.6,60.0,3481.5006715916725,4047.2,0
2010,Avis,47.8,911.898627596439,25.0,42.9,608.1002453557659,3481.5006715916725,261.8,1
2010,Azambuja,251.3,90.9,78.9,56.8,11.1,3481.5006715916725,1001.5,1
2010,Baião,395.6,60.0,46.2,9.6,83.3,3481.5006715916725,1925.7,1
2010,Barcelos,1081.7,71.5,129.2,58.7,116.7,3481.5006715916725,5842.8,0
2010,Barrancos,22.9,33.3,996.7853123977756,42.9,608.1002453557659,3481.5006715916725,124.1,1
2010,Barreiro,1055.1,48.8,197.7,229.8,59.4,3481.5006715916725,4316.3,0
2010,Batalha,119.1,112.5,133.3,37.0,100.0,3481.5006715916725,503.6,1
2010,Beja,436.2,146.4,133.3,117.6,68.4,3481.5006715916725,1408.8,1
2010,Belmonte,110.1,500.0,600.0,120.0,500.0,3481.5006715916725,420.7,1
2010,Benavente,380.9,50.0,53.3,42.9,60.0,3481.5006715916725,1511.2,1
2010,Bombarral,145.8,137.5,400.0,126.3,200.0,3481.5006715916725,580.0,1
2010,Borba,88.5,166.7,350.0,61.5,100.0,3481.5006715916725,346.5,1
2010,Boticas,60.5,911.898627596439,200.0,37.5,100.0,3481.5006715916725,282.7,1
2010,Bragança,544.5,600.0,480.0,198.6,123.1,3481.5006715916725,1771.7,1
2010,Cabeceiras de Basto,340.1,242.9,92.3,13.4,40.0,3481.5006715916725,1386.1,1
2010,Cadaval,130.0,73.3,54.5,41.4,233.3,3481.5006715916725,535.3,1
2010,Caldas da Rainha,705.8,94.2,130.0,88.5,141.2,3481.5006715916725,2782.1,1
2010,Caminha,183.0,109.1,200.0,110.0,150.0,3481.5006715916725,708.2,1
2010,Campo Maior,117.2,100.0,100.0,22.9,608.1002453557659,3481.5006715916725,415.7,1
2010,Cantanhede,355.7,286.7,257.9,178.3,100.0,3481.5006715916725,1300.3,1
2010,Carrazeda de Ansiães,72.8,911.898627596439,900.0,57.1,33.3,3481.5006715916725,291.4,1
2010,Carregal do Sal,86.5,200.0,100.0,55.3,608.1002453557659,3481.5006715916725,406.5,1
2010,Cartaxo,237.2,110.5,65.4,123.8,75.0,3481.5006715916725,916.8,1
2010,Castanheira de Pêra,28.3,911.898627596439,25.0,1160.0324398797595,608.1002453557659,3481.5006715916725,179.9,2
2010,Castelo Branco,742.4,564.3,273.1,214.7,207.7,3481.5006715916725,2984.8,1
2010,Castelo de Paiva,282.1,47.1,24.0,5.9,57.1,3481.5006715916725,1600.3,1
2010,Castelo de Vide,34.4,300.0,996.7853123977756,40.0,608.1002453557659,3481.5006715916725,121.5,2
2010,Castro Daire,119.8,250.0,175.0,33.3,200.0,3481.5006715916725,564.1,1
2010,Castro Marim,60.3,40.0,50.0,38.5,50.0,3481.5006715916725,269.2,1
2010,Castro Verde,73.0,133.3,87.5,28.6,150.0,3481.5006715916725,335.7,1
2010,Celorico da Beira,78.8,350.0,1100.0,14.3,608.1002453557659,3481.5006715916725,292.3,2
2010,Celorico de Basto,318.6,91.7,42.9,22.2,608.1002453557659,3481.5006715916725,1436.7,1
2010,Chamusca,98.5,80.0,333.3,85.7,608.1002453557659,3481.5006715916725,461.9,1
2010,Chaves,603.1,650.0,375.0,132.9,81.3,3481.5006715916725,2416.8,1
2010,Cinfães,335.6,58.8,37.9,12.3,120.0,3481.5006715916725,1470.1,1
2010,Coimbra,1879.1,120.9,186.2,236.5,57.6,3481.5006715916725,6065.8,0
2010,Condeixa-a-Nova,136.3,240.0,357.1,207.7,57.1,3481.5006715916725,532.4,1
2010,Constância,51.3,66.7,996.7853123977756,50.0,608.1002453557659,3481.5006715916725,166.9,1
2010,Coruche,222.6,92.9,47.4,115.6,275.0,3481.5006715916725,1163.0,1
2010,Covilhã,753.2,356.3,255.0,114.9,228.6,3481.5006715916725,3580.8,0
2010,Crato,49.5,911.898627596439,600.0,25.0,66.7,3481.5006715916725,177.6,1
2010,Cuba,48.0,400.0,500.0,80.0,608.1002453557659,3481.5006715916725,218.0,1
2010,Elvas,408.9,190.0,100.0,69.9,114.3,3481.5006715916725,1450.8,1
2010,Entroncamento,238.8,90.9,168.8,163.6,37.5,3481.5006715916725,721.8,1
2010,Espinho,719.5,73.7,216.7,160.3,185.7,3481.5006715916725,3441.3,1
2010,Esposende,307.3,196.0,380.0,83.1,100.0,3481.5006715916725,1390.7,1
2010,Estarreja,310.0,57.1,92.0,98.0,60.0,3481.5006715916725,1312.4,1
2010,Estremoz,137.8,53.8,94.4,73.8,71.4,3481.5006715916725,550.8,1
2010,Fafe,688.1,114.6,319.0,52.5,66.7,3481.5006715916725,3835.3,0
2010,Faro,893.2,73.4,163.4,117.6,16.7,3481.5006715916725,3149.4,0
2010,Felgueiras,613.8,110.0,74.1,23.3,42.9,3481.5006715916725,3504.8,1
2010,Ferreira do Alentejo,127.2,142.9,50.0,47.1,66.7,3481.5006715916725,481.8,1
2010,Ferreira do Zêzere,58.7,33.3,80.0,25.0,200.0,3481.5006715916725,218.8,1
2010,Figueira da Foz,936.4,133.3,286.4,288.9,121.1,3481.5006715916725,3399.5,0
2010,Figueira de Castelo Rodrigo,52.6,911.898627596439,150.0,36.0,608.1002453557659,3481.5006715916725,210.3,1
2010,Figueiró dos Vinhos,62.3,911.898627596439,266.7,63.2,608.1002453557659,3481.5006715916725,374.4,2
2010,Fornos de Algodres,48.5,300.0,400.0,14.3,300.0,3481.5006715916725,245.8,1
2010,Freixo de Espada à Cinta,56.4,911.898627596439,33.3,23.1,33.3,3481.5006715916725,220.3,1
2010,Fronteira,51.1,200.0,200.0,1160.0324398797595,608.1002453557659,3481.5006715916725,194.4,1
2010,Fundão,379.0,633.3,340.0,106.3,360.0,3481.5006715916725,1593.5,1
2010,Gavião,44.9,911.898627596439,100.0,14.3,608.1002453557659,3481.5006715916725,203.7,1
2010,Golegã,55.3,450.0,996.7853123977756,87.5,300.0,3481.5006715916725,203.6,1
2010,Gouveia,156.3,466.7,130.0,97.0,450.0,3481.5006715916725,843.7,1
2010,Grândola,104.8,111.1,133.3,50.0,500.0,3481.5006715916725,378.7,1
2010,Guarda,519.6,1750.0,300.0,163.3,245.5,3481.5006715916725,2120.1,1
2010,Góis,29.3,200.0,50.0,33.3,608.1002453557659,3481.5006715916725,128.2,1
2010,Idanha-a-Nova,98.1,200.0,27.3,50.0,100.0,3481.5006715916725,385.8,1
2010,Lagoa,345.7,20.0,65.7,26.1,29.4,3481.5006715916725,1386.3,1
2010,Lagos,482.5,52.8,128.6,105.3,47.4,3481.5006715916725,1790.8,1
2010,Lamego,436.0,375.0,182.4,84.0,140.0,3481.5006715916725,1772.0,1
2010,Leiria,1158.3,100.0,136.0,110.4,89.8,3481.5006715916725,4490.2,0
2010,Loulé,1016.8,54.1,125.0,52.8,56.5,3481.5006715916725,3699.3,0
2010,Lourinhã,300.1,64.7,215.4,50.0,111.1,3481.5006715916725,1059.0,1
2010,Lousada,603.2,41.9,32.4,14.0,107.7,3481.5006715916725,2806.9,1
2010,Lousã,215.1,73.3,233.3,315.4,233.3,3481.5006715916725,762.5,1
2010,Macedo de Cavaleiros,166.6,1550.0,190.9,130.4,233.3,3481.5006715916725,814.3,1
2010,Mafra,738.9,33.3,56.8,56.7,44.7,3481.5006715916725,2583.8,1
2010,Maia,1872.2,68.9,192.8,209.9,50.8,3481.5006715916725,8468.8,0
2010,Mangualde,247.3,350.0,310.0,79.3,450.0,3481.5006715916725,1145.2,1
2010,Manteigas,37.6,911.898627596439,996.7853123977756,11.8,608.1002453557659,3481.5006715916725,212.0,2
2010,Marco de Canaveses,937.0,107.1,47.3,22.2,222.2,3481.5006715916725,3993.9,0
2010,Marinha Grande,436.9,54.3,118.5,120.0,115.4,3481.5006715916725,1835.8,1
2010,Marvão,22.8,100.0,120.0,18.2,608.1002453557659,3481.5006715916725,109.8,1
2010,Mação,32.2,911.898627596439,133.3,69.2,700.0,3481.5006715916725,130.2,2
2010,Mealhada,199.0,171.4,245.5,240.0,142.9,3481.5006715916725,746.8,1
2010,Melgaço,30.8,300.0,128.6,36.8,608.1002453557659,3481.5006715916725,112.3,1
2010,Mesão Frio,117.2,250.0,133.3,16.0,200.0,3481.5006715916725,464.6,1
2010,Mira,150.5,260.0,533.3,185.7,66.7,3481.5006715916725,587.8,1
2010,Miranda do Corvo,128.0,200.0,700.0,144.4,608.1002453557659,3481.5006715916725,481.8,1
2010,Miranda do Douro,71.1,1200.0,333.3,77.8,300.0,3481.5006715916725,250.4,1
2010,Mirandela,374.7,911.898627596439,225.0,128.0,100.0,3481.5006715916725,1507.6,1
2010,Mogadouro,85.3,911.898627596439,1500.0,95.5,300.0,3481.5006715916725,397.7,2
2010,Moimenta da Beira,138.4,1800.0,85.7,31.8,266.7,3481.5006715916725,564.3,2
2010,Moita,1031.4,58.6,82.8,113.8,83.3,3481.5006715916725,4197.8,0
2010,Monchique,47.1,175.0,50.0,33.3,608.1002453557659,3481.5006715916725,210.3,1
2010,Mondim de Basto,100.6,275.0,250.0,36.1,100.0,3481.5006715916725,455.3,1
2010,Monforte,53.3,911.898627596439,996.7853123977756,22.2,100.0,3481.5006715916725,181.5,1
2010,Montalegre,75.8,533.3,71.4,15.0,16.7,3481.5006715916725,368.0,1
2010,Montemor-o-Novo,130.9,66.7,90.0,88.0,37.5,3481.5006715916725,525.3,1
2010,Montemor-o-Velho,259.1,255.6,253.8,211.8,62.5,3481.5006715916725,1105.8,1
2010,Montijo,657.9,71.7,59.6,130.9,61.9,3481.5006715916725,2528.7,1
2010,Monção,153.4,250.0,420.0,61.1,300.0,3481.5006715916725,586.8,1
2010,Mora,36.8,133.3,133.3,27.8,100.0,3481.5006715916725,170.7,1
2010,Mortágua,52.1,1100.0,800.0,121.4,133.3,3481.5006715916725,228.9,2
2010,Moura,247.7,76.9,72.7,59.6,66.7,3481.5006715916725,1077.7,1
2010,Mourão,41.4,911.898627596439,57.1,8.3,100.0,3481.5006715916725,141.3,1
2010,Murtosa,120.3,64.3,66.7,44.0,400.0,3481.5006715916725,449.8,1
2010,Murça,67.4,200.0,250.0,57.1,100.0,3481.5006715916725,294.8,1
2010,Mértola,60.7,75.0,50.0,20.7,33.3,3481.5006715916725,271.6,1
2010,Mêda,37.2,150.0,250.0,26.7,608.1002453557659,3481.5006715916725,117.1,1
2010,Nazaré,202.8,200.0,242.9,57.1,80.0,3481.5006715916725,793.3,1
2010,Nelas,184.8,91.7,420.0,40.9,85.7,3481.5006715916725,757.8,1
2010,Nisa,64.2,50.0,133.3,45.0,608.1002453557659,3481.5006715916725,253.3,1
2010,Odemira,257.0,47.6,62.5,45.3,37.5,3481.5006715916725,1287.8,1
2010,Odivelas,1398.8,44.3,157.8,164.4,66.7,3481.5006715916725,5574.4,0
2010,Oeiras,1458.1,47.9,171.9,254.3,48.6,3481.5006715916725,6027.8,0
2010,Oleiros,16.3,600.0,20.0,36.4,33.3,3481.5006715916725,93.0,1
2010,Olhão,703.2,71.4,85.0,60.9,42.9,3481.5006715916725,2548.3,1
2010,Oliveira de Azeméis,603.3,40.7,90.0,46.0,60.0,3481.5006715916725,2828.3,1
2010,Oliveira de Frades,66.2,133.3,150.0,26.0,100.0,3481.5006715916725,298.0,1
2010,Oliveira do Bairro,238.2,105.9,143.8,56.7,60.0,3481.5006715916725,900.2,1
2010,Oliveira do Hospital,214.3,146.2,81.8,39.4,50.0,3481.5006715916725,873.1,1
2010,Ourique,72.5,125.0,33.3,16.7,150.0,3481.5006715916725,350.3,1
2010,Ourém,369.2,141.7,113.5,64.9,300.0,3481.5006715916725,1460.8,1
2010,Ovar,828.8,74.5,105.1,119.5,73.7,3481.5006715916725,3806.7,0
2010,Palmela,705.4,50.0,78.6,54.0,62.5,3481.5006715916725,2928.3,1
2010,Pampilhosa da Serra,14.2,911.898627596439,50.0,9.1,608.1002453557659,3481.5006715916725,91.5,1
2010,Paredes,1213.2,55.1,100.0,37.4,131.6,3481.5006715916725,5719.5,0
2010,Paredes de Coura,105.6,80.0,100.0,29.2,608.1002453557659,3481.5006715916725,437.3,1
2010,Paços de Ferreira,698.9,37.6,54.5,27.3,66.7,3481.5006715916725,3601.8,1
2010,Pedrógão Grande,34.8,66.7,150.0,44.4,608.1002453557659,3481.5006715916725,183.3,1
2010,Penacova,123.2,240.0,400.0,200.0,350.0,3481.5006715916725,526.7,1
2010,Penafiel,856.2,78.9,119.6,39.9,128.6,3481.5006715916725,3868.9,0
2010,Penalva do Castelo,101.9,133.3,160.0,34.5,608.1002453557659,3481.5006715916725,454.9,1
2010,Penamacor,34.5,500.0,996.7853123977756,38.5,200.0,3481.5006715916725,153.2,1
2010,Penedono,37.6,911.898627596439,133.3,14.3,50.0,3481.5006715916725,112.8,1
2010,Penela,35.2,300.0,800.0,83.3,200.0,3481.5006715916725,172.5,1
2010,Peniche,382.6,85.0,212.5,127.1,90.9,3481.5006715916725,1518.3,1
2010,Peso da Régua,282.0,275.0,115.8,95.7,30.0,3481.5006715916725,1143.9,1
2010,Pinhel,84.3,911.898627596439,85.7,125.0,1200.0,3481.5006715916725,400.8,2
2010,Pombal,397.6,70.8,100.0,72.8,87.5,3481.5006715916725,1665.9,1
2010,Ponte da Barca,147.3,108.3,157.1,83.3,150.0,3481.5006715916725,567.4,1
2010,Ponte de Lima,464.2,80.4,341.7,80.0,228.6,3481.5006715916725,1932.8,1
2010,Ponte de Sor,253.9,140.0,66.7,81.0,87.5,3481.5006715916725,1344.7,1
2010,Portalegre,357.2,185.7,136.8,132.7,100.0,3481.5006715916725,1243.5,1
2010,Portel,84.1,175.0,14.3,46.2,75.0,3481.5006715916725,401.7,1
2010,Portimão,1058.8,41.1,87.3,104.4,50.0,3481.5006715916725,4035.9,0
2010,Porto de Mós,217.7,133.3,82.4,50.0,220.0,3481.5006715916725,869.8,1
2010,Proença-a-Nova,53.8,300.0,300.0,60.0,300.0,3481.5006715916725,258.1,1
2010,Póvoa de Lanhoso,262.8,95.7,300.0,70.0,100.0,3481.5006715916725,1178.0,1
2010,Póvoa de Varzim,1012.8,104.5,220.0,74.7,32.6,3481.5006715916725,4313.8,0
2010,Redondo,101.5,175.0,37.5,18.8,100.0,3481.5006715916725,404.6,1
2010,Reguengos de Monsaraz,155.9,160.0,220.0,44.4,600.0,3481.5006715916725,660.8,1
2010,Resende,179.4,188.9,88.9,18.6,100.0,3481.5006715916725,777.0,1
2010,Ribeira de Pena,74.3,566.7,75.0,26.9,608.1002453557659,3481.5006715916725,398.8,1
2010,Rio Maior,165.4,52.2,118.8,44.3,133.3,3481.5006715916725,693.1,1
2010,Sabrosa,74.3,600.0,50.0,26.3,608.1002453557659,3481.5006715916725,336.8,1
2010,Sabugal,85.0,450.0,162.5,90.0,608.1002453557659,3481.5006715916725,344.9,1
2010,Salvaterra de Magos,320.6,170.0,50.0,33.3,100.0,3481.5006715916725,1581.9,1
2010,Santa Comba Dão,89.1,750.0,350.0,65.0,100.0,3481.5006715916725,450.9,1
2010,Santa Maria da Feira,1843.4,31.2,94.3,75.9,147.4,3481.5006715916725,9609.1,0
2010,Santa Marta de Penaguião,112.3,1500.0,250.0,140.0,608.1002453557659,3481.5006715916725,487.8,2
2010,Santarém,585.0,86.8,104.3,107.9,81.0,3481.5006715916725,2220.9,1
2010,Santiago do Cacém,267.0,129.4,205.6,144.2,62.5,3481.5006715916725,1109.8,1
2010,Santo Tirso,1133.1,35.5,166.0,56.0,163.2,3481.5006715916725,7090.0,0
2010,Sardoal,46.3,911.898627596439,100.0,36.8,608.1002453557659,3481.5006715916725,196.8,1
2010,Seia,285.1,360.0,166.7,96.4,150.0,3481.5006715916725,1650.3,1
2010,Seixal,1889.8,68.5,129.1,201.9,30.4,3481.5006715916725,7362.6,0
2010,Sernancelhe,41.5,600.0,150.0,21.4,200.0,3481.5006715916725,218.8,1
2010,Serpa,182.7,160.0,133.3,30.0,133.3,3481.5006715916725,909.3,1
2010,Sertã,145.1,450.0,100.0,33.3,200.0,3481.5006715916725,584.6,1
2010,Sesimbra,502.0,62.5,93.6,115.8,140.0,3481.5006715916725,1832.1,1
2010,Setúbal,1725.0,96.2,281.8,197.2,44.4,3481.5006715916725,6851.6,0
2010,Sever do Vouga,80.6,200.0,100.0,30.8,608.1002453557659,3481.5006715916725,474.6,1
2010,Silves,533.6,36.6,71.1,56.1,25.0,3481.5006715916725,2017.8,1
2010,Sines,185.3,93.3,65.0,60.6,35.7,3481.5006715916725,672.8,1
2010,Sobral de Monte Agraço,84.4,12.5,70.0,112.5,608.1002453557659,3481.5006715916725,346.2,1
2010,Soure,166.8,127.3,200.0,122.9,125.0,3481.5006715916725,716.2,1
2010,Sousel,62.2,50.0,75.0,17.6,608.1002453557659,3481.5006715916725,217.2,1
2010,Sátão,155.0,166.7,266.7,47.2,608.1002453557659,3481.5006715916725,650.7,1
2010,São Brás de Alportel,78.8,150.0,50.0,43.2,75.0,3481.5006715916725,316.5,1
2010,São João da Madeira,281.6,54.5,104.0,63.1,228.6,3481.5006715916725,1249.3,1
2010,São João da Pesqueira,71.0,200.0,120.0,35.3,608.1002453557659,3481.5006715916725,280.8,1
2010,São Pedro do Sul,146.7,111.1,300.0,52.5,80.0,3481.5006715916725,665.4,1
2010,Tabuaço,74.0,225.0,150.0,3.1,608.1002453557659,3481.5006715916725,379.9,1
2010,Tarouca,101.1,1400.0,157.1,41.2,500.0,3481.5006715916725,486.5,2
2010,Tavira,293.9,58.8,166.7,98.1,62.5,3481.5006715916725,1146.1,1
2010,Terras de Bouro,87.5,71.4,50.0,7.1,50.0,3481.5006715916725,420.3,1
2010,Tomar,457.3,102.5,160.7,144.6,200.0,3481.5006715916725,1830.3,1
2010,Tondela,175.3,262.5,833.3,111.9,1000.0,3481.5006715916725,897.3,2
2010,Torre de Moncorvo,97.9,911.898627596439,700.0,105.9,600.0,3481.5006715916725,523.3,2
2010,Torres Novas,310.4,100.0,163.2,94.4,150.0,3481.5006715916725,1231.3,1
2010,Torres Vedras,853.2,42.2,146.3,91.5,57.5,3481.5006715916725,3072.3,1
2010,Trancoso,55.7,750.0,46.7,50.0,100.0,3481.5006715916725,224.9,1
2010,Trofa,663.6,48.9,132.1,64.1,133.3,3481.5006715916725,3747.8,1
2010,Tábua,92.7,77.8,90.0,33.3,200.0,3481.5006715916725,487.4,1
2010,Vagos,228.2,360.0,340.0,73.7,200.0,3481.5006715916725,844.8,1
2010,Vale de Cambra,225.5,135.7,82.4,72.1,550.0,3481.5006715916725,774.1,1
2010,Valença,156.0,108.3,150.0,100.0,100.0,3481.5006715916725,646.1,1
2010,Valongo,1786.2,62.0,146.3,164.1,81.1,3481.5006715916725,7751.2,0
2010,Valpaços,187.9,383.3,466.7,41.7,50.0,3481.5006715916725,927.2,1
2010,Vendas Novas,117.1,142.9,100.0,81.6,100.0,3481.5006715916725,386.3,1
2010,Viana do Alentejo,57.3,600.0,350.0,46.2,100.0,3481.5006715916725,213.8,1
2010,Viana do Castelo,1118.0,161.3,254.0,107.7,109.4,3481.5006715916725,4627.8,0
2010,Vidigueira,73.2,30.0,700.0,140.0,200.0,3481.5006715916725,284.1,1
2010,Vieira do Minho,219.7,187.5,142.9,41.5,50.0,3481.5006715916725,952.5,1
2010,Vila Flor,70.4,350.0,125.0,47.1,100.0,3481.5006715916725,342.8,1
2010,Vila Franca de Xira,1787.0,39.3,66.2,108.3,44.2,3481.5006715916725,6575.8,0
2010,Vila Nova da Barquinha,71.8,125.0,150.0,107.1,300.0,3481.5006715916725,241.2,1
2010,Vila Nova de Cerveira,80.6,340.0,225.0,33.3,100.0,3481.5006715916725,370.3,1
2010,Vila Nova de Famalicão,1659.9,74.1,100.0,46.3,54.8,3481.5006715916725,9099.8,0
2010,Vila Nova de Foz Côa,81.4,911.898627596439,40.0,84.6,66.7,3481.5006715916725,288.4,1
2010,Vila Nova de Paiva,82.6,166.7,400.0,31.3,608.1002453557659,3481.5006715916725,358.4,1
2010,Vila Nova de Poiares,72.8,300.0,116.7,130.0,100.0,3481.5006715916725,281.8,1
2010,Vila Pouca de Aguiar,164.3,2400.0,500.0,72.0,200.0,3481.5006715916725,759.3,2
2010,Vila Real,768.0,620.0,195.2,130.6,200.0,3481.5006715916725,2882.0,1
2010,Vila Real de Santo António,317.9,43.8,135.7,54.7,150.0,3481.5006715916725,1208.0,1
2010,Vila Velha de Ródão,16.5,911.898627596439,300.0,33.3,608.1002453557659,3481.5006715916725,81.9,2
2010,Vila Verde,589.3,118.9,221.7,56.8,157.1,3481.5006715916725,2248.9,1
2010,Vila Viçosa,98.4,150.0,300.0,53.3,40.0,3481.5006715916725,357.0,1
2010,Vila de Rei,26.3,911.898627596439,66.7,16.7,608.1002453557659,3481.5006715916725,101.8,1
2010,Vila do Bispo,41.3,33.3,33.3,25.0,608.1002453557659,3481.5006715916725,174.8,1
2010,Vila do Conde,1218.3,59.3,283.9,103.1,152.6,3481.5006715916725,5704.8,0
2010,Vimioso,50.3,911.898627596439,150.0,42.9,608.1002453557659,3481.5006715916725,178.5,1
2010,Vinhais,89.3,1000.0,500.0,13.3,608.1002453557659,3481.5006715916725,392.9,2
2010,Viseu,1546.3,318.6,274.5,147.7,169.6,3481.5006715916725,5390.9,0
2010,Vizela,312.1,28.9,80.8,45.6,20.0,3481.5006715916725,2011.7,1
2010,Vouzela,54.6,125.0,66.7,39.4,400.0,3481.5006715916725,322.7,1
2010,Águeda,477.2,142.3,60.9,117.1,47.1,3481.5006715916725,2146.8,1
2010,Évora,814.0,189.7,206.7,141.2,89.3,3481.5006715916725,2655.1,1
2010,Ílhavo,553.4,285.7,247.1,172.7,136.4,3481.5006715916725,2044.6,1
2010,Óbidos,98.3,60.0,162.5,26.3,225.0,3481.5006715916725,497.5,1
2011,Abrantes,581.1,261.5,253.3,182.5,250.0,3481.5006715916725,2284.0,1
2011,Aguiar da Beira,42.5,600.0,300.0,18.2,608.1002453557659,3481.5006715916725,174.8,1
2011,Alandroal,63.3,50.0,125.0,46.2,200.0,3481.5006715916725,300.0,1
2011,Albergaria-a-Velha,241.7,227.3,169.2,90.4,150.0,3481.5006715916725,1113.5,1
2011,Albufeira,742.3,54.8,83.3,43.3,43.5,3481.5006715916725,2829.3,1
2011,Alcanena,124.3,133.3,450.0,133.3,700.0,3481.5006715916725,496.8,1
2011,Alcobaça,536.7,60.7,230.8,78.7,122.7,3481.5006715916725,2579.6,1
2011,Alcochete,181.4,35.0,84.6,76.3,66.7,3481.5006715916725,734.3,1
2011,Alcoutim,17.3,911.898627596439,16.7,5.3,608.1002453557659,3481.5006715916725,57.4,1
2011,Alcácer do Sal,98.9,200.0,60.0,45.2,50.0,3481.5006715916725,408.5,1
2011,Alenquer,480.4,69.0,82.4,120.0,77.8,3481.5006715916725,1898.9,1
2011,Alfândega da Fé,49.0,911.898627596439,150.0,33.3,608.1002453557659,3481.5006715916725,274.0,1
2011,Alijó,159.4,466.7,300.0,58.6,608.1002453557659,3481.5006715916725,647.7,1
2011,Aljezur,55.3,80.0,14.3,50.0,100.0,3481.5006715916725,223.9,1
2011,Aljustrel,71.3,166.7,225.0,45.5,66.7,3481.5006715916725,325.5,1
2011,Almeida,33.3,911.898627596439,350.0,93.3,400.0,3481.5006715916725,165.8,1
2011,Almeirim,266.2,60.0,94.4,108.1,125.0,3481.5006715916725,1100.8,1
2011,Almodôvar,69.5,175.0,250.0,33.3,133.3,3481.5006715916725,429.0,1
2011,Alpiarça,75.9,911.898627596439,75.0,50.0,200.0,3481.5006715916725,353.8,1
2011,Alter do Chão,46.4,100.0,400.0,46.2,200.0,3481.5006715916725,152.7,1
2011,Alvaiázere,52.0,911.898627596439,55.6,72.7,200.0,3481.5006715916725,232.0,1
2011,Alvito,22.9,25.0,20.0,1160.0324398797595,300.0,3481.5006715916725,73.5,1
2011,Amarante,883.9,203.6,148.6,37.7,114.3,3481.5006715916725,4274.9,0
2011,Amares,253.8,342.9,283.3,80.6,800.0,3481.5006715916725,1118.6,1
2011,Anadia,218.0,320.0,381.8,183.3,75.0,3481.5006715916725,1017.7,1
2011,Ansião,100.0,450.0,118.2,76.9,100.0,3481.5006715916725,541.7,1
2011,Arcos de Valdevez,196.9,137.5,333.3,78.1,12.5,3481.5006715916725,900.5,1
2011,Arganil,92.7,233.3,100.0,60.0,300.0,3481.5006715916725,453.1,1
2011,Armamar,64.2,150.0,125.0,42.9,608.1002453557659,3481.5006715916725,327.1,1
2011,Arouca,146.1,75.0,81.0,40.0,233.3,3481.5006715916725,659.3,1
2011,Arraiolos,58.8,600.0,300.0,50.0,200.0,3481.5006715916725,258.5,1
2011,Arronches,30.0,300.0,150.0,14.3,100.0,3481.5006715916725,110.5,1
2011,Arruda dos Vinhos,103.1,33.3,110.0,38.9,60.0,3481.5006715916725,400.1,1
2011,Aveiro,1050.3,158.2,233.3,157.1,90.9,3481.5006715916725,3803.2,0
2011,Avis,42.3,911.898627596439,100.0,100.0,608.1002453557659,3481.5006715916725,209.1,1
2011,Azambuja,248.1,125.0,58.8,47.6,11.8,3481.5006715916725,916.6,1
2011,Baião,378.5,212.5,48.1,10.1,71.4,3481.5006715916725,1823.5,1
2011,Barcelos,1032.7,115.0,177.6,63.2,157.1,3481.5006715916725,5556.8,0
2011,Barrancos,26.3,911.898627596439,996.7853123977756,12.5,100.0,3481.5006715916725,140.5,1
2011,Barreiro,1005.4,61.6,133.9,247.9,78.8,3481.5006715916725,4361.4,0
2011,Batalha,113.8,83.3,146.2,50.0,85.7,3481.5006715916725,492.0,1
2011,Beja,463.5,135.5,208.3,138.6,113.3,3481.5006715916725,1513.8,1
2011,Belmonte,90.1,1100.0,996.7853123977756,216.7,600.0,3481.5006715916725,412.7,2
2011,Benavente,355.8,73.1,61.5,53.6,109.1,3481.5006715916725,1530.8,1
2011,Bombarral,133.8,260.0,240.0,127.8,233.3,3481.5006715916725,575.0,1
2011,Borba,75.3,600.0,400.0,112.5,300.0,3481.5006715916725,305.1,1
2011,Boticas,57.1,911.898627596439,233.3,50.0,608.1002453557659,3481.5006715916725,286.3,2
2011,Bragança,511.7,1440.0,471.4,257.6,143.8,3481.5006715916725,1715.1,1
2011,Cabeceiras de Basto,314.5,475.0,91.7,15.6,100.0,3481.5006715916725,1332.1,1
2011,Cadaval,111.7,56.3,200.0,60.7,200.0,3481.5006715916725,511.9,1
2011,Caldas da Rainha,669.3,108.9,106.3,112.3,177.8,3481.5006715916725,2740.8,1
2011,Caminha,185.3,162.5,250.0,84.8,85.7,3481.5006715916725,729.9,1
2011,Campo Maior,122.6,200.0,114.3,22.6,608.1002453557659,3481.5006715916725,426.4,1
2011,Cantanhede,324.1,321.4,300.0,151.9,154.5,3481.5006715916725,1243.8,1
2011,Carrazeda de Ansiães,80.3,911.898627596439,900.0,50.0,66.7,3481.5006715916725,293.8,1
2011,Carregal do Sal,79.3,600.0,250.0,118.2,608.1002453557659,3481.5006715916725,380.3,1
2011,Cartaxo,266.9,150.0,117.6,154.5,45.5,3481.5006715916725,1024.4,1
2011,Cascais,1935.2,44.1,165.9,172.7,71.2,3481.5006715916725,8948.3,0
2011,Castanheira de Pêra,30.8,100.0,33.3,20.0,608.1002453557659,3481.5006715916725,173.9,1
2011,Castelo Branco,632.5,754.5,290.9,189.3,422.2,3481.5006715916725,2679.3,1
2011,Castelo de Paiva,238.3,75.0,20.7,12.5,42.9,3481.5006715916725,1426.1,1
2011,Castelo de Vide,31.8,300.0,996.7853123977756,66.7,100.0,3481.5006715916725,101.8,1
2011,Castro Daire,114.8,575.0,700.0,42.5,700.0,3481.5006715916725,556.0,2
2011,Castro Marim,70.9,133.3,33.3,60.0,100.0,3481.5006715916725,316.5,1
2011,Castro Verde,61.1,33.3,75.0,38.5,300.0,3481.5006715916725,316.2,1
2011,Celorico da Beira,89.6,911.898627596439,996.7853123977756,30.8,450.0,3481.5006715916725,326.2,2
2011,Celorico de Basto,295.5,166.7,88.2,17.2,608.1002453557659,3481.5006715916725,1397.9,1
2011,Chamusca,88.2,80.0,166.7,166.7,608.1002453557659,3481.5006715916725,418.7,1
2011,Chaves,645.3,1044.4,476.9,135.0,107.7,3481.5006715916725,2565.8,1
2011,Cinfães,364.9,72.4,43.8,16.1,150.0,3481.5006715916725,1620.8,1
2011,Coimbra,1813.2,138.2,170.3,228.9,79.3,3481.5006715916725,6249.1,0
2011,Condeixa-a-Nova,150.1,183.3,337.5,350.0,140.0,3481.5006715916725,582.2,1
2011,Constância,59.6,233.3,100.0,54.5,608.1002453557659,3481.5006715916725,191.0,1
2011,Coruche,190.6,120.0,69.2,141.7,650.0,3481.5006715916725,1026.3,1
2011,Covilhã,680.1,757.1,143.8,143.8,300.0,3481.5006715916725,3315.5,1
2011,Crato,38.4,300.0,996.7853123977756,42.9,100.0,3481.5006715916725,178.0,1
2011,Cuba,42.4,911.898627596439,500.0,83.3,50.0,3481.5006715916725,217.2,1
2011,Elvas,405.8,146.2,181.3,80.6,112.5,3481.5006715916725,1410.7,1
2011,Entroncamento,250.8,123.5,227.3,206.7,66.7,3481.5006715916725,731.3,1
2011,Espinho,684.4,100.0,257.9,135.2,280.0,3481.5006715916725,3308.5,1
2011,Esposende,315.8,472.7,410.0,96.4,185.7,3481.5006715916725,1438.9,1
2011,Estarreja,266.8,93.8,147.1,116.0,77.8,3481.5006715916725,1208.3,1
2011,Estremoz,158.3,66.7,117.6,91.4,50.0,3481.5006715916725,573.2,1
2011,Fafe,687.8,204.2,435.7,67.8,76.0,3481.5006715916725,3772.7,0
2011,Faro,897.7,79.7,215.2,160.7,25.7,3481.5006715916725,3412.8,0
2011,Felgueiras,494.3,162.1,121.6,27.6,42.9,3481.5006715916725,2847.8,1
2011,Ferreira do Alentejo,107.3,112.5,996.7853123977756,42.1,150.0,3481.5006715916725,456.7,1
2011,Ferreira do Zêzere,53.3,33.3,100.0,25.9,300.0,3481.5006715916725,222.2,1
2011,Figueira da Foz,828.6,196.7,296.0,395.8,180.0,3481.5006715916725,3272.8,0
2011,Figueira de Castelo Rodrigo,48.8,911.898627596439,100.0,66.7,608.1002453557659,3481.5006715916725,192.7,1
2011,Figueiró dos Vinhos,66.6,911.898627596439,200.0,86.7,100.0,3481.5006715916725,370.6,1
2011,Fornos de Algodres,45.2,911.898627596439,150.0,21.4,608.1002453557659,3481.5006715916725,240.7,1
2011,Freixo de Espada à Cinta,56.8,911.898627596439,60.0,41.7,66.7,3481.5006715916725,241.1,1
2011,Fronteira,54.3,911.898627596439,125.0,1160.0324398797595,608.1002453557659,3481.5006715916725,189.7,2
2011,Fundão,336.4,1333.3,253.8,117.4,800.0,3481.5006715916725,1537.7,2
2011,Gavião,43.8,911.898627596439,100.0,33.3,608.1002453557659,3481.5006715916725,204.2,1
2011,Golegã,55.4,911.898627596439,450.0,128.6,500.0,3481.5006715916725,196.3,2
2011,Gouveia,162.3,1200.0,350.0,126.9,1200.0,3481.5006715916725,801.0,2
2011,Grândola,91.1,100.0,400.0,69.0,250.0,3481.5006715916725,338.7,1
2011,Guarda,574.8,727.3,260.0,183.8,366.7,3481.5006715916725,2331.6,1
2011,Góis,29.5,911.898627596439,60.0,57.1,50.0,3481.5006715916725,124.3,1
2011,Idanha-a-Nova,74.5,140.0,80.0,50.0,133.3,3481.5006715916725,353.6,1
2011,Lagoa,310.5,36.0,82.1,54.9,23.1,3481.5006715916725,1361.8,1
2011,Lagos,437.1,86.4,154.5,116.9,50.0,3481.5006715916725,1921.4,1
2011,Lamego,527.6,555.6,170.6,100.0,185.7,3481.5006715916725,2101.2,1
2011,Leiria,1218.9,135.5,164.7,116.7,106.3,3481.5006715916725,4737.2,0
2011,Loulé,885.9,67.7,117.6,65.6,85.7,3481.5006715916725,3625.8,0
2011,Lourinhã,258.1,90.9,138.9,80.0,111.1,3481.5006715916725,993.5,1
2011,Lousada,532.9,65.2,48.1,19.9,146.2,3481.5006715916725,2705.5,1
2011,Lousã,223.3,220.0,342.9,400.0,333.3,3481.5006715916725,823.9,1
2011,Macedo de Cavaleiros,193.8,3000.0,191.7,138.1,500.0,3481.5006715916725,817.8,2
2011,Mafra,625.1,36.4,62.8,54.1,48.8,3481.5006715916725,2475.8,1
2011,Maia,1786.6,89.5,160.4,222.9,61.5,3481.5006715916725,8335.4,0
2011,Mangualde,212.6,800.0,966.7,211.5,1100.0,3481.5006715916725,1035.8,2
2011,Manteigas,33.4,911.898627596439,996.7853123977756,20.0,608.1002453557659,3481.5006715916725,190.9,2
2011,Marco de Canaveses,841.5,261.1,65.5,22.6,387.5,3481.5006715916725,3833.3,0
2011,Marinha Grande,435.9,60.6,136.4,132.3,225.0,3481.5006715916725,1807.5,1
2011,Marvão,18.1,911.898627596439,125.0,18.2,608.1002453557659,3481.5006715916725,91.8,1
2011,Mação,44.6,911.898627596439,500.0,75.0,400.0,3481.5006715916725,184.8,1
2011,Mealhada,182.1,300.0,483.3,292.9,110.0,3481.5006715916725,699.8,1
2011,Melgaço,50.1,500.0,180.0,61.5,608.1002453557659,3481.5006715916725,165.7,1
2011,Mesão Frio,108.7,250.0,80.0,35.7,608.1002453557659,3481.5006715916725,434.7,1
2011,Mira,122.8,566.7,533.3,147.4,75.0,3481.5006715916725,500.3,1
2011,Miranda do Corvo,128.4,200.0,244.4,184.6,608.1002453557659,3481.5006715916725,482.9,1
2011,Miranda do Douro,83.7,911.898627596439,550.0,166.7,608.1002453557659,3481.5006715916725,273.4,2
2011,Mirandela,357.3,911.898627596439,355.6,125.5,166.7,3481.5006715916725,1523.0,1
2011,Mogadouro,75.4,911.898627596439,228.6,105.3,400.0,3481.5006715916725,376.9,1
2011,Moimenta da Beira,121.9,911.898627596439,333.3,43.6,366.7,3481.5006715916725,535.9,1
2011,Moita,957.0,81.0,107.5,177.3,127.3,3481.5006715916725,4098.6,0
2011,Monchique,51.8,400.0,100.0,40.0,608.1002453557659,3481.5006715916725,262.2,1
2011,Mondim de Basto,92.3,500.0,150.0,63.6,100.0,3481.5006715916725,438.1,1
2011,Monforte,57.9,71.4,996.7853123977756,14.3,50.0,3481.5006715916725,181.2,1
2011,Montalegre,81.8,666.7,83.3,24.1,100.0,3481.5006715916725,376.8,1
2011,Montemor-o-Novo,121.1,900.0,100.0,115.0,75.0,3481.5006715916725,478.3,1
2011,Montemor-o-Velho,255.3,625.0,411.1,231.3,100.0,3481.5006715916725,1085.0,1
2011,Montijo,675.2,46.9,64.3,142.9,75.0,3481.5006715916725,2652.3,1
2011,Monção,121.9,675.0,2200.0,95.5,700.0,3481.5006715916725,501.7,2
2011,Mora,39.3,133.3,100.0,63.6,200.0,3481.5006715916725,194.9,1
2011,Mortágua,48.4,1500.0,550.0,160.0,133.3,3481.5006715916725,213.5,2
2011,Moura,268.1,80.0,85.7,78.6,57.1,3481.5006715916725,1088.1,1
2011,Mourão,52.3,911.898627596439,50.0,10.0,50.0,3481.5006715916725,165.7,1
2011,Murtosa,99.3,37.5,107.7,50.0,200.0,3481.5006715916725,402.0,1
2011,Murça,62.9,550.0,266.7,53.3,608.1002453557659,3481.5006715916725,280.8,1
2011,Mértola,50.8,50.0,40.0,31.0,100.0,3481.5006715916725,266.6,1
2011,Mêda,35.0,911.898627596439,133.3,33.3,200.0,3481.5006715916725,106.5,1
2011,Nazaré,221.2,260.0,180.0,48.4,133.3,3481.5006715916725,828.0,1
2011,Nelas,134.6,400.0,733.3,71.9,112.5,3481.5006715916725,610.6,1
2011,Nisa,61.7,911.898627596439,500.0,42.9,608.1002453557659,3481.5006715916725,270.7,2
2011,Odemira,272.9,66.7,57.1,45.2,36.8,3481.5006715916725,1248.7,1
2011,Odivelas,1451.0,50.0,120.5,198.4,52.3,3481.5006715916725,5923.4,0
2011,Oeiras,1381.6,54.8,153.7,258.6,66.0,3481.5006715916725,6199.6,0
2011,Oleiros,15.5,911.898627596439,100.0,60.0,200.0,3481.5006715916725,85.1,1
2011,Olhão,676.4,109.7,117.2,91.8,41.7,3481.5006715916725,2594.3,1
2011,Oliveira de Azeméis,519.3,69.0,91.7,62.4,90.9,3481.5006715916725,2543.7,1
2011,Oliveira de Frades,64.3,275.0,250.0,56.3,200.0,3481.5006715916725,306.7,1
2011,Oliveira do Bairro,234.8,150.0,153.8,102.3,125.0,3481.5006715916725,886.3,1
2011,Oliveira do Hospital,220.1,475.0,69.6,40.3,100.0,3481.5006715916725,844.7,1
2011,Ourique,74.0,911.898627596439,25.0,23.1,300.0,3481.5006715916725,326.8,1
2011,Ourém,324.0,146.2,120.0,50.9,525.0,3481.5006715916725,1405.7,1
2011,Ovar,685.3,143.8,152.4,107.8,128.6,3481.5006715916725,3525.3,1
2011,Palmela,630.8,42.5,78.3,89.4,61.3,3481.5006715916725,2705.2,1
2011,Pampilhosa da Serra,22.1,100.0,50.0,33.3,608.1002453557659,3481.5006715916725,120.2,1
2011,Paredes,1237.8,72.0,95.3,45.1,128.0,3481.5006715916725,5954.8,0
2011,Paredes de Coura,83.8,88.9,150.0,33.3,66.7,3481.5006715916725,398.6,1
2011,Paços de Ferreira,643.7,53.1,78.3,38.8,100.0,3481.5006715916725,3635.4,1
2011,Pedrógão Grande,33.1,911.898627596439,996.7853123977756,100.0,608.1002453557659,3481.5006715916725,189.9,2
2011,Penacova,115.8,650.0,375.0,263.6,600.0,3481.5006715916725,494.2,1
2011,Penafiel,903.8,123.1,181.6,50.6,150.0,3481.5006715916725,4112.4,0
2011,Penalva do Castelo,80.8,200.0,900.0,90.5,608.1002453557659,3481.5006715916725,369.8,1
2011,Penamacor,31.9,911.898627596439,996.7853123977756,61.5,608.1002453557659,3481.5006715916725,144.1,2
2011,Penedono,28.2,500.0,500.0,22.2,100.0,3481.5006715916725,95.2,1
2011,Penela,39.1,500.0,900.0,150.0,300.0,3481.5006715916725,175.1,1
2011,Peniche,373.6,116.7,163.2,121.2,109.1,3481.5006715916725,1459.6,1
2011,Peso da Régua,270.0,766.7,141.2,135.5,66.7,3481.5006715916725,1110.1,1
2011,Pinhel,78.3,911.898627596439,50.0,187.5,1300.0,3481.5006715916725,356.8,2
2011,Pombal,355.9,122.6,106.5,77.3,106.3,3481.5006715916725,1636.5,1
2011,Ponte da Barca,145.9,375.0,450.0,126.7,25.0,3481.5006715916725,581.7,1
2011,Ponte de Lima,429.3,100.0,400.0,100.0,154.5,3481.5006715916725,1969.3,1
2011,Ponte de Sor,234.3,600.0,177.8,87.2,71.4,3481.5006715916725,1309.8,1
2011,Portalegre,353.3,700.0,158.3,141.1,110.0,3481.5006715916725,1217.6,1
2011,Portel,77.7,150.0,16.7,112.5,66.7,3481.5006715916725,347.5,1
2011,Portimão,952.1,45.3,87.7,102.1,65.2,3481.5006715916725,3828.7,0
2011,Porto de Mós,218.8,150.0,82.4,45.6,233.3,3481.5006715916725,902.1,1
2011,Proença-a-Nova,57.9,500.0,400.0,71.4,608.1002453557659,3481.5006715916725,244.5,1
2011,Póvoa de Lanhoso,228.5,137.5,580.0,97.3,200.0,3481.5006715916725,1090.6,1
2011,Póvoa de Varzim,861.0,119.6,226.2,80.1,54.3,3481.5006715916725,3941.2,0
2011,Redondo,81.8,911.898627596439,57.1,42.9,85.7,3481.5006715916725,324.8,1
2011,Reguengos de Monsaraz,138.8,128.6,233.3,45.7,800.0,3481.5006715916725,554.6,1
2011,Resende,180.8,600.0,160.0,25.5,75.0,3481.5006715916725,810.6,1
2011,Ribeira de Pena,81.5,1400.0,50.0,31.8,608.1002453557659,3481.5006715916725,412.1,2
2011,Rio Maior,194.0,82.4,135.7,63.8,122.2,3481.5006715916725,760.5,1
2011,Sabrosa,77.8,1000.0,75.0,41.2,608.1002453557659,3481.5006715916725,331.4,1
2011,Sabugal,80.1,911.898627596439,200.0,116.7,608.1002453557659,3481.5006715916725,318.8,2
2011,Salvaterra de Magos,294.8,200.0,60.0,60.5,166.7,3481.5006715916725,1497.8,1
2011,Santa Comba Dão,80.3,911.898627596439,1300.0,90.0,250.0,3481.5006715916725,406.8,2
2011,Santa Maria da Feira,1625.0,38.4,118.4,95.7,193.9,3481.5006715916725,8776.5,0
2011,Santa Marta de Penaguião,100.4,1600.0,700.0,225.0,608.1002453557659,3481.5006715916725,466.3,2
2011,Santarém,648.3,137.8,126.3,141.4,105.0,3481.5006715916725,2439.3,1
2011,Santiago do Cacém,244.8,220.0,123.3,180.0,77.8,3481.5006715916725,969.8,1
2011,Santo Tirso,1053.0,44.0,158.0,65.1,225.0,3481.5006715916725,6661.8,0
2011,Sardoal,50.8,911.898627596439,500.0,72.7,608.1002453557659,3481.5006715916725,201.3,2
2011,Seia,269.1,1800.0,183.3,188.2,233.3,3481.5006715916725,1458.8,2
2011,Seixal,1728.8,71.5,133.9,207.5,39.5,3481.5006715916725,7287.1,0
2011,Sernancelhe,44.3,500.0,100.0,33.3,500.0,3481.5006715916725,219.0,1
2011,Serpa,189.7,50.0,162.5,38.5,350.0,3481.5006715916725,920.7,1
2011,Sertã,129.2,600.0,120.0,46.7,125.0,3481.5006715916725,622.3,1
2011,Sesimbra,513.3,82.9,97.8,126.2,125.0,3481.5006715916725,1983.4,1
2011,Setúbal,1510.4,99.1,269.1,195.3,60.0,3481.5006715916725,6258.0,0
2011,Sever do Vouga,88.6,750.0,116.7,47.8,608.1002453557659,3481.5006715916725,479.0,1
2011,Silves,436.7,56.8,93.1,67.0,69.2,3481.5006715916725,1796.5,1
2011,Sines,168.1,107.7,260.0,72.4,30.8,3481.5006715916725,613.1,1
2011,Sobral de Monte Agraço,72.4,22.2,60.0,111.1,40.0,3481.5006715916725,330.3,1
2011,Soure,147.9,566.7,271.4,181.8,100.0,3481.5006715916725,696.8,1
2011,Sousel,45.8,100.0,150.0,45.5,100.0,3481.5006715916725,173.9,1
2011,Sátão,124.3,911.898627596439,1300.0,115.0,608.1002453557659,3481.5006715916725,583.3,2
2011,São Brás de Alportel,87.2,100.0,100.0,93.8,133.3,3481.5006715916725,370.1,1
2011,São João da Madeira,227.8,70.4,96.2,80.2,177.8,3481.5006715916725,1069.7,1
2011,São João da Pesqueira,67.2,200.0,100.0,41.2,608.1002453557659,3481.5006715916725,297.1,1
2011,São Pedro do Sul,155.2,333.3,1050.0,64.7,275.0,3481.5006715916725,672.0,1
2011,Tabuaço,77.9,1100.0,120.0,4.5,608.1002453557659,3481.5006715916725,377.3,2
2011,Tarouca,97.8,1600.0,260.0,50.0,350.0,3481.5006715916725,499.7,2
2011,Tavira,302.3,137.5,314.3,129.3,45.5,3481.5006715916725,1200.9,1
2011,Terras de Bouro,91.3,66.7,66.7,8.0,66.7,3481.5006715916725,423.0,1
2011,Tomar,428.5,148.3,445.5,150.6,250.0,3481.5006715916725,1790.4,1
2011,Tondela,162.4,911.898627596439,483.3,193.9,1700.0,3481.5006715916725,861.7,2
2011,Torre de Moncorvo,84.8,911.898627596439,1300.0,117.6,500.0,3481.5006715916725,471.8,2
2011,Torres Novas,349.6,172.2,291.7,150.0,200.0,3481.5006715916725,1371.3,1
2011,Torres Vedras,761.3,51.6,112.7,86.8,61.9,3481.5006715916725,3050.3,1
2011,Trancoso,56.3,850.0,133.3,59.1,608.1002453557659,3481.5006715916725,202.5,1
2011,Trofa,583.8,44.4,138.5,82.9,155.6,3481.5006715916725,3556.0,1
2011,Tábua,94.0,160.0,180.0,56.3,200.0,3481.5006715916725,517.0,1
2011,Vagos,213.9,340.0,233.3,107.4,400.0,3481.5006715916725,818.8,1
2011,Vale de Cambra,185.8,133.3,66.7,97.4,800.0,3481.5006715916725,672.6,1
2011,Valença,148.3,162.5,133.3,100.0,100.0,3481.5006715916725,657.8,1
2011,Valongo,1709.3,59.3,150.7,181.1,118.2,3481.5006715916725,7708.3,0
2011,Valpaços,202.7,442.9,225.0,53.1,300.0,3481.5006715916725,995.3,1
2011,Vendas Novas,99.5,142.9,72.7,117.9,100.0,3481.5006715916725,359.8,1
2011,Viana do Alentejo,58.1,600.0,125.0,84.6,133.3,3481.5006715916725,215.8,1
2011,Viana do Castelo,1066.9,200.0,178.5,136.9,91.7,3481.5006715916725,4746.7,0
2011,Vidigueira,69.3,50.0,996.7853123977756,140.0,250.0,3481.5006715916725,290.3,1
2011,Vieira do Minho,181.0,1500.0,325.0,34.3,50.0,3481.5006715916725,865.4,1
2011,Vila Flor,70.4,700.0,200.0,71.4,100.0,3481.5006715916725,359.4,1
2011,Vila Franca de Xira,1676.2,45.3,63.4,124.0,50.6,3481.5006715916725,6540.7,0
2011,Vila Nova da Barquinha,77.5,400.0,166.7,111.8,300.0,3481.5006715916725,236.1,1
2011,Vila Nova de Cerveira,74.6,340.0,180.0,40.0,133.3,3481.5006715916725,321.5,1
2011,Vila Nova de Famalicão,1460.4,84.5,103.0,49.1,71.0,3481.5006715916725,8558.0,0
2011,Vila Nova de Foz Côa,79.9,911.898627596439,133.3,127.3,150.0,3481.5006715916725,288.0,1
2011,Vila Nova de Paiva,64.8,166.7,100.0,58.8,608.1002453557659,3481.5006715916725,301.2,1
2011,Vila Nova de Poiares,74.6,911.898627596439,300.0,187.5,100.0,3481.5006715916725,297.4,1
2011,Vila Pouca de Aguiar,151.1,2200.0,500.0,60.6,600.0,3481.5006715916725,716.4,2
2011,Vila Real,755.7,118.4,221.6,151.2,162.5,3481.5006715916725,2788.8,1
2011,Vila Real de Santo António,317.7,160.0,112.5,97.9,100.0,3481.5006715916725,1258.6,1
2011,Vila Velha de Ródão,13.3,911.898627596439,300.0,66.7,608.1002453557659,3481.5006715916725,81.1,2
2011,Vila Verde,537.3,53.9,271.4,92.7,120.0,3481.5006715916725,2267.8,1
2011,Vila Viçosa,101.7,600.0,433.3,105.9,50.0,3481.5006715916725,343.2,1
2011,Vila de Rei,16.8,911.898627596439,200.0,18.2,608.1002453557659,3481.5006715916725,80.8,2
2011,Vila do Bispo,39.3,75.0,996.7853123977756,50.0,50.0,3481.5006715916725,167.3,1
2011,Vila do Conde,968.6,76.9,296.8,105.8,138.5,3481.5006715916725,4942.7,0
2011,Vimioso,46.2,911.898627596439,75.0,40.0,608.1002453557659,3481.5006715916725,165.3,1
2011,Vinhais,80.6,1200.0,500.0,28.6,400.0,3481.5006715916725,370.0,2
2011,Viseu,1382.8,383.3,217.5,181.7,362.5,3481.5006715916725,5014.8,0
2011,Vizela,247.6,45.0,67.7,55.6,50.0,3481.5006715916725,1731.0,1
2011,Vouzela,64.6,911.898627596439,88.9,53.3,608.1002453557659,3481.5006715916725,333.3,1
2011,Águeda,467.1,390.0,94.7,145.9,92.9,3481.5006715916725,2044.6,1
2011,Évora,752.8,275.0,221.4,166.7,96.6,3481.5006715916725,2607.1,1
2011,Ílhavo,532.9,455.6,278.6,266.7,154.5,3481.5006715916725,1965.4,1
2011,Óbidos,103.7,75.0,187.5,20.9,200.0,3481.5006715916725,479.6,1
2012,Abrantes,696.6,1166.7,370.0,259.4,287.5,3481.5006715916725,2685.8,1
2012,Aguiar da Beira,40.8,911.898627596439,996.7853123977756,26.7,608.1002453557659,3481.5006715916725,183.9,2
2012,Alandroal,79.7,400.0,500.0,75.0,200.0,3481.5006715916725,358.4,1
2012,Albergaria-a-Velha,291.8,625.0,161.5,227.3,188.9,3481.5006715916725,1256.4,1
2012,Albufeira,829.4,96.2,177.8,65.1,62.5,3481.5006715916725,3334.8,0
2012,Alcanena,162.8,175.0,525.0,370.0,608.1002453557659,3481.5006715916725,568.8,1
2012,Alcobaça,663.3,115.6,478.6,124.3,200.0,3481.5006715916725,2987.0,1
2012,Alcochete,222.8,60.0,171.4,186.4,42.9,3481.5006715916725,905.2,1
2012,Alcoutim,17.1,911.898627596439,25.0,11.1,25.0,3481.5006715916725,65.1,1
2012,Alcácer do Sal,153.1,200.0,114.3,100.0,85.7,3481.5006715916725,600.2,1
2012,Alenquer,604.5,113.0,128.0,186.1,154.5,3481.5006715916725,2449.3,1
2012,Alfândega da Fé,64.6,911.898627596439,166.7,60.0,608.1002453557659,3481.5006715916725,330.1,1
2012,Alijó,186.3,700.0,366.7,100.0,608.1002453557659,3481.5006715916725,726.9,1
2012,Aljezur,71.2,150.0,25.0,33.3,608.1002453557659,3481.5006715916725,301.3,1
2012,Aljustrel,78.3,350.0,200.0,75.0,100.0,3481.5006715916725,367.6,1
2012,Almeida,48.5,911.898627596439,996.7853123977756,100.0,500.0,3481.5006715916725,211.0,2
2012,Almeirim,377.1,78.6,300.0,275.0,300.0,3481.5006715916725,1509.0,1
2012,Almodôvar,89.9,911.898627596439,600.0,50.0,200.0,3481.5006715916725,484.6,1
2012,Alpiarça,97.2,250.0,350.0,61.5,600.0,3481.5006715916725,471.3,1
2012,Alter do Chão,47.4,911.898627596439,200.0,114.3,608.1002453557659,3481.5006715916725,173.8,2
2012,Alvaiázere,58.1,911.898627596439,75.0,80.0,200.0,3481.5006715916725,284.6,1
2012,Alvito,33.9,100.0,996.7853123977756,1160.0324398797595,608.1002453557659,3481.5006715916725,115.4,2
2012,Amarante,1007.0,406.7,200.0,63.0,800.0,3481.5006715916725,4833.4,0
2012,Amares,346.9,2500.0,633.3,168.8,608.1002453557659,3481.5006715916725,1440.6,2
2012,Anadia,309.3,825.0,370.0,384.2,112.5,3481.5006715916725,1297.8,1
2012,Ansião,131.3,800.0,185.7,158.8,85.7,3481.5006715916725,626.1,1
2012,Arcos de Valdevez,242.7,190.9,733.3,126.9,57.1,3481.5006715916725,1077.0,1
2012,Arganil,119.2,233.3,100.0,94.4,608.1002453557659,3481.5006715916725,584.6,1
2012,Armamar,77.3,900.0,300.0,75.0,200.0,3481.5006715916725,414.4,1
2012,Arouca,200.1,141.7,107.1,111.5,350.0,3481.5006715916725,860.8,1
2012,Arraiolos,91.5,400.0,800.0,100.0,200.0,3481.5006715916725,384.6,1
2012,Arronches,42.5,911.898627596439,150.0,33.3,100.0,3481.5006715916725,144.3,1
2012,Arruda dos Vinhos,150.4,46.2,350.0,121.1,50.0,3481.5006715916725,569.4,1
2012,Aveiro,1234.9,358.3,400.0,315.4,113.3,3481.5006715916725,4342.1,0
2012,Avis,55.8,911.898627596439,100.0,300.0,608.1002453557659,3481.5006715916725,223.6,2
2012,Azambuja,279.8,200.0,155.6,58.3,8.7,3481.5006715916725,1075.9,1
2012,Baião,414.7,283.3,45.5,23.9,120.0,3481.5006715916725,1996.7,1
2012,Barcelos,1336.0,214.3,202.6,109.1,295.0,3481.5006715916725,6828.8,0
2012,Barrancos,33.8,50.0,66.7,50.0,608.1002453557659,3481.5006715916725,175.3,1
2012,Barreiro,1173.8,128.9,226.5,392.2,67.5,3481.5006715916725,4963.5,0
2012,Batalha,165.1,250.0,400.0,133.3,160.0,3481.5006715916725,680.8,1
2012,Beja,636.6,204.5,194.7,170.0,130.8,3481.5006715916725,2078.2,1
2012,Belmonte,117.5,911.898627596439,350.0,233.3,600.0,3481.5006715916725,454.3,2
2012,Benavente,443.2,125.0,95.7,86.1,216.7,3481.5006715916725,1978.1,1
2012,Bombarral,169.9,250.0,433.3,272.7,300.0,3481.5006715916725,721.3,1
2012,Borba,115.8,911.898627596439,900.0,133.3,600.0,3481.5006715916725,436.3,2
2012,Boticas,58.3,911.898627596439,300.0,80.0,608.1002453557659,3481.5006715916725,304.9,2
2012,Bragança,624.2,1333.3,610.0,469.7,230.8,3481.5006715916725,2088.0,1
2012,Cabeceiras de Basto,324.9,1950.0,160.0,41.0,608.1002453557659,3481.5006715916725,1405.3,2
2012,Cadaval,158.3,100.0,450.0,85.7,300.0,3481.5006715916725,667.8,1
2012,Caldas da Rainha,760.9,138.5,109.1,140.6,318.2,3481.5006715916725,3124.9,1
2012,Caminha,234.8,750.0,1900.0,307.7,166.7,3481.5006715916725,913.8,2
2012,Campo Maior,139.9,911.898627596439,150.0,55.6,33.3,3481.5006715916725,515.8,1
2012,Cantanhede,424.7,685.7,308.3,465.0,285.7,3481.5006715916725,1628.8,1
2012,Carrazeda de Ansiães,75.8,911.898627596439,266.7,50.0,66.7,3481.5006715916725,305.4,1
2012,Carregal do Sal,106.6,800.0,250.0,281.8,608.1002453557659,3481.5006715916725,477.3,1
2012,Cartaxo,326.5,153.8,178.6,154.1,55.6,3481.5006715916725,1358.8,1
2012,Castanheira de Pêra,34.1,911.898627596439,33.3,100.0,608.1002453557659,3481.5006715916725,211.9,1
2012,Castelo Branco,941.2,566.7,766.7,342.6,616.7,3481.5006715916725,3508.1,0
2012,Castelo de Paiva,295.8,93.8,31.6,24.5,200.0,3481.5006715916725,1567.2,1
2012,Castelo de Vide,29.2,911.898627596439,996.7853123977756,62.5,608.1002453557659,3481.5006715916725,126.3,2
2012,Castro Daire,147.5,911.898627596439,350.0,78.6,800.0,3481.5006715916725,717.1,2
2012,Castro Marim,88.2,400.0,400.0,100.0,50.0,3481.5006715916725,403.8,1
2012,Castro Verde,96.1,50.0,450.0,59.1,608.1002453557659,3481.5006715916725,398.7,1
2012,Celorico da Beira,101.8,911.898627596439,996.7853123977756,75.0,1000.0,3481.5006715916725,440.7,2
2012,Celorico de Basto,354.8,316.7,125.0,21.1,608.1002453557659,3481.5006715916725,1583.6,1
2012,Chamusca,119.3,200.0,220.0,433.3,608.1002453557659,3481.5006715916725,533.3,1
2012,Chaves,717.7,1516.7,1040.0,282.9,112.5,3481.5006715916725,2799.1,1
2012,Cinfães,423.3,350.0,93.3,20.0,608.1002453557659,3481.5006715916725,1942.7,1
2012,Condeixa-a-Nova,201.5,700.0,725.0,1033.3,400.0,3481.5006715916725,761.3,2
2012,Constância,66.4,911.898627596439,150.0,116.7,608.1002453557659,3481.5006715916725,227.7,1
2012,Coruche,231.2,171.4,177.8,182.4,650.0,3481.5006715916725,1192.9,1
2012,Covilhã,815.4,900.0,283.3,230.9,416.7,3481.5006715916725,3696.7,0
2012,Crato,42.5,911.898627596439,996.7853123977756,100.0,608.1002453557659,3481.5006715916725,196.2,2
2012,Cuba,72.8,911.898627596439,400.0,128.6,608.1002453557659,3481.5006715916725,276.2,2
2012,Elvas,507.9,222.2,168.8,126.8,350.0,3481.5006715916725,1668.6,1
2012,Entroncamento,317.2,122.2,371.4,295.2,71.4,3481.5006715916725,930.8,1
2012,Espinho,691.0,161.1,225.0,167.1,420.0,3481.5006715916725,3348.1,1
2012,Esposende,427.1,588.9,600.0,193.9,300.0,3481.5006715916725,1822.8,1
2012,Estarreja,331.0,271.4,312.5,219.2,90.0,3481.5006715916725,1448.0,1
2012,Estremoz,211.5,80.0,212.5,120.7,55.6,3481.5006715916725,796.3,1
2012,Fafe,821.8,423.1,321.1,105.8,127.8,3481.5006715916725,4106.0,0
2012,Faro,1084.5,157.6,264.0,196.8,22.9,3481.5006715916725,4200.9,0
2012,Felgueiras,641.3,321.4,164.0,36.8,89.5,3481.5006715916725,3121.8,1
2012,Ferreira do Alentejo,137.1,180.0,400.0,90.0,608.1002453557659,3481.5006715916725,594.2,1
2012,Ferreira do Zêzere,74.2,42.9,75.0,69.2,200.0,3481.5006715916725,287.3,1
2012,Figueira da Foz,978.3,319.0,375.0,606.3,207.7,3481.5006715916725,4088.8,0
2012,Figueira de Castelo Rodrigo,69.5,911.898627596439,166.7,100.0,150.0,3481.5006715916725,254.2,1
2012,Figueiró dos Vinhos,78.8,400.0,600.0,162.5,300.0,3481.5006715916725,405.8,1
2012,Fornos de Algodres,54.4,911.898627596439,600.0,70.0,608.1002453557659,3481.5006715916725,278.0,2
2012,Freixo de Espada à Cinta,55.9,911.898627596439,100.0,57.1,75.0,3481.5006715916725,264.9,1
2012,Fronteira,51.0,911.898627596439,600.0,9.1,608.1002453557659,3481.5006715916725,195.8,2
2012,Fundão,405.3,911.898627596439,850.0,200.0,1400.0,3481.5006715916725,1740.2,2
2012,Gavião,44.5,911.898627596439,996.7853123977756,100.0,608.1002453557659,3481.5006715916725,209.8,2
2012,Golegã,59.8,911.898627596439,450.0,500.0,608.1002453557659,3481.5006715916725,238.1,2
2012,Gouveia,193.2,911.898627596439,650.0,205.6,800.0,3481.5006715916725,881.4,2
2012,Grândola,152.2,133.3,300.0,158.3,250.0,3481.5006715916725,579.2,1
2012,Guarda,712.5,700.0,540.0,251.9,614.3,3481.5006715916725,2771.0,1
2012,Góis,40.3,911.898627596439,996.7853123977756,133.3,100.0,3481.5006715916725,164.9,2
2012,Idanha-a-Nova,94.4,911.898627596439,60.0,85.7,250.0,3481.5006715916725,436.0,1
2012,Lagoa,345.8,36.8,143.8,60.4,30.0,3481.5006715916725,1591.9,1
2012,Lagos,534.2,68.2,181.8,176.4,70.0,3481.5006715916725,2458.3,1
2012,Lamego,671.7,331.3,300.0,147.9,230.8,3481.5006715916725,2711.4,1
2012,Leiria,1632.0,229.8,260.9,238.3,140.5,3481.5006715916725,6178.5,0
2012,Loulé,1096.9,98.0,210.0,125.9,115.8,3481.5006715916725,4436.3,0
2012,Lourinhã,355.6,127.8,245.5,102.8,216.7,3481.5006715916725,1331.8,1
2012,Lousada,683.8,87.1,93.5,27.2,400.0,3481.5006715916725,3358.2,1
2012,Lousã,269.3,1100.0,650.0,500.0,900.0,3481.5006715916725,1010.3,2
2012,Macedo de Cavaleiros,225.3,2700.0,575.0,157.9,1000.0,3481.5006715916725,965.5,2
2012,Mafra,806.4,70.7,100.0,74.2,75.0,3481.5006715916725,3174.0,1
2012,Mangualde,290.2,1150.0,875.0,400.0,600.0,3481.5006715916725,1264.8,2
2012,Manteigas,35.8,911.898627596439,996.7853123977756,36.4,608.1002453557659,3481.5006715916725,219.7,2
2012,Marco de Canaveses,1037.2,416.7,92.7,42.1,633.3,3481.5006715916725,4656.3,0
2012,Marinha Grande,524.5,114.3,344.4,168.5,190.9,3481.5006715916725,2137.1,1
2012,Marvão,28.1,911.898627596439,500.0,33.3,608.1002453557659,3481.5006715916725,124.3,2
2012,Mação,74.3,911.898627596439,250.0,108.3,608.1002453557659,3481.5006715916725,295.9,2
2012,Mealhada,261.4,1300.0,2600.0,716.7,110.0,3481.5006715916725,971.3,2
2012,Melgaço,61.8,300.0,375.0,100.0,608.1002453557659,3481.5006715916725,198.9,1
2012,Mesão Frio,111.4,911.898627596439,250.0,41.7,608.1002453557659,3481.5006715916725,480.9,1
2012,Mira,143.8,533.3,1500.0,300.0,200.0,3481.5006715916725,597.9,2
2012,Miranda do Corvo,145.6,1100.0,540.0,210.0,600.0,3481.5006715916725,572.3,2
2012,Miranda do Douro,107.2,911.898627596439,900.0,180.0,608.1002453557659,3481.5006715916725,325.7,2
2012,Mirandela,428.1,911.898627596439,1100.0,216.7,140.0,3481.5006715916725,1744.6,1
2012,Mogadouro,111.0,911.898627596439,650.0,129.4,608.1002453557659,3481.5006715916725,485.8,2
2012,Moimenta da Beira,172.4,911.898627596439,1000.0,65.5,366.7,3481.5006715916725,679.3,2
2012,Moita,1121.8,166.7,173.0,168.6,166.7,3481.5006715916725,4626.9,0
2012,Monchique,67.3,911.898627596439,200.0,37.5,50.0,3481.5006715916725,315.5,1
2012,Mondim de Basto,111.4,1500.0,150.0,88.9,608.1002453557659,3481.5006715916725,517.0,2
2012,Monforte,53.8,911.898627596439,33.3,16.7,608.1002453557659,3481.5006715916725,193.2,1
2012,Montalegre,79.8,911.898627596439,250.0,42.9,608.1002453557659,3481.5006715916725,374.8,2
2012,Montemor-o-Novo,177.8,225.0,260.0,192.3,266.7,3481.5006715916725,684.2,1
2012,Montemor-o-Velho,382.8,2600.0,633.3,733.3,183.3,3481.5006715916725,1492.9,2
2012,Montijo,875.5,74.3,34.7,273.2,88.2,3481.5006715916725,3421.8,0
2012,Monção,168.9,900.0,733.3,241.7,608.1002453557659,3481.5006715916725,620.4,2
2012,Mora,44.5,911.898627596439,150.0,150.0,300.0,3481.5006715916725,230.2,1
2012,Mortágua,75.8,911.898627596439,900.0,228.6,250.0,3481.5006715916725,301.7,2
2012,Moura,340.5,136.4,105.6,100.0,133.3,3481.5006715916725,1346.8,1
2012,Mourão,53.1,100.0,57.1,33.3,100.0,3481.5006715916725,209.3,1
2012,Murtosa,128.6,266.7,118.2,107.1,175.0,3481.5006715916725,482.7,1
2012,Murça,73.8,500.0,233.3,100.0,200.0,3481.5006715916725,322.1,1
2012,Mértola,61.2,133.3,33.3,57.9,300.0,3481.5006715916725,338.0,1
2012,Mêda,41.4,911.898627596439,996.7853123977756,1160.0324398797595,608.1002453557659,3481.5006715916725,134.0,2
2012,Nazaré,247.4,600.0,300.0,100.0,175.0,3481.5006715916725,921.3,1
2012,Nelas,195.9,300.0,2200.0,155.0,250.0,3481.5006715916725,801.8,2
2012,Nisa,72.5,911.898627596439,500.0,166.7,608.1002453557659,3481.5006715916725,335.4,2
2012,Odemira,356.6,121.4,133.3,105.6,108.3,3481.5006715916725,1527.3,1
2012,Odivelas,1853.5,87.4,136.4,253.1,61.1,3481.5006715916725,7505.1,0
2012,Oeiras,1766.1,61.8,184.8,334.4,82.7,3481.5006715916725,7659.5,0
2012,Oleiros,29.6,911.898627596439,996.7853123977756,75.0,608.1002453557659,3481.5006715916725,132.6,2
2012,Olhão,810.6,181.3,171.4,123.6,70.0,3481.5006715916725,3138.9,1
2012,Oliveira de Azeméis,680.3,105.7,171.9,120.0,164.7,3481.5006715916725,3148.9,1
2012,Oliveira de Frades,99.8,1400.0,996.7853123977756,85.7,608.1002453557659,3481.5006715916725,449.5,2
2012,Oliveira do Bairro,302.8,380.0,375.0,151.4,166.7,3481.5006715916725,1110.3,1
2012,Oliveira do Hospital,244.7,911.898627596439,123.1,70.7,180.0,3481.5006715916725,1014.1,1
2012,Ourique,86.8,600.0,100.0,40.0,500.0,3481.5006715916725,385.4,1
2012,Ourém,456.2,266.7,200.0,161.5,800.0,3481.5006715916725,1775.3,1
2012,Ovar,849.5,122.2,207.1,175.7,184.6,3481.5006715916725,4101.2,0
2012,Palmela,790.6,89.5,131.4,103.4,71.0,3481.5006715916725,3272.9,1
2012,Pampilhosa da Serra,23.0,100.0,20.0,37.5,608.1002453557659,3481.5006715916725,127.1,1
2012,Paredes,1546.8,94.6,127.9,68.9,195.0,3481.5006715916725,7447.9,0
2012,Paredes de Coura,104.5,160.0,150.0,46.2,50.0,3481.5006715916725,504.2,1
2012,Paços de Ferreira,867.7,119.2,130.0,71.3,110.0,3481.5006715916725,4705.2,0
2012,Pedrógão Grande,36.2,911.898627596439,996.7853123977756,100.0,608.1002453557659,3481.5006715916725,193.8,2
2012,Penacova,153.1,911.898627596439,450.0,775.0,608.1002453557659,3481.5006715916725,630.7,2
2012,Penafiel,1187.3,174.3,212.5,93.6,225.0,3481.5006715916725,5297.5,0
2012,Penalva do Castelo,91.2,200.0,900.0,164.3,608.1002453557659,3481.5006715916725,412.5,1
2012,Penamacor,37.3,911.898627596439,996.7853123977756,100.0,608.1002453557659,3481.5006715916725,178.3,2
2012,Penedono,40.5,600.0,996.7853123977756,1160.0324398797595,100.0,3481.5006715916725,139.1,2
2012,Penela,50.4,911.898627596439,996.7853123977756,166.7,608.1002453557659,3481.5006715916725,211.5,2
2012,Peniche,413.9,210.0,280.0,206.3,107.7,3481.5006715916725,1634.3,1
2012,Peso da Régua,299.2,911.898627596439,311.1,268.8,75.0,3481.5006715916725,1247.0,1
2012,Pinhel,88.7,911.898627596439,133.3,233.3,608.1002453557659,3481.5006715916725,413.9,1
2012,Pombal,449.7,200.0,291.7,174.5,216.7,3481.5006715916725,2037.8,1
2012,Ponte da Barca,161.9,911.898627596439,500.0,180.0,50.0,3481.5006715916725,717.9,1
2012,Ponte de Lima,497.4,175.0,1400.0,152.1,800.0,3481.5006715916725,2335.6,1
2012,Ponte de Sor,251.8,475.0,460.0,118.2,116.7,3481.5006715916725,1406.4,1
2012,Portalegre,392.5,3100.0,416.7,184.8,136.4,3481.5006715916725,1357.0,2
2012,Portel,94.6,911.898627596439,40.0,150.0,150.0,3481.5006715916725,434.4,1
2012,Portimão,1157.9,70.7,129.5,170.8,100.0,3481.5006715916725,4710.8,0
2012,Porto de Mós,275.1,190.0,150.0,75.0,450.0,3481.5006715916725,1214.5,1
2012,Proença-a-Nova,68.0,911.898627596439,266.7,84.2,608.1002453557659,3481.5006715916725,303.5,2
2012,Póvoa de Lanhoso,273.1,371.4,620.0,157.7,216.7,3481.5006715916725,1301.2,1
2012,Póvoa de Varzim,1012.8,150.0,372.0,122.2,55.3,3481.5006715916725,4602.8,0
2012,Redondo,118.6,911.898627596439,200.0,58.8,100.0,3481.5006715916725,456.3,1
2012,Reguengos de Monsaraz,171.0,350.0,533.3,105.6,900.0,3481.5006715916725,683.1,1
2012,Resende,199.0,911.898627596439,200.0,32.5,200.0,3481.5006715916725,957.7,1
2012,Ribeira de Pena,87.8,1000.0,250.0,47.4,608.1002453557659,3481.5006715916725,436.3,2
2012,Rio Maior,236.9,53.8,222.2,115.2,200.0,3481.5006715916725,1022.7,1
2012,Sabrosa,99.3,1100.0,66.7,61.5,400.0,3481.5006715916725,393.5,1
2012,Sabugal,107.7,911.898627596439,187.5,200.0,608.1002453557659,3481.5006715916725,402.4,1
2012,Salvaterra de Magos,350.3,123.1,58.8,116.0,200.0,3481.5006715916725,1709.2,1
2012,Santa Comba Dão,105.7,911.898627596439,996.7853123977756,450.0,450.0,3481.5006715916725,528.2,2
2012,Santa Maria da Feira,1931.3,54.1,217.5,166.7,256.7,3481.5006715916725,9788.3,0
2012,Santa Marta de Penaguião,112.8,911.898627596439,996.7853123977756,900.0,608.1002453557659,3481.5006715916725,487.1,2
2012,Santarém,839.2,196.7,271.4,265.3,193.3,3481.5006715916725,3207.8,0
2012,Santiago do Cacém,446.1,480.0,194.4,211.4,200.0,3481.5006715916725,1588.1,1
2012,Santo Tirso,1242.0,68.5,205.0,94.5,350.0,3481.5006715916725,7083.7,0
2012,Sardoal,62.8,911.898627596439,996.7853123977756,116.7,608.1002453557659,3481.5006715916725,230.0,2
2012,Seia,326.3,1800.0,1350.0,330.0,366.7,3481.5006715916725,1541.5,2
2012,Sernancelhe,58.0,911.898627596439,400.0,60.0,700.0,3481.5006715916725,277.1,2
2012,Serpa,226.6,175.0,350.0,76.7,400.0,3481.5006715916725,1058.4,1
2012,Sertã,161.2,911.898627596439,250.0,117.4,225.0,3481.5006715916725,783.3,1
2012,Sesimbra,658.9,103.8,129.4,182.4,160.0,3481.5006715916725,2586.0,1
2012,Setúbal,1812.1,128.9,302.0,268.9,58.3,3481.5006715916725,7251.9,0
2012,Sever do Vouga,107.1,600.0,116.7,93.3,608.1002453557659,3481.5006715916725,569.8,1
2012,Silves,485.1,110.5,182.4,98.4,81.8,3481.5006715916725,2155.4,1
2012,Sines,347.2,162.5,650.0,96.3,62.5,3481.5006715916725,1204.5,1
2012,Sobral de Monte Agraço,106.1,80.0,111.1,600.0,66.7,3481.5006715916725,457.2,1
2012,Soure,197.8,850.0,700.0,372.7,350.0,3481.5006715916725,848.8,1
2012,Sousel,68.4,911.898627596439,133.3,87.5,608.1002453557659,3481.5006715916725,236.0,1
2012,Sátão,141.3,1400.0,996.7853123977756,133.3,608.1002453557659,3481.5006715916725,646.4,2
2012,São Brás de Alportel,113.8,600.0,100.0,163.6,500.0,3481.5006715916725,462.4,1
2012,São João da Madeira,308.1,79.2,152.9,108.6,300.0,3481.5006715916725,1351.9,1
2012,São João da Pesqueira,99.3,150.0,200.0,60.0,608.1002453557659,3481.5006715916725,383.6,1
2012,São Pedro do Sul,192.8,1100.0,733.3,128.1,750.0,3481.5006715916725,810.3,2
2012,Tabuaço,119.6,911.898627596439,350.0,14.3,608.1002453557659,3481.5006715916725,519.8,2
2012,Tarouca,130.0,911.898627596439,600.0,77.8,800.0,3481.5006715916725,600.3,2
2012,Tavira,386.5,92.3,400.0,208.0,54.5,3481.5006715916725,1604.3,1
2012,Terras de Bouro,103.3,911.898627596439,50.0,54.5,100.0,3481.5006715916725,466.5,1
2012,Tomar,542.0,180.8,750.0,270.2,287.5,3481.5006715916725,2052.1,1
2012,Tondela,220.1,2300.0,700.0,300.0,750.0,3481.5006715916725,1057.4,2
2012,Torre de Moncorvo,79.5,911.898627596439,1400.0,161.5,400.0,3481.5006715916725,451.1,2
2012,Torres Novas,421.7,500.0,333.3,246.9,350.0,3481.5006715916725,1672.3,1
2012,Torres Vedras,1054.8,100.0,137.0,166.3,84.8,3481.5006715916725,4138.2,0
2012,Trancoso,72.2,911.898627596439,900.0,82.4,800.0,3481.5006715916725,282.9,2
2012,Trofa,706.1,77.4,176.2,121.4,300.0,3481.5006715916725,3987.9,0
2012,Tábua,132.8,450.0,550.0,127.3,400.0,3481.5006715916725,685.0,1
2012,Vagos,246.7,750.0,233.3,144.0,1100.0,3481.5006715916725,946.8,2
2012,Vale de Cambra,233.0,250.0,109.1,159.1,608.1002453557659,3481.5006715916725,852.3,1
2012,Valença,197.3,350.0,333.3,110.5,400.0,3481.5006715916725,804.5,1
2012,Valpaços,200.0,2700.0,172.7,95.0,300.0,3481.5006715916725,1020.3,2
2012,Vendas Novas,138.9,225.0,150.0,175.0,100.0,3481.5006715916725,526.8,1
2012,Viana do Alentejo,86.6,700.0,350.0,157.1,75.0,3481.5006715916725,308.7,1
2012,Viana do Castelo,1255.6,245.2,297.1,239.0,120.7,3481.5006715916725,5421.0,0
2012,Vidigueira,89.1,250.0,400.0,233.3,400.0,3481.5006715916725,350.2,1
2012,Vieira do Minho,204.5,1500.0,1300.0,61.9,133.3,3481.5006715916725,926.6,2
2012,Vila Flor,85.3,911.898627596439,250.0,90.0,608.1002453557659,3481.5006715916725,396.6,2
2012,Vila Nova da Barquinha,100.1,500.0,100.0,177.8,608.1002453557659,3481.5006715916725,290.6,1
2012,Vila Nova de Cerveira,91.3,400.0,366.7,84.6,300.0,3481.5006715916725,427.2,1
2012,Vila Nova de Famalicão,1907.6,146.8,196.4,104.0,102.0,3481.5006715916725,10283.5,0
2012,Vila Nova de Foz Côa,91.7,911.898627596439,250.0,266.7,200.0,3481.5006715916725,321.1,1
2012,Vila Nova de Paiva,61.1,300.0,996.7853123977756,72.7,608.1002453557659,3481.5006715916725,297.8,2
2012,Vila Nova de Poiares,83.5,911.898627596439,1000.0,141.7,100.0,3481.5006715916725,376.9,1
2012,Vila Pouca de Aguiar,158.4,2000.0,650.0,192.9,700.0,3481.5006715916725,756.4,2
2012,Vila Real,923.9,309.1,242.4,323.9,462.5,3481.5006715916725,3274.3,0
2012,Vila Real de Santo António,369.8,120.0,100.0,122.9,150.0,3481.5006715916725,1539.7,1
2012,Vila Velha de Ródão,24.9,911.898627596439,996.7853123977756,200.0,608.1002453557659,3481.5006715916725,114.6,2
2012,Vila Verde,705.3,64.6,687.5,196.8,260.0,3481.5006715916725,2949.2,1
2012,Vila Viçosa,131.8,800.0,350.0,100.0,300.0,3481.5006715916725,460.0,1
2012,Vila de Rei,24.7,911.898627596439,996.7853123977756,45.5,608.1002453557659,3481.5006715916725,116.7,2
2012,Vila do Bispo,49.1,300.0,100.0,60.0,608.1002453557659,3481.5006715916725,229.2,1
2012,Vila do Conde,1139.2,96.4,290.6,178.9,205.6,3481.5006715916725,5821.4,0
2012,Vimioso,45.9,911.898627596439,996.7853123977756,66.7,608.1002453557659,3481.5006715916725,177.2,2
2012,Vinhais,88.6,1400.0,996.7853123977756,45.5,608.1002453557659,3481.5006715916725,399.5,2
2012,Viseu,1644.6,434.4,547.8,287.6,458.8,3481.5006715916725,5799.8,0
2012,Vizela,295.1,52.9,146.7,71.7,80.0,3481.5006715916725,2007.9,1
2012,Vouzela,99.7,911.898627596439,450.0,72.2,608.1002453557659,3481.5006715916725,450.3,2
2012,Águeda,593.5,1266.7,188.9,236.8,177.8,3481.5006715916725,2581.0,1
2012,Évora,1018.9,677.8,196.6,280.6,128.0,3481.5006715916725,3431.8,0
2012,Ílhavo,588.4,1075.0,2450.0,375.0,600.0,3481.5006715916725,2300.5,3
2012,Óbidos,133.4,100.0,233.3,73.3,608.1002453557659,3481.5006715916725,580.4,1
2013,Abrantes,629.2,2100.0,1650.0,438.1,287.5,2847.0,2649.0,2
2013,Aguiar da Beira,43.5,911.898627596439,996.7853123977756,71.4,608.1002453557659,361.0,222.4,2
2013,Alandroal,73.8,300.0,996.7853123977756,100.0,300.0,230.0,338.6,2
2013,Albergaria-a-Velha,286.8,650.0,766.7,622.2,271.4,3461.0,1321.9,1
2013,Albufeira,799.3,171.4,269.2,129.4,76.5,6341.0,3353.4,0
2013,Alcanena,131.3,216.7,996.7853123977756,1850.0,608.1002453557659,2211.0,513.7,2
2013,Alcobaça,642.5,140.7,800.0,237.8,400.0,5673.0,2966.0,0
2013,Alcochete,241.6,122.2,366.7,250.0,38.5,1811.0,1026.4,1
2013,Alcoutim,17.8,200.0,25.0,100.0,33.3,114.0,83.5,1
2013,Alcácer do Sal,138.5,140.0,500.0,88.9,266.7,901.0,582.8,1
2013,Alenquer,565.0,362.5,320.0,334.8,188.9,5294.0,2528.4,1
2013,Alfândega da Fé,58.8,911.898627596439,500.0,175.0,608.1002453557659,186.0,319.4,2
2013,Alijó,193.8,1700.0,1100.0,138.5,600.0,795.0,777.8,2
2013,Aljezur,63.9,300.0,33.3,40.0,608.1002453557659,255.0,301.0,1
2013,Aljustrel,101.8,266.7,996.7853123977756,118.2,200.0,1113.0,438.6,1
2013,Almeida,63.4,911.898627596439,996.7853123977756,175.0,608.1002453557659,383.0,261.8,2
2013,Almeirim,347.3,133.3,800.0,850.0,400.0,1597.0,1470.6,1
2013,Almodôvar,88.1,911.898627596439,233.3,100.0,700.0,302.0,473.4,2
2013,Alpiarça,101.7,350.0,800.0,150.0,608.1002453557659,481.0,456.1,2
2013,Alter do Chão,55.3,300.0,996.7853123977756,250.0,608.1002453557659,185.0,214.8,2
2013,Alvaiázere,62.1,911.898627596439,300.0,133.3,608.1002453557659,607.0,315.8,2
2013,Alvito,38.7,911.898627596439,50.0,1160.0324398797595,608.1002453557659,101.0,135.7,2
2013,Amarante,949.9,914.3,338.9,117.6,1650.0,4649.0,4921.3,0
2013,Amares,337.3,911.898627596439,996.7853123977756,600.0,608.1002453557659,1328.0,1532.1,2
2013,Anadia,305.8,485.7,1800.0,646.2,216.7,2673.0,1406.4,2
2013,Ansião,144.8,911.898627596439,1400.0,254.5,140.0,1068.0,686.8,2
2013,Arcos de Valdevez,264.1,275.0,996.7853123977756,350.0,87.5,1553.0,1179.8,1
2013,Arganil,143.2,400.0,996.7853123977756,275.0,608.1002453557659,822.0,676.1,2
2013,Armamar,81.1,911.898627596439,996.7853123977756,150.0,608.1002453557659,391.0,446.0,2
2013,Arouca,225.3,200.0,300.0,140.0,800.0,2137.0,1034.5,1
2013,Arraiolos,91.3,911.898627596439,996.7853123977756,214.3,608.1002453557659,505.0,392.3,2
2013,Arronches,35.6,100.0,300.0,50.0,200.0,175.0,140.3,1
2013,Arruda dos Vinhos,139.1,116.7,1600.0,184.6,62.5,1351.0,610.9,1
2013,Aveiro,1263.5,478.9,685.7,651.1,195.8,12280.0,4722.8,0
2013,Avis,67.2,911.898627596439,200.0,133.3,608.1002453557659,388.0,271.9,2
2013,Azambuja,269.3,450.0,360.0,100.0,46.7,2543.0,1175.0,1
2013,Baião,437.3,300.0,76.9,58.8,150.0,941.0,2111.3,1
2013,Barcelos,1224.9,284.4,650.0,196.9,429.4,12863.0,6514.9,0
2013,Barrancos,30.8,911.898627596439,100.0,33.3,608.1002453557659,119.0,171.2,2
2013,Barreiro,1242.8,151.5,390.0,567.4,86.5,3772.0,5344.1,0
2013,Batalha,150.3,166.7,1000.0,216.7,333.3,2507.0,668.9,1
2013,Beja,671.8,383.3,345.5,336.7,222.2,3037.0,2301.6,1
2013,Belmonte,113.8,911.898627596439,996.7853123977756,425.0,608.1002453557659,408.0,498.7,2
2013,Benavente,457.4,700.0,357.1,171.4,320.0,3245.0,2102.1,1
2013,Bombarral,158.9,550.0,1200.0,850.0,333.3,761.0,730.0,2
2013,Borba,118.1,911.898627596439,996.7853123977756,175.0,608.1002453557659,458.0,474.3,2
2013,Boticas,68.8,911.898627596439,500.0,250.0,608.1002453557659,307.0,331.4,2
2013,Bragança,666.9,1500.0,1083.3,662.5,327.3,2372.0,2258.7,2
2013,Cabeceiras de Basto,311.9,3500.0,800.0,72.7,1000.0,907.0,1488.3,3
2013,Cadaval,171.3,133.3,800.0,163.6,1000.0,839.0,768.8,2
2013,Caldas da Rainha,714.8,164.7,148.6,150.4,370.0,4142.0,3101.1,1
2013,Caminha,245.6,533.3,996.7853123977756,1850.0,150.0,822.0,963.0,2
2013,Campo Maior,153.8,911.898627596439,996.7853123977756,61.1,50.0,1062.0,605.5,2
2013,Cantanhede,451.2,642.9,940.0,547.1,275.0,3694.0,1816.0,1
2013,Carrazeda de Ansiães,81.8,911.898627596439,996.7853123977756,266.7,66.7,274.0,323.0,2
2013,Carregal do Sal,120.2,911.898627596439,996.7853123977756,288.9,608.1002453557659,651.0,581.5,2
2013,Cartaxo,309.7,333.3,900.0,276.2,133.3,1364.0,1355.9,1
2013,Castanheira de Pêra,34.3,911.898627596439,200.0,66.7,608.1002453557659,153.0,205.6,2
2013,Castelo Branco,983.8,709.1,1100.0,541.9,1000.0,4891.0,3830.0,0
2013,Castelo de Paiva,253.2,107.7,75.0,46.4,500.0,991.0,1413.2,1
2013,Castelo de Vide,40.2,911.898627596439,700.0,166.7,608.1002453557659,178.0,160.3,2
2013,Castro Daire,183.0,2300.0,996.7853123977756,131.6,608.1002453557659,880.0,915.4,2
2013,Castro Marim,94.4,100.0,996.7853123977756,100.0,100.0,310.0,445.7,1
2013,Castro Verde,98.6,911.898627596439,996.7853123977756,177.8,608.1002453557659,2122.0,398.9,2
2013,Celorico da Beira,115.3,911.898627596439,996.7853123977756,175.0,608.1002453557659,350.0,484.8,2
2013,Celorico de Basto,370.4,2800.0,566.7,47.8,608.1002453557659,977.0,1781.9,2
2013,Chamusca,113.3,911.898627596439,996.7853123977756,340.0,608.1002453557659,822.0,516.3,2
2013,Cinfães,385.0,1250.0,240.0,38.5,608.1002453557659,934.0,2144.2,2
2013,Condeixa-a-Nova,199.6,1300.0,2900.0,900.0,650.0,871.0,822.3,3
2013,Constância,68.1,911.898627596439,996.7853123977756,400.0,608.1002453557659,527.0,232.0,2
2013,Coruche,209.3,600.0,225.0,320.0,400.0,1530.0,1162.8,1
2013,Covilhã,803.9,164.1,540.0,358.3,490.0,4068.0,3589.8,0
2013,Crato,48.4,911.898627596439,996.7853123977756,125.0,200.0,161.0,197.2,2
2013,Cuba,69.8,600.0,200.0,300.0,608.1002453557659,152.0,274.8,2
2013,Elvas,501.2,733.3,342.9,203.7,350.0,1537.0,1840.1,1
2013,Entroncamento,289.8,146.7,266.7,618.2,75.0,1592.0,959.4,1
2013,Espinho,666.3,245.5,900.0,287.2,550.0,1806.0,3408.1,1
2013,Esposende,405.3,625.0,1075.0,645.5,233.3,2589.0,1820.4,1
2013,Estarreja,337.9,228.6,1300.0,350.0,137.5,3177.0,1533.5,1
2013,Estremoz,214.3,700.0,800.0,341.7,120.0,1038.0,868.7,1
2013,Fafe,788.8,490.0,675.0,166.7,123.8,3942.0,4039.2,0
2013,Faro,983.2,150.0,690.0,343.6,37.0,6867.0,4169.7,0
2013,Felgueiras,558.6,328.6,420.0,73.1,92.0,8892.0,2923.6,0
2013,Ferreira do Alentejo,127.8,300.0,200.0,80.0,608.1002453557659,702.0,596.5,1
2013,Ferreira do Zêzere,69.6,41.7,166.7,160.0,250.0,717.0,305.0,1
2013,Figueira da Foz,941.8,336.8,1650.0,970.0,333.3,6686.0,4374.1,0
2013,Figueira de Castelo Rodrigo,64.7,911.898627596439,996.7853123977756,200.0,150.0,271.0,265.6,2
2013,Figueiró dos Vinhos,87.6,300.0,996.7853123977756,400.0,608.1002453557659,284.0,444.2,2
2013,Fornos de Algodres,51.3,911.898627596439,996.7853123977756,100.0,608.1002453557659,242.0,278.5,2
2013,Freixo de Espada à Cinta,63.9,911.898627596439,400.0,44.4,150.0,236.0,268.9,2
2013,Fronteira,55.1,911.898627596439,166.7,40.0,608.1002453557659,227.0,222.0,2
2013,Fundão,442.8,911.898627596439,1133.3,357.1,1000.0,2176.0,1892.0,2
2013,Gavião,45.3,911.898627596439,200.0,100.0,608.1002453557659,99.0,217.4,2
2013,Golegã,68.3,911.898627596439,996.7853123977756,1800.0,250.0,346.0,249.2,2
2013,Gouveia,162.5,911.898627596439,1700.0,512.5,1700.0,623.0,864.9,3
2013,Grândola,165.2,400.0,1300.0,366.7,225.0,806.0,644.3,2
2013,Guarda,666.4,1171.4,1060.0,418.2,783.3,4054.0,2770.9,2
2013,Góis,48.3,911.898627596439,400.0,400.0,100.0,217.0,187.2,2
2013,Idanha-a-Nova,110.3,911.898627596439,300.0,216.7,250.0,529.0,466.1,2
2013,Lagoa,356.7,50.0,190.9,100.0,100.0,2285.0,1651.3,1
2013,Lagos,446.3,100.0,208.3,278.9,93.8,2479.0,2197.1,1
2013,Lamego,765.0,1300.0,850.0,304.0,300.0,1608.0,3181.2,1
2013,Leiria,1651.6,253.5,496.0,338.8,194.4,17298.0,6642.8,0
2013,Loulé,1085.8,120.5,485.7,169.7,164.3,8927.0,4629.8,0
2013,Lourinhã,340.6,192.3,428.6,287.5,375.0,1555.0,1435.8,1
2013,Lousada,726.6,171.4,269.2,48.2,288.9,3858.0,3757.9,0
2013,Lousã,279.0,911.898627596439,996.7853123977756,2650.0,800.0,1159.0,1128.0,3
2013,Macedo de Cavaleiros,238.3,2400.0,550.0,206.7,1200.0,828.0,994.9,2
2013,Mafra,832.7,117.9,263.6,118.9,113.8,9153.0,3686.4,0
2013,Mangualde,300.9,1250.0,3000.0,1000.0,750.0,3145.0,1303.6,3
2013,Manteigas,38.7,911.898627596439,500.0,66.7,608.1002453557659,195.0,216.1,2
2013,Marco de Canaveses,1072.3,625.0,217.6,81.0,1333.3,4889.0,5222.1,0
2013,Marinha Grande,460.6,183.3,850.0,344.4,192.3,6055.0,2131.0,1
2013,Marvão,34.8,911.898627596439,200.0,200.0,608.1002453557659,122.0,153.8,2
2013,Mação,64.3,911.898627596439,600.0,66.7,608.1002453557659,471.0,283.8,2
2013,Mealhada,248.8,1500.0,2600.0,1533.3,157.1,2473.0,1011.3,3
2013,Melgaço,73.9,911.898627596439,800.0,700.0,608.1002453557659,334.0,250.6,2
2013,Mesão Frio,92.4,911.898627596439,300.0,225.0,608.1002453557659,186.0,446.3,2
2013,Mira,177.5,400.0,1300.0,3400.0,608.1002453557659,785.0,723.9,3
2013,Miranda do Corvo,166.8,911.898627596439,1350.0,362.5,608.1002453557659,527.0,669.9,2
2013,Miranda do Douro,96.8,911.898627596439,900.0,271.4,608.1002453557659,435.0,325.2,2
2013,Mirandela,450.4,911.898627596439,3500.0,431.3,366.7,1453.0,1881.8,3
2013,Mogadouro,124.1,911.898627596439,1100.0,157.1,608.1002453557659,427.0,503.2,2
2013,Moimenta da Beira,185.8,2200.0,400.0,147.1,433.3,677.0,779.3,2
2013,Moita,1155.3,250.0,440.0,515.4,107.1,2320.0,4939.8,0
2013,Monchique,68.8,900.0,500.0,75.0,300.0,291.0,367.5,2
2013,Mondim de Basto,121.4,1500.0,233.3,125.0,608.1002453557659,272.0,548.8,2
2013,Monforte,58.5,911.898627596439,200.0,40.0,200.0,213.0,230.5,1
2013,Montalegre,102.7,911.898627596439,700.0,61.5,608.1002453557659,396.0,439.6,2
2013,Montemor-o-Novo,195.2,1000.0,1400.0,480.0,225.0,1488.0,795.8,2
2013,Montemor-o-Velho,432.3,911.898627596439,3700.0,1080.0,466.7,1091.0,1716.3,3
2013,Montijo,857.8,107.7,161.9,776.9,90.5,3429.0,3672.8,0
2013,Monção,198.3,440.0,2100.0,800.0,1300.0,1222.0,727.2,3
2013,Mora,41.1,120.0,996.7853123977756,233.3,400.0,333.0,254.2,2
2013,Mortágua,75.6,911.898627596439,900.0,271.4,300.0,979.0,321.1,2
2013,Moura,368.8,400.0,140.0,217.6,366.7,1000.0,1528.6,1
2013,Mourão,56.3,100.0,100.0,25.0,608.1002453557659,91.0,231.2,1
2013,Murtosa,122.0,800.0,400.0,214.3,266.7,611.0,492.3,2
2013,Murça,90.9,500.0,996.7853123977756,166.7,300.0,229.0,395.5,2
2013,Mértola,67.5,250.0,200.0,125.0,700.0,421.0,374.5,1
2013,Mêda,39.2,911.898627596439,996.7853123977756,1160.0324398797595,608.1002453557659,261.0,155.1,2
2013,Nazaré,230.2,900.0,450.0,262.5,200.0,859.0,875.7,1
2013,Nelas,201.9,550.0,996.7853123977756,291.7,275.0,1157.0,893.4,2
2013,Nisa,93.3,911.898627596439,996.7853123977756,300.0,608.1002453557659,284.0,377.6,2
2013,Odemira,320.0,222.2,211.1,133.3,92.3,2095.0,1488.8,1
2013,Odivelas,1816.3,112.7,352.4,457.3,68.6,6954.0,7981.9,0
2013,Oleiros,45.8,400.0,200.0,166.7,608.1002453557659,374.0,224.9,2
2013,Olhão,742.4,238.5,166.7,279.4,61.5,2283.0,3117.5,1
2013,Oliveira de Azeméis,679.8,200.0,358.8,337.0,213.3,10987.0,3246.1,0
2013,Oliveira de Frades,119.8,1400.0,700.0,420.0,608.1002453557659,2237.0,494.1,2
2013,Oliveira do Bairro,312.2,400.0,400.0,266.7,266.7,2381.0,1234.1,1
2013,Oliveira do Hospital,270.4,911.898627596439,475.0,194.4,150.0,1793.0,1127.5,1
2013,Ourique,66.8,800.0,500.0,100.0,500.0,317.0,321.0,2
2013,Ourém,437.3,372.7,400.0,284.4,966.7,5425.0,1901.5,1
2013,Ovar,823.4,80.7,957.1,559.1,192.9,6393.0,4230.4,0
2013,Palmela,729.9,153.8,391.7,194.7,87.5,10638.0,3396.0,0
2013,Pampilhosa da Serra,16.7,100.0,20.0,28.6,608.1002453557659,230.0,128.3,1
2013,Paredes,1652.1,152.8,317.2,120.8,238.9,7580.0,8583.3,0
2013,Paredes de Coura,129.7,400.0,300.0,80.0,100.0,361.0,613.9,1
2013,Paços de Ferreira,934.0,163.6,227.8,96.7,147.1,6534.0,5482.9,0
2013,Pedrógão Grande,35.5,911.898627596439,996.7853123977756,800.0,608.1002453557659,279.0,199.3,2
2013,Penacova,134.0,911.898627596439,900.0,1166.7,608.1002453557659,792.0,630.8,2
2013,Penafiel,1265.8,239.3,452.9,181.3,571.4,6004.0,6045.0,0
2013,Penalva do Castelo,88.1,500.0,1200.0,350.0,608.1002453557659,515.0,435.6,2
2013,Penamacor,39.2,911.898627596439,996.7853123977756,180.0,608.1002453557659,241.0,203.7,2
2013,Penedono,38.2,911.898627596439,996.7853123977756,1160.0324398797595,100.0,119.0,145.4,2
2013,Penela,61.2,911.898627596439,996.7853123977756,1100.0,608.1002453557659,580.0,276.1,2
2013,Peniche,421.8,266.7,850.0,253.8,127.3,1898.0,1682.3,1
2013,Peso da Régua,313.9,1100.0,700.0,328.6,128.6,1156.0,1428.1,2
2013,Pinhel,85.3,911.898627596439,300.0,475.0,608.1002453557659,600.0,390.8,2
2013,Pombal,479.9,376.9,760.0,272.7,300.0,6417.0,2367.7,1
2013,Ponte da Barca,166.0,911.898627596439,1000.0,550.0,300.0,694.0,798.5,2
2013,Ponte de Sor,229.0,600.0,996.7853123977756,200.0,180.0,1068.0,1271.7,1
2013,Portalegre,426.8,800.0,442.9,296.6,228.6,1773.0,1484.8,1
2013,Portel,108.3,250.0,100.0,133.3,350.0,266.0,463.8,1
2013,Portimão,1121.8,117.4,331.3,253.6,80.0,5238.0,4915.4,0
2013,Porto de Mós,268.1,625.0,316.7,129.2,566.7,2609.0,1263.1,1
2013,Proença-a-Nova,80.5,911.898627596439,275.0,115.4,608.1002453557659,520.0,361.2,2
2013,Póvoa de Lanhoso,302.8,625.0,1000.0,562.5,200.0,1481.0,1467.9,1
2013,Póvoa de Varzim,974.1,238.5,460.0,250.8,84.4,4926.0,4429.3,0
2013,Redondo,131.0,300.0,200.0,133.3,133.3,450.0,483.8,1
2013,Reguengos de Monsaraz,216.2,800.0,996.7853123977756,230.0,608.1002453557659,720.0,826.6,2
2013,Resende,230.0,1800.0,500.0,71.4,250.0,317.0,1085.7,2
2013,Ribeira de Pena,100.7,911.898627596439,500.0,64.3,608.1002453557659,323.0,489.1,2
2013,Rio Maior,243.0,87.5,996.7853123977756,209.5,188.9,2233.0,1069.2,1
2013,Sabrosa,103.8,911.898627596439,996.7853123977756,350.0,500.0,416.0,426.2,2
2013,Sabugal,115.1,1500.0,266.7,500.0,608.1002453557659,668.0,444.6,2
2013,Salvaterra de Magos,343.0,163.6,375.0,200.0,233.3,1335.0,1680.5,1
2013,Santa Comba Dão,119.4,911.898627596439,996.7853123977756,900.0,400.0,632.0,601.6,2
2013,Santa Maria da Feira,1897.7,83.1,1280.0,318.8,379.2,15197.0,9783.7,0
2013,Santa Marta de Penaguião,109.3,911.898627596439,996.7853123977756,275.0,608.1002453557659,163.0,508.2,2
2013,Santarém,831.8,276.2,408.3,416.1,276.9,5199.0,3364.1,0
2013,Santiago do Cacém,434.8,540.0,292.3,334.8,650.0,1807.0,1658.8,1
2013,Santo Tirso,1227.0,102.8,368.4,171.3,522.2,7396.0,7025.3,0
2013,Sardoal,55.8,911.898627596439,996.7853123977756,1000.0,608.1002453557659,144.0,253.4,2
2013,Seia,290.4,911.898627596439,996.7853123977756,583.3,325.0,1625.0,1482.8,2
2013,Sernancelhe,73.0,911.898627596439,996.7853123977756,75.0,800.0,321.0,326.8,2
2013,Serpa,262.2,280.0,325.0,206.7,800.0,771.0,1182.2,1
2013,Sertã,186.0,911.898627596439,183.3,166.7,225.0,1067.0,897.3,1
2013,Sesimbra,652.8,192.9,272.2,357.1,275.0,2276.0,2818.0,1
2013,Setúbal,1858.6,171.2,584.0,704.5,88.1,10317.0,8027.9,0
2013,Sever do Vouga,108.3,550.0,400.0,350.0,608.1002453557659,1131.0,608.5,2
2013,Silves,442.8,123.5,775.0,295.7,100.0,2107.0,2077.3,1
2013,Sines,315.5,260.0,200.0,414.3,85.7,3852.0,1274.9,1
2013,Sobral de Monte Agraço,102.7,133.3,996.7853123977756,1160.0324398797595,33.3,674.0,531.4,1
2013,Soure,194.4,900.0,2000.0,511.1,400.0,727.0,911.4,2
2013,Sousel,78.9,911.898627596439,400.0,233.3,200.0,364.0,263.8,2
2013,Sátão,145.7,911.898627596439,1400.0,250.0,608.1002453557659,643.0,690.5,2
2013,São Brás de Alportel,115.3,500.0,600.0,200.0,200.0,610.0,523.5,1
2013,São João da Madeira,317.4,130.8,750.0,183.7,900.0,3481.5006715916725,1430.5,1
2013,São João da Pesqueira,100.5,700.0,996.7853123977756,100.0,608.1002453557659,473.0,396.4,2
2013,São Pedro do Sul,192.2,911.898627596439,996.7853123977756,306.3,1700.0,889.0,881.8,2
2013,Tabuaço,119.3,900.0,600.0,42.9,608.1002453557659,208.0,570.1,2
2013,Tarouca,116.9,911.898627596439,996.7853123977756,88.9,300.0,437.0,648.0,2
2013,Tavira,340.3,216.7,520.0,329.4,70.0,1657.0,1556.7,1
2013,Terras de Bouro,101.2,200.0,500.0,180.0,150.0,366.0,499.8,1
2013,Tomar,502.2,236.4,996.7853123977756,846.7,442.9,2196.0,2038.5,1
2013,Tondela,246.4,911.898627596439,1800.0,523.1,2000.0,2345.0,1149.2,3
2013,Torre de Moncorvo,98.1,911.898627596439,1300.0,190.9,500.0,702.0,500.8,2
2013,Torres Novas,398.8,387.5,900.0,533.3,383.3,3550.0,1658.8,1
2013,Torres Vedras,1100.8,127.3,225.0,342.6,168.2,7375.0,4587.8,0
2013,Trancoso,91.2,911.898627596439,800.0,140.0,1100.0,770.0,355.2,2
2013,Trofa,681.8,112.5,372.7,162.5,420.0,6456.0,4042.3,0
2013,Tábua,137.1,700.0,500.0,214.3,608.1002453557659,1043.0,723.7,2
2013,Vagos,251.8,800.0,550.0,341.7,608.1002453557659,1563.0,1026.5,2
2013,Vale de Cambra,226.3,475.0,1400.0,528.6,608.1002453557659,3481.5006715916725,864.8,2
2013,Valença,207.2,1100.0,996.7853123977756,342.9,500.0,1482.0,878.8,2
2013,Valongo,1962.2,143.1,495.0,933.3,311.8,6490.0,9294.1,0
2013,Valpaços,184.6,2500.0,900.0,244.4,500.0,653.0,980.7,2
2013,Vendas Novas,116.4,333.3,240.0,211.1,200.0,979.0,514.2,1
2013,Viana do Alentejo,79.9,250.0,250.0,350.0,150.0,240.0,305.9,1
2013,Viana do Castelo,1291.9,468.2,1120.0,428.6,164.0,8667.0,5607.8,0
2013,Vidigueira,86.6,166.7,800.0,175.0,300.0,261.0,391.8,1
2013,Vieira do Minho,195.1,911.898627596439,1500.0,116.7,400.0,704.0,973.7,2
2013,Vila Flor,84.4,911.898627596439,996.7853123977756,66.7,608.1002453557659,358.0,422.3,2
2013,Vila Franca de Xira,1780.5,88.6,189.8,297.9,73.4,12461.0,7575.0,0
2013,Vila Nova da Barquinha,95.9,911.898627596439,300.0,285.7,800.0,195.0,307.7,2
2013,Vila Nova de Cerveira,91.0,1100.0,800.0,200.0,100.0,1267.0,431.6,2
2013,Vila Nova de Famalicão,1921.9,188.7,500.0,226.9,138.6,17941.0,10391.7,0
2013,Vila Nova de Foz Côa,96.0,911.898627596439,600.0,500.0,150.0,449.0,340.8,2
2013,Vila Nova de Paiva,75.3,911.898627596439,996.7853123977756,220.0,608.1002453557659,187.0,333.6,2
2013,Vila Nova de Poiares,99.8,911.898627596439,1400.0,450.0,100.0,593.0,439.9,2
2013,Vila Pouca de Aguiar,135.3,2000.0,996.7853123977756,337.5,350.0,687.0,784.9,2
2013,Vila Real,1046.8,439.1,727.3,592.6,700.0,3704.0,3719.7,0
2013,Vila Real de Santo António,366.7,137.5,287.5,300.0,200.0,1470.0,1645.5,1
2013,Vila Velha de Ródão,25.3,911.898627596439,996.7853123977756,300.0,608.1002453557659,373.0,127.5,2
2013,Vila Verde,675.4,65.2,950.0,1333.3,500.0,3301.0,2964.0,1
2013,Vila Viçosa,110.8,911.898627596439,1200.0,169.2,608.1002453557659,946.0,442.0,2
2013,Vila de Rei,25.3,911.898627596439,996.7853123977756,60.0,608.1002453557659,179.0,109.2,2
2013,Vila do Bispo,53.9,100.0,100.0,150.0,200.0,516.0,246.3,1
2013,Vila do Conde,1160.5,137.8,1716.7,348.8,300.0,9997.0,5740.8,0
2013,Vimioso,50.3,911.898627596439,350.0,100.0,608.1002453557659,176.0,188.6,2
2013,Vinhais,101.8,911.898627596439,996.7853123977756,275.0,608.1002453557659,320.0,455.8,2
2013,Viseu,1720.8,537.5,636.8,409.0,464.7,10392.0,6187.1,0
2013,Vizela,286.3,38.9,266.7,113.9,140.0,2483.0,1808.0,1
2013,Vouzela,109.1,1100.0,450.0,200.0,608.1002453557659,610.0,515.5,2
2013,Águeda,571.6,1333.3,345.5,454.5,212.5,6212.0,2719.2,1
2013,Évora,1063.0,508.3,406.3,411.4,145.0,6052.0,3838.9,0
2013,Ílhavo,571.1,1266.7,540.0,778.6,500.0,2827.0,2428.4,2
2013,Óbidos,124.2,400.0,850.0,350.0,450.0,1213.0,624.2,2
2014,Aguiar da Beira,42.2,800.0,500.0,80.0,608.1002453557659,385.0,230.3,2
2014,Alandroal,66.3,911.898627596439,400.0,150.0,608.1002453557659,229.0,303.4,2
2014,Albergaria-a-Velha,241.9,2400.0,2700.0,1625.0,262.5,3612.0,1173.8,3
2014,Albufeira,635.5,725.0,800.0,405.3,170.0,6737.0,2697.9,0
2014,Alcanena,97.9,433.3,996.7853123977756,3800.0,1300.0,2244.0,434.7,3
2014,Alcobaça,466.7,433.3,633.3,536.4,216.7,5892.0,2347.8,1
2014,Alcochete,200.7,162.5,325.0,341.7,88.9,1793.0,912.2,1
2014,Alcoutim,12.6,911.898627596439,996.7853123977756,50.0,608.1002453557659,125.0,75.0,2
2014,Alcácer do Sal,113.0,100.0,996.7853123977756,200.0,900.0,838.0,517.3,2
2014,Alenquer,355.5,1550.0,780.0,690.9,420.0,5507.0,1941.7,2
2014,Alfândega da Fé,65.8,911.898627596439,500.0,300.0,608.1002453557659,196.0,337.7,2
2014,Alijó,156.2,900.0,996.7853123977756,650.0,233.3,850.0,686.4,2
2014,Aljezur,50.8,200.0,996.7853123977756,40.0,608.1002453557659,282.0,262.7,2
2014,Aljustrel,96.5,911.898627596439,996.7853123977756,233.3,608.1002453557659,1149.0,391.4,2
2014,Almeida,52.9,911.898627596439,996.7853123977756,366.7,800.0,356.0,214.9,2
2014,Almeirim,264.7,550.0,2000.0,2033.3,300.0,1536.0,1263.5,2
2014,Almodôvar,67.9,911.898627596439,996.7853123977756,500.0,900.0,315.0,377.0,2
2014,Alpiarça,82.8,911.898627596439,600.0,200.0,608.1002453557659,486.0,410.4,2
2014,Alter do Chão,48.1,911.898627596439,996.7853123977756,300.0,608.1002453557659,179.0,187.5,2
2014,Alvaiázere,55.3,911.898627596439,996.7853123977756,350.0,608.1002453557659,609.0,329.8,2
2014,Alvito,31.2,911.898627596439,100.0,1160.0324398797595,608.1002453557659,120.0,117.1,2
2014,Amarante,814.9,1625.0,500.0,167.3,1650.0,4833.0,4469.1,0
2014,Amares,269.9,911.898627596439,996.7853123977756,4100.0,608.1002453557659,1433.0,1393.3,3
2014,Anadia,230.4,966.7,1850.0,1128.6,200.0,2650.0,1160.4,2
2014,Ansião,128.8,911.898627596439,1600.0,272.7,300.0,1124.0,667.8,2
2014,Arcos de Valdevez,181.9,550.0,1900.0,875.0,100.0,1528.0,963.3,2
2014,Arganil,112.6,333.3,996.7853123977756,420.0,608.1002453557659,783.0,610.6,2
2014,Armamar,67.4,911.898627596439,996.7853123977756,600.0,608.1002453557659,376.0,407.7,2
2014,Arouca,170.0,400.0,566.7,542.9,550.0,2239.0,827.4,1
2014,Arraiolos,77.3,911.898627596439,996.7853123977756,300.0,608.1002453557659,524.0,376.7,2
2014,Arronches,34.4,911.898627596439,100.0,125.0,608.1002453557659,176.0,133.6,2
2014,Arruda dos Vinhos,93.2,112.5,425.0,209.1,500.0,1332.0,515.5,1
2014,Aveiro,1030.6,1087.5,1357.1,1220.8,239.1,12571.0,4191.8,0
2014,Avis,50.3,911.898627596439,500.0,100.0,608.1002453557659,401.0,225.5,2
2014,Azambuja,200.6,242.9,2000.0,185.7,46.2,2716.0,936.1,2
2014,Baião,357.8,1600.0,1100.0,106.7,120.0,927.0,1989.6,2
2014,Barcelos,1005.7,677.8,614.3,363.3,517.6,13307.0,5642.0,0
2014,Barrancos,26.4,911.898627596439,200.0,100.0,608.1002453557659,131.0,133.0,2
2014,Barreiro,1038.5,233.3,1800.0,970.4,86.1,4040.0,5073.0,0
2014,Batalha,114.9,200.0,300.0,300.0,1000.0,2569.0,573.3,2
2014,Beja,511.0,1800.0,680.0,1100.0,250.0,3161.0,1915.0,2
2014,Belmonte,93.2,1200.0,996.7853123977756,320.0,608.1002453557659,432.0,495.3,2
2014,Benavente,353.5,1100.0,996.7853123977756,716.7,1050.0,3279.0,1762.5,2
2014,Bombarral,110.0,650.0,996.7853123977756,1100.0,450.0,845.0,563.5,2
2014,Borba,81.3,911.898627596439,996.7853123977756,600.0,608.1002453557659,499.0,396.3,2
2014,Boticas,63.2,911.898627596439,996.7853123977756,300.0,300.0,323.0,315.8,2
2014,Bragança,469.8,2633.3,883.3,968.8,362.5,2364.0,1754.3,2
2014,Cabeceiras de Basto,274.3,3400.0,350.0,106.3,1400.0,908.0,1407.5,3
2014,Cadaval,112.1,88.9,266.7,600.0,1100.0,799.0,596.1,2
2014,Caldas da Rainha,559.6,183.9,110.8,191.3,380.0,4127.0,2436.8,1
2014,Caminha,229.0,911.898627596439,996.7853123977756,4100.0,220.0,850.0,906.0,3
2014,Campo Maior,130.9,911.898627596439,996.7853123977756,133.3,133.3,1127.0,510.0,2
2014,Cantanhede,342.8,650.0,1100.0,918.2,314.3,3627.0,1616.8,1
2014,Carrazeda de Ansiães,87.4,911.898627596439,800.0,450.0,200.0,256.0,328.9,2
2014,Carregal do Sal,99.4,911.898627596439,996.7853123977756,428.6,608.1002453557659,681.0,564.8,2
2014,Cartaxo,225.3,211.1,1300.0,645.5,280.0,1380.0,1103.8,2
2014,Castanheira de Pêra,34.8,911.898627596439,996.7853123977756,1160.0324398797595,608.1002453557659,161.0,220.2,2
2014,Castelo Branco,731.6,1850.0,1450.0,944.4,685.7,4848.0,3263.5,3
2014,Castelo de Paiva,226.5,325.0,450.0,222.2,608.1002453557659,884.0,1309.8,1
2014,Castelo de Vide,41.2,911.898627596439,300.0,200.0,300.0,198.0,154.2,2
2014,Castro Daire,169.2,911.898627596439,996.7853123977756,433.3,608.1002453557659,956.0,935.8,2
2014,Castro Marim,65.6,300.0,700.0,100.0,66.7,358.0,347.0,1
2014,Castro Verde,74.0,911.898627596439,800.0,533.3,608.1002453557659,2008.0,315.4,2
2014,Celorico da Beira,94.4,911.898627596439,996.7853123977756,366.7,550.0,374.0,446.4,2
2014,Celorico de Basto,308.3,3200.0,1100.0,750.0,608.1002453557659,1099.0,1580.8,3
2014,Chamusca,85.0,911.898627596439,1000.0,1160.0324398797595,500.0,803.0,425.2,2
2014,Chaves,570.7,1516.7,1275.0,786.7,183.3,2559.0,2555.3,2
2014,Cinfães,406.5,2800.0,325.0,92.0,1200.0,1030.0,2315.5,2
2014,Condeixa-a-Nova,152.0,911.898627596439,996.7853123977756,1160.0324398797595,1300.0,840.0,726.4,2
2014,Constância,62.2,911.898627596439,996.7853123977756,233.3,608.1002453557659,522.0,232.3,2
2014,Coruche,159.8,800.0,500.0,450.0,1300.0,1614.0,944.1,2
2014,Covilhã,684.7,916.7,625.0,715.0,454.5,4148.0,3189.2,0
2014,Crato,37.0,911.898627596439,996.7853123977756,150.0,200.0,162.0,177.0,2
2014,Cuba,64.4,911.898627596439,996.7853123977756,1160.0324398797595,608.1002453557659,177.0,253.7,2
2014,Elvas,451.5,833.3,525.0,239.1,175.0,1452.0,1779.1,1
2014,Entroncamento,230.8,262.5,287.5,985.7,118.2,1626.0,859.3,1
2014,Espinho,573.1,600.0,996.7853123977756,615.0,650.0,1733.0,3107.8,2
2014,Esposende,321.8,733.3,2000.0,1100.0,350.0,3228.0,1578.8,2
2014,Estarreja,308.2,212.5,2500.0,1750.0,162.5,3275.0,1448.3,3
2014,Estremoz,183.2,266.7,650.0,511.1,300.0,1112.0,767.5,1
2014,Fafe,659.6,850.0,966.7,261.1,176.5,4019.0,3461.2,0
2014,Faro,759.2,353.8,640.0,521.1,50.0,6740.0,3393.1,0
2014,Felgueiras,449.2,700.0,820.0,194.7,133.3,9507.0,2446.5,0
2014,Ferreira do Alentejo,102.2,1000.0,700.0,366.7,250.0,689.0,487.8,2
2014,Ferreira do Zêzere,47.8,600.0,500.0,250.0,700.0,724.0,250.4,2
2014,Figueira da Foz,773.8,435.7,1650.0,2010.0,291.7,6622.0,3973.4,0
2014,Figueira de Castelo Rodrigo,73.9,911.898627596439,996.7853123977756,260.0,150.0,209.0,268.2,2
2014,Figueiró dos Vinhos,73.6,911.898627596439,600.0,750.0,300.0,306.0,411.4,2
2014,Fornos de Algodres,38.9,911.898627596439,996.7853123977756,333.3,608.1002453557659,241.0,217.3,2
2014,Freixo de Espada à Cinta,60.3,911.898627596439,996.7853123977756,100.0,200.0,245.0,276.8,2
2014,Fronteira,38.1,911.898627596439,500.0,300.0,608.1002453557659,213.0,187.0,2
2014,Fundão,327.9,911.898627596439,933.3,780.0,1033.3,2328.0,1621.9,2
2014,Gavião,38.2,911.898627596439,996.7853123977756,133.3,608.1002453557659,110.0,195.5,2
2014,Golegã,53.8,911.898627596439,800.0,850.0,500.0,372.0,217.8,2
2014,Gouveia,135.2,911.898627596439,996.7853123977756,733.3,1000.0,629.0,720.3,2
2014,Grândola,138.0,275.0,1400.0,575.0,450.0,814.0,558.8,2
2014,Guarda,577.0,1085.7,2150.0,642.9,533.3,4291.0,2412.1,3
2014,Góis,41.8,150.0,996.7853123977756,400.0,608.1002453557659,204.0,184.5,2
2014,Idanha-a-Nova,99.3,911.898627596439,500.0,650.0,350.0,544.0,437.3,2
2014,Lagoa,294.7,157.1,733.3,105.9,175.0,2474.0,1527.7,1
2014,Lagos,333.7,111.1,380.0,706.3,75.0,2650.0,1726.5,1
2014,Lamego,610.3,2450.0,1300.0,377.3,500.0,1612.0,2930.0,2
2014,Leiria,1267.6,333.3,656.3,487.9,173.3,18095.0,5696.1,0
2014,Loulé,854.1,369.2,744.4,294.5,366.7,9306.0,3962.1,0
2014,Lourinhã,237.8,150.0,1700.0,816.7,425.0,1773.0,1226.6,2
2014,Lousada,636.4,620.0,1800.0,135.7,428.6,4414.0,3467.2,0
2014,Lousã,224.0,911.898627596439,1900.0,1160.0324398797595,1300.0,1211.0,948.3,3
2014,Macedo de Cavaleiros,201.7,2200.0,766.7,300.0,608.1002453557659,812.0,910.1,2
2014,Mafra,633.4,269.2,220.8,119.0,185.0,8933.0,3254.3,0
2014,Mangualde,238.3,911.898627596439,996.7853123977756,900.0,750.0,2901.0,1153.3,2
2014,Manteigas,40.5,300.0,500.0,100.0,608.1002453557659,159.0,197.8,2
2014,Marco de Canaveses,923.1,1080.0,194.1,172.4,1500.0,4909.0,5030.6,0
2014,Marinha Grande,410.6,342.9,560.0,568.4,433.3,6134.0,1966.8,1
2014,Marvão,29.7,911.898627596439,996.7853123977756,100.0,608.1002453557659,144.0,128.7,2
2014,Mação,46.3,911.898627596439,400.0,260.0,608.1002453557659,467.0,268.8,2
2014,Mealhada,164.6,911.898627596439,996.7853123977756,1160.0324398797595,750.0,2558.0,831.9,2
2014,Melgaço,48.8,900.0,996.7853123977756,300.0,608.1002453557659,361.0,195.7,2
2014,Mesão Frio,73.7,911.898627596439,996.7853123977756,500.0,608.1002453557659,141.0,415.2,2
2014,Mira,143.0,1300.0,996.7853123977756,1160.0324398797595,608.1002453557659,782.0,653.3,2
2014,Miranda do Corvo,142.2,1300.0,950.0,1133.3,1100.0,456.0,588.0,2
2014,Miranda do Douro,61.6,911.898627596439,996.7853123977756,566.7,608.1002453557659,431.0,248.4,2
2014,Mirandela,376.8,911.898627596439,1066.7,563.6,466.7,1466.0,1725.5,2
2014,Mogadouro,114.8,911.898627596439,366.7,220.0,608.1002453557659,435.0,529.9,2
2014,Moimenta da Beira,153.1,911.898627596439,366.7,362.5,600.0,623.0,701.9,2
2014,Moita,1015.3,1066.7,508.3,475.0,136.4,2395.0,4848.8,0
2014,Monchique,53.3,600.0,996.7853123977756,100.0,608.1002453557659,280.0,320.7,2
2014,Mondim de Basto,124.5,911.898627596439,1000.0,216.7,608.1002453557659,270.0,560.3,2
2014,Monforte,55.2,911.898627596439,50.0,100.0,608.1002453557659,231.0,214.0,2
2014,Montalegre,95.5,1600.0,996.7853123977756,250.0,608.1002453557659,448.0,423.3,2
2014,Montemor-o-Novo,162.1,911.898627596439,996.7853123977756,420.0,333.3,1468.0,717.7,2
2014,Montemor-o-Velho,354.9,911.898627596439,996.7853123977756,1160.0324398797595,500.0,1183.0,1509.1,2
2014,Montijo,715.0,226.7,450.0,833.3,123.5,3582.0,3253.8,1
2014,Monção,159.8,911.898627596439,1700.0,1160.0324398797595,1500.0,1154.0,662.9,3
2014,Mora,42.7,911.898627596439,996.7853123977756,300.0,608.1002453557659,306.0,210.1,2
2014,Mortágua,69.3,911.898627596439,996.7853123977756,1250.0,400.0,994.0,335.6,2
2014,Moura,306.8,600.0,600.0,471.4,700.0,935.0,1389.9,2
2014,Mourão,63.7,911.898627596439,400.0,200.0,608.1002453557659,100.0,279.4,2
2014,Murtosa,98.4,911.898627596439,996.7853123977756,700.0,900.0,566.0,442.3,2
2014,Murça,80.1,500.0,700.0,650.0,608.1002453557659,194.0,382.8,2
2014,Mértola,67.1,700.0,996.7853123977756,150.0,600.0,421.0,371.3,2
2014,Mêda,30.6,911.898627596439,996.7853123977756,350.0,608.1002453557659,240.0,124.0,2
2014,Nazaré,186.7,133.3,600.0,300.0,200.0,903.0,712.5,1
2014,Nelas,179.1,450.0,996.7853123977756,542.9,260.0,1241.0,855.8,2
2014,Nisa,73.3,911.898627596439,996.7853123977756,180.0,608.1002453557659,269.0,335.7,2
2014,Odemira,262.1,950.0,300.0,186.4,130.0,2306.0,1250.2,1
2014,Odivelas,1532.0,154.5,586.4,703.4,87.5,6978.0,7498.0,0
2014,Oleiros,40.3,400.0,300.0,133.3,608.1002453557659,394.0,222.6,2
2014,Olhão,553.6,500.0,600.0,505.3,110.0,2465.0,2532.1,1
2014,Oliveira de Azeméis,551.0,153.6,700.0,807.7,528.6,11257.0,2686.9,0
2014,Oliveira de Frades,96.2,911.898627596439,996.7853123977756,250.0,608.1002453557659,2236.0,434.3,2
2014,Oliveira do Bairro,229.8,850.0,996.7853123977756,483.3,300.0,2603.0,1017.3,2
2014,Oliveira do Hospital,232.0,2600.0,996.7853123977756,323.1,280.0,1891.0,1094.8,2
2014,Ourique,49.4,900.0,600.0,600.0,608.1002453557659,353.0,248.0,2
2014,Ourém,346.5,650.0,975.0,570.6,1600.0,5153.0,1675.4,3
2014,Ovar,727.8,880.0,750.0,700.0,221.4,6693.0,3919.6,0
2014,Palmela,542.4,215.8,427.3,277.3,100.0,10781.0,2926.2,0
2014,Pampilhosa da Serra,11.0,911.898627596439,996.7853123977756,100.0,608.1002453557659,238.0,113.0,2
2014,Paredes,1324.3,278.9,482.4,310.5,373.3,8001.0,7803.0,0
2014,Paredes de Coura,84.5,900.0,996.7853123977756,200.0,608.1002453557659,354.0,479.5,2
2014,Paços de Ferreira,793.2,200.0,323.1,205.6,186.7,6907.0,5113.2,0
2014,Pedrógão Grande,33.5,911.898627596439,400.0,600.0,608.1002453557659,246.0,212.3,2
2014,Penacova,108.3,1200.0,996.7853123977756,1133.3,608.1002453557659,811.0,592.2,2
2014,Penafiel,1041.9,766.7,609.1,373.5,800.0,6269.0,5611.6,0
2014,Penalva do Castelo,89.3,200.0,996.7853123977756,766.7,608.1002453557659,516.0,444.1,2
2014,Penamacor,41.3,911.898627596439,996.7853123977756,366.7,608.1002453557659,277.0,237.9,2
2014,Penedono,32.7,911.898627596439,996.7853123977756,100.0,608.1002453557659,110.0,144.2,2
2014,Penela,57.3,911.898627596439,900.0,1160.0324398797595,608.1002453557659,599.0,251.4,2
2014,Peniche,344.9,300.0,650.0,660.0,171.4,1773.0,1432.9,1
2014,Peso da Régua,295.3,911.898627596439,1200.0,860.0,250.0,1159.0,1454.3,2
2014,Pinhel,61.3,911.898627596439,996.7853123977756,475.0,608.1002453557659,610.0,301.9,2
2014,Pombal,366.3,540.0,900.0,568.4,355.6,6434.0,2056.2,1
2014,Ponte da Barca,131.1,911.898627596439,996.7853123977756,1100.0,300.0,637.0,671.0,2
2014,Ponte de Lima,392.5,2200.0,3500.0,573.3,1450.0,3065.0,2094.7,3
2014,Ponte de Sor,187.8,700.0,1600.0,2000.0,200.0,1109.0,997.4,2
2014,Portalegre,317.3,911.898627596439,1250.0,404.8,525.0,1813.0,1232.0,2
2014,Portel,84.3,600.0,996.7853123977756,333.3,800.0,294.0,373.7,2
2014,Portimão,891.4,108.0,662.5,448.8,129.4,5109.0,4312.1,0
2014,Porto de Mós,196.0,2700.0,950.0,585.7,1900.0,2724.0,1057.7,3
2014,Proença-a-Nova,75.2,911.898627596439,1100.0,137.5,608.1002453557659,508.0,319.9,2
2014,Póvoa de Lanhoso,276.2,550.0,996.7853123977756,1733.3,500.0,1481.0,1422.3,2
2014,Póvoa de Varzim,751.1,338.9,676.9,424.3,147.4,5121.0,3965.2,0
2014,Redondo,97.3,911.898627596439,996.7853123977756,242.9,608.1002453557659,448.0,403.7,2
2014,Reguengos de Monsaraz,155.0,700.0,1400.0,200.0,900.0,724.0,702.6,2
2014,Resende,192.0,911.898627596439,996.7853123977756,166.7,600.0,312.0,1018.4,2
2014,Ribeira de Pena,85.7,911.898627596439,400.0,137.5,608.1002453557659,325.0,505.2,2
2014,Rio Maior,157.3,70.0,850.0,378.6,225.0,2156.0,805.8,1
2014,Sabrosa,72.4,911.898627596439,996.7853123977756,1100.0,400.0,433.0,402.3,2
2014,Sabugal,104.3,911.898627596439,125.0,400.0,608.1002453557659,674.0,392.3,2
2014,Salvaterra de Magos,233.8,911.898627596439,996.7853123977756,370.0,300.0,1475.0,1251.8,2
2014,Santa Comba Dão,98.3,911.898627596439,996.7853123977756,833.3,450.0,621.0,561.3,2
2014,Santa Maria da Feira,1592.1,161.5,1041.7,589.2,335.7,15468.0,8725.6,0
2014,Santa Marta de Penaguião,103.8,911.898627596439,996.7853123977756,500.0,608.1002453557659,219.0,541.7,2
2014,Santarém,579.3,655.6,450.0,503.8,266.7,5315.0,2765.3,1
2014,Santiago do Cacém,325.7,625.0,996.7853123977756,1050.0,475.0,1873.0,1562.5,2
2014,Santo Tirso,925.8,122.2,507.7,306.3,480.0,7193.0,5893.3,0
2014,Sardoal,43.3,911.898627596439,996.7853123977756,1100.0,608.1002453557659,176.0,217.5,2
2014,Seia,250.8,911.898627596439,1450.0,770.0,312.5,1698.0,1228.2,2
2014,Seixal,1760.7,218.2,471.0,960.0,65.2,7775.0,8637.9,0
2014,Sernancelhe,55.1,911.898627596439,996.7853123977756,1160.0324398797595,700.0,334.0,296.8,2
2014,Serpa,227.9,320.0,996.7853123977756,175.0,608.1002453557659,812.0,1032.2,2
2014,Sertã,185.7,1600.0,325.0,258.3,400.0,1109.0,811.7,2
2014,Sesimbra,469.6,245.5,733.3,584.2,262.5,2105.0,2237.3,1
2014,Setúbal,1461.5,325.0,1030.8,979.4,95.2,9911.0,7149.6,0
2014,Sever do Vouga,83.1,911.898627596439,1000.0,766.7,608.1002453557659,1162.0,522.2,2
2014,Silves,342.9,460.0,466.7,268.0,116.7,2377.0,1686.3,1
2014,Sines,251.3,911.898627596439,996.7853123977756,866.7,160.0,3637.0,1145.9,2
2014,Sobral de Monte Agraço,72.1,400.0,996.7853123977756,1600.0,50.0,781.0,423.7,2
2014,Soure,158.1,1800.0,2300.0,716.7,608.1002453557659,761.0,820.9,3
2014,Sousel,50.8,911.898627596439,996.7853123977756,300.0,608.1002453557659,358.0,220.5,2
2014,Sátão,130.5,911.898627596439,1100.0,483.3,1300.0,627.0,681.1,2
2014,São Brás de Alportel,86.0,911.898627596439,700.0,220.0,250.0,635.0,442.8,2
2014,São João da Madeira,275.8,233.3,1400.0,244.4,1000.0,4641.0,1324.8,2
2014,São João da Pesqueira,87.6,911.898627596439,996.7853123977756,150.0,608.1002453557659,498.0,377.1,2
2014,São Pedro do Sul,166.1,911.898627596439,1000.0,1566.7,633.3,963.0,831.5,2
2014,Tabuaço,110.0,900.0,300.0,75.0,608.1002453557659,226.0,552.8,2
2014,Tarouca,105.3,1400.0,500.0,200.0,400.0,390.0,655.4,2
2014,Tavira,237.2,300.0,1200.0,666.7,100.0,1790.0,1175.6,1
2014,Terras de Bouro,95.3,800.0,500.0,450.0,400.0,367.0,497.4,2
2014,Tomar,412.9,742.9,1500.0,1857.1,566.7,2312.0,1801.7,3
2014,Torre de Moncorvo,89.7,911.898627596439,1300.0,366.7,800.0,564.0,498.6,2
2014,Torres Novas,293.7,760.0,875.0,1080.0,312.5,3614.0,1455.3,1
2014,Torres Vedras,763.9,168.8,405.9,606.9,157.7,8030.0,3940.1,0
2014,Trancoso,78.7,911.898627596439,900.0,533.3,600.0,812.0,302.7,2
2014,Trofa,515.6,262.5,780.0,244.8,833.3,6656.0,3339.3,0
2014,Tábua,108.3,911.898627596439,996.7853123977756,850.0,400.0,1060.0,614.4,2
2014,Vagos,195.3,2500.0,1150.0,714.3,608.1002453557659,1736.0,862.3,2
2014,Vale de Cambra,190.1,911.898627596439,996.7853123977756,1000.0,608.1002453557659,3572.0,784.3,2
2014,Valença,166.9,500.0,996.7853123977756,766.7,900.0,1349.0,775.9,2
2014,Valongo,1683.2,128.6,529.4,1458.8,300.0,6531.0,8680.8,0
2014,Valpaços,180.3,911.898627596439,1400.0,380.0,608.1002453557659,657.0,925.0,2
2014,Vendas Novas,92.4,800.0,240.0,542.9,608.1002453557659,991.0,415.4,2
2014,Viana do Alentejo,77.1,911.898627596439,996.7853123977756,1500.0,300.0,259.0,297.6,2
2014,Viana do Castelo,1063.5,523.8,954.5,631.8,151.9,8882.0,5108.9,0
2014,Vidigueira,91.3,250.0,700.0,600.0,350.0,278.0,382.0,2
2014,Vieira do Minho,228.5,911.898627596439,996.7853123977756,466.7,608.1002453557659,697.0,1074.9,2
2014,Vila Flor,84.0,911.898627596439,996.7853123977756,1160.0324398797595,500.0,371.0,411.8,2
2014,Vila Franca de Xira,1395.3,116.1,460.0,375.3,92.6,14100.0,6658.2,0
2014,Vila Nova da Barquinha,80.0,911.898627596439,996.7853123977756,400.0,700.0,203.0,288.8,2
2014,Vila Nova de Cerveira,69.1,600.0,400.0,200.0,150.0,1299.0,373.2,1
2014,Vila Nova de Foz Côa,83.8,911.898627596439,300.0,1900.0,200.0,463.0,323.2,2
2014,Vila Nova de Paiva,72.6,911.898627596439,996.7853123977756,220.0,608.1002453557659,209.0,320.3,2
2014,Vila Nova de Poiares,87.8,450.0,996.7853123977756,2200.0,608.1002453557659,563.0,401.2,2
2014,Vila Pouca de Aguiar,122.3,1800.0,1600.0,660.0,800.0,708.0,765.2,2
2014,Vila Real,894.6,1212.5,528.6,1031.3,783.3,3767.0,3531.1,0
2014,Vila Real de Santo António,308.6,600.0,900.0,783.3,120.0,1429.0,1415.3,1
2014,Vila Velha de Ródão,17.7,911.898627596439,996.7853123977756,150.0,608.1002453557659,409.0,114.8,2
2014,Vila Verde,598.3,369.2,1300.0,1457.1,820.0,3401.0,2754.2,3
2014,Vila Viçosa,88.2,911.898627596439,1300.0,675.0,600.0,962.0,415.3,2
2014,Vila de Rei,17.9,911.898627596439,996.7853123977756,500.0,608.1002453557659,187.0,107.8,2
2014,Vila do Bispo,34.8,133.3,400.0,100.0,300.0,513.0,203.5,1
2014,Vila do Conde,929.5,233.3,1300.0,855.6,323.5,10063.0,4892.8,0
2014,Vimioso,48.7,911.898627596439,996.7853123977756,75.0,608.1002453557659,171.0,182.8,2
2014,Vinhais,101.8,911.898627596439,996.7853123977756,1160.0324398797595,608.1002453557659,353.0,478.7,2
2014,Viseu,1421.3,1054.5,1325.0,624.0,435.0,10591.0,5791.2,0
2014,Vizela,231.8,62.5,600.0,208.7,250.0,2600.0,1476.8,1
2014,Vouzela,88.0,911.898627596439,500.0,260.0,608.1002453557659,591.0,512.1,2
2014,Águeda,420.3,1750.0,1266.7,611.8,328.6,6640.0,2227.4,2
2014,Évora,872.8,1033.3,950.0,780.0,163.2,6000.0,3464.7,0
2014,Óbidos,89.7,900.0,800.0,700.0,608.1002453557659,1236.0,489.3,2
2015,Abrantes,410.4,1466.7,1100.0,1337.5,540.0,3000.0,2038.6,2
2015,Aguiar da Beira,35.8,911.898627596439,996.7853123977756,150.0,608.1002453557659,379.0,201.5,2
2015,Alandroal,61.4,911.898627596439,996.7853123977756,100.0,608.1002453557659,265.0,278.3,2
2015,Albergaria-a-Velha,208.1,1200.0,2200.0,2300.0,316.7,3746.0,1031.2,3
2015,Albufeira,581.0,1450.0,1300.0,600.0,220.0,7345.0,2447.6,0
2015,Alcanena,89.1,600.0,1700.0,1160.0324398797595,1400.0,2148.0,396.3,3
2015,Alcochete,172.3,200.0,750.0,418.2,116.7,1907.0,841.7,1
2015,Alcoutim,10.4,911.898627596439,996.7853123977756,400.0,608.1002453557659,126.0,64.2,2
2015,Alcácer do Sal,85.3,911.898627596439,996.7853123977756,420.0,350.0,887.0,405.8,2
2015,Alenquer,261.8,1100.0,1950.0,606.7,400.0,5669.0,1483.4,2
2015,Alfândega da Fé,78.8,911.898627596439,600.0,600.0,608.1002453557659,204.0,413.8,2
2015,Alijó,125.3,911.898627596439,996.7853123977756,1300.0,333.3,932.0,631.5,2
2015,Aljezur,41.2,911.898627596439,996.7853123977756,100.0,608.1002453557659,267.0,218.6,2
2015,Aljustrel,86.2,450.0,900.0,162.5,700.0,1209.0,353.8,2
2015,Almada,1696.1,305.9,770.0,1119.4,205.6,7939.0,8429.4,0
2015,Almeida,38.8,911.898627596439,350.0,450.0,800.0,331.0,176.1,2
2015,Almeirim,225.5,300.0,1100.0,1340.0,700.0,1419.0,1093.8,2
2015,Almodôvar,65.3,911.898627596439,996.7853123977756,1160.0324398797595,900.0,333.0,321.6,2
2015,Alpiarça,75.6,500.0,700.0,125.0,608.1002453557659,468.0,357.7,2
2015,Alter do Chão,43.6,911.898627596439,996.7853123977756,200.0,608.1002453557659,179.0,188.2,2
2015,Alvaiázere,49.7,911.898627596439,500.0,450.0,608.1002453557659,596.0,301.9,2
2015,Alvito,30.2,911.898627596439,100.0,1160.0324398797595,608.1002453557659,124.0,121.7,2
2015,Amadora,1837.7,118.1,395.5,500.0,180.5,14323.0,8841.1,0
2015,Amarante,716.3,3150.0,610.0,273.5,816.7,4848.0,3841.7,3
2015,Amares,233.3,766.7,996.7853123977756,4100.0,608.1002453557659,1476.0,1199.9,3
2015,Anadia,196.3,1000.0,3300.0,2900.0,177.8,2788.0,1065.7,3
2015,Angra do Heroísmo,322.4878459687124,442.9,184.2,224.1,412.5,2467.0,4551.0,1
2015,Ansião,110.4,911.898627596439,650.0,660.0,333.3,1122.0,614.4,2
2015,Arcos de Valdevez,159.2,1400.0,996.7853123977756,950.0,175.0,1708.0,876.0,2
2015,Arganil,91.8,911.898627596439,700.0,366.7,608.1002453557659,853.0,492.8,2
2015,Armamar,62.4,911.898627596439,996.7853123977756,233.3,608.1002453557659,328.0,362.9,2
2015,Arouca,134.0,266.7,1500.0,1075.0,600.0,2367.0,719.5,2
2015,Arraiolos,75.8,911.898627596439,996.7853123977756,360.0,608.1002453557659,524.0,336.8,2
2015,Arronches,32.8,911.898627596439,150.0,200.0,608.1002453557659,171.0,140.3,2
2015,Arruda dos Vinhos,77.8,1100.0,1900.0,650.0,500.0,1320.0,417.7,2
2015,Aveiro,890.7,1087.5,1225.0,1352.2,295.0,12908.0,3774.0,0
2015,Avis,47.8,911.898627596439,500.0,25.0,608.1002453557659,403.0,232.5,2
2015,Azambuja,136.3,250.0,525.0,425.0,66.7,2818.0,675.3,1
2015,Baião,337.1,911.898627596439,1400.0,94.4,100.0,1022.0,1883.0,2
2015,Barcelos,853.1,461.5,836.4,473.5,872.7,13763.0,4608.5,0
2015,Barrancos,30.3,911.898627596439,996.7853123977756,28.6,608.1002453557659,111.0,153.4,2
2015,Barreiro,900.2,294.4,837.5,1020.7,90.9,3801.0,4672.9,0
2015,Batalha,90.3,366.7,996.7853123977756,330.0,325.0,2646.0,480.0,1
2015,Beja,456.5,2750.0,966.7,1109.1,450.0,3325.0,1771.8,3
2015,Belmonte,75.3,911.898627596439,996.7853123977756,750.0,608.1002453557659,425.0,415.1,2
2015,Benavente,331.1,285.7,2400.0,383.3,700.0,3343.0,1645.3,2
2015,Bombarral,86.7,911.898627596439,996.7853123977756,925.0,450.0,846.0,474.8,2
2015,Borba,62.4,911.898627596439,996.7853123977756,350.0,608.1002453557659,535.0,374.7,2
2015,Boticas,49.8,911.898627596439,996.7853123977756,1160.0324398797595,200.0,332.0,267.9,2
2015,Cabeceiras de Basto,253.6,1350.0,500.0,157.1,1500.0,1039.0,1310.5,2
2015,Cadaval,91.8,450.0,996.7853123977756,1200.0,1200.0,816.0,505.8,2
2015,Caldas da Rainha,471.0,254.5,160.7,203.4,354.5,4239.0,2134.3,1
2015,Calheta [R.A.A.],322.4878459687124,50.0,100.0,33.3,50.0,188.0,390.0,1
2015,Calheta [R.A.M.],322.4878459687124,56.3,150.0,64.3,50.0,801.0,1355.0,1
2015,Caminha,166.2,1200.0,996.7853123977756,1950.0,200.0,891.0,731.8,2
2015,Campo Maior,118.3,911.898627596439,996.7853123977756,107.7,125.0,1176.0,491.4,2
2015,Cantanhede,266.8,2200.0,1533.3,838.5,480.0,3466.0,1322.1,3
2015,Carrazeda de Ansiães,78.1,911.898627596439,800.0,900.0,608.1002453557659,264.0,309.5,2
2015,Carregal do Sal,74.9,911.898627596439,996.7853123977756,3800.0,608.1002453557659,732.0,447.7,3
2015,Cartaxo,168.2,600.0,520.0,492.9,466.7,1407.0,866.5,2
2015,Cascais,1743.8,103.8,289.4,497.7,152.2,16128.0,9727.3,0
2015,Castanheira de Pêra,32.6,911.898627596439,996.7853123977756,1160.0324398797595,608.1002453557659,143.0,197.3,2
2015,Castelo Branco,601.0,2433.3,2850.0,1131.3,577.8,4813.0,2739.1,3
2015,Castelo de Paiva,202.4,266.7,225.0,200.0,1400.0,1106.0,1178.7,2
2015,Castelo de Vide,36.0,911.898627596439,500.0,233.3,300.0,198.0,143.5,2
2015,Castro Daire,144.9,911.898627596439,996.7853123977756,580.0,608.1002453557659,972.0,832.7,2
2015,Castro Marim,56.2,400.0,996.7853123977756,200.0,150.0,369.0,320.0,2
2015,Castro Verde,63.7,700.0,996.7853123977756,475.0,900.0,2030.0,277.6,2
2015,Celorico da Beira,92.9,911.898627596439,996.7853123977756,750.0,366.7,344.0,410.5,2
2015,Celorico de Basto,235.3,1350.0,1300.0,300.0,608.1002453557659,930.0,1257.6,2
2015,Chamusca,69.0,911.898627596439,996.7853123977756,2000.0,800.0,889.0,333.1,2
2015,Chaves,517.8,1880.0,996.7853123977756,1100.0,207.1,2606.0,2318.1,2
2015,Cinfães,303.3,575.0,300.0,100.0,1100.0,836.0,1853.3,2
2015,Coimbra,1706.9,397.1,718.2,1160.0,154.3,14017.0,6855.7,0
2015,Condeixa-a-Nova,129.7,1700.0,996.7853123977756,1160.0324398797595,1600.0,896.0,622.0,3
2015,Constância,46.3,911.898627596439,400.0,450.0,608.1002453557659,540.0,192.2,2
2015,Coruche,132.6,566.7,1500.0,1166.7,608.1002453557659,1583.0,855.1,2
2015,Covilhã,625.3,1240.0,588.9,852.9,440.0,4085.0,3010.9,1
2015,Crato,34.5,911.898627596439,400.0,150.0,608.1002453557659,164.0,189.1,2
2015,Cuba,58.9,911.898627596439,996.7853123977756,1160.0324398797595,608.1002453557659,189.0,238.9,2
2015,Câmara de Lobos,322.4878459687124,82.2,173.3,108.9,138.5,1305.0,2066.0,1
2015,Elvas,416.7,700.0,1050.0,622.2,500.0,1477.0,1695.1,2
2015,Entroncamento,221.0,300.0,400.0,1057.1,118.2,1587.0,790.8,1
2015,Espinho,472.8,766.7,1850.0,817.6,1450.0,1916.0,2749.6,3
2015,Esposende,268.6,512.5,1400.0,1483.3,460.0,3348.0,1357.3,2
2015,Estarreja,245.6,633.3,1550.0,2150.0,320.0,3444.0,1177.0,2
2015,Estremoz,149.4,900.0,1400.0,488.9,300.0,1198.0,700.4,2
2015,Fafe,617.6,1020.0,550.0,525.0,194.1,4208.0,3191.6,1
2015,Faro,634.2,530.0,2166.7,648.4,62.1,7154.0,2927.3,0
2015,Felgueiras,373.3,612.5,1366.7,369.6,183.3,9886.0,2188.1,0
2015,Ferreira do Alentejo,95.5,911.898627596439,700.0,500.0,266.7,783.0,467.1,2
2015,Ferreira do Zêzere,44.3,911.898627596439,600.0,266.7,800.0,721.0,206.6,2
2015,Figueira de Castelo Rodrigo,60.3,911.898627596439,500.0,433.3,200.0,239.0,239.2,2
2015,Figueiró dos Vinhos,64.8,911.898627596439,996.7853123977756,1160.0324398797595,608.1002453557659,306.0,367.5,2
2015,Fornos de Algodres,36.1,911.898627596439,996.7853123977756,700.0,608.1002453557659,246.0,189.8,2
2015,Freixo de Espada à Cinta,57.2,911.898627596439,400.0,66.7,200.0,217.0,247.8,2
2015,Fronteira,30.6,911.898627596439,996.7853123977756,75.0,608.1002453557659,228.0,182.3,2
2015,Gavião,36.7,911.898627596439,996.7853123977756,200.0,608.1002453557659,117.0,197.8,2
2015,Golegã,41.2,911.898627596439,996.7853123977756,1800.0,608.1002453557659,374.0,190.8,2
2015,Gouveia,102.7,2100.0,996.7853123977756,1160.0324398797595,850.0,646.0,569.2,2
2015,Grândola,107.5,550.0,1500.0,580.0,608.1002453557659,796.0,466.1,2
2015,Góis,40.8,400.0,300.0,1160.0324398797595,608.1002453557659,204.0,174.7,2
2015,Horta,322.4878459687124,50.0,1400.0,144.4,83.3,984.0,1997.0,1
2015,Idanha-a-Nova,97.8,911.898627596439,996.7853123977756,466.7,900.0,551.0,434.8,2
2015,Lagoa,278.2,220.0,285.7,144.4,180.0,2789.0,1346.5,1
2015,Lagoa [R.A.A.],322.4878459687124,63.6,76.9,93.8,33.3,988.0,1523.0,1
2015,Lagos,281.1,133.3,500.0,436.0,73.3,2844.0,1456.3,1
2015,Lajes do Pico,322.4878459687124,133.3,450.0,83.3,608.1002453557659,132.0,344.0,1
2015,Lamego,500.2,1600.0,2600.0,452.6,1233.3,1748.0,2502.2,3
2015,Loulé,699.4,317.6,650.0,346.7,300.0,10006.0,3251.3,0
2015,Lourinhã,198.3,1000.0,1700.0,1866.7,666.7,1795.0,977.8,3
2015,Lousada,478.1,230.8,628.6,225.8,633.3,4541.0,2814.7,1
2015,Lousã,177.3,911.898627596439,2300.0,1866.7,1200.0,1224.0,812.8,3
2015,Macedo de Cavaleiros,187.4,911.898627596439,996.7853123977756,330.0,608.1002453557659,843.0,861.6,2
2015,Machico,322.4878459687124,187.5,162.5,485.7,750.0,1198.0,2141.0,1
2015,Madalena,322.4878459687124,450.0,166.7,57.1,250.0,490.0,923.0,1
2015,Mafra,497.6,223.5,408.3,170.9,233.3,8952.0,2741.8,0
2015,Mangualde,193.6,2100.0,996.7853123977756,3250.0,608.1002453557659,2912.0,1040.5,3
2015,Manteigas,37.0,911.898627596439,400.0,166.7,608.1002453557659,168.0,229.8,2
2015,Marinha Grande,359.3,520.0,1500.0,712.5,580.0,6321.0,1727.5,1
2015,Marvão,24.1,911.898627596439,200.0,100.0,608.1002453557659,128.0,115.5,2
2015,Mação,43.3,911.898627596439,996.7853123977756,300.0,608.1002453557659,418.0,234.8,2
2015,Mealhada,144.7,1500.0,996.7853123977756,1300.0,850.0,2576.0,707.8,2
2015,Melgaço,46.0,800.0,800.0,1160.0324398797595,608.1002453557659,316.0,186.0,2
2015,Mesão Frio,85.6,911.898627596439,300.0,150.0,608.1002453557659,117.0,440.8,2
2015,Mira,109.8,400.0,996.7853123977756,1160.0324398797595,608.1002453557659,780.0,582.5,2
2015,Miranda do Corvo,120.5,911.898627596439,1150.0,1800.0,550.0,452.0,508.1,2
2015,Miranda do Douro,51.9,911.898627596439,996.7853123977756,2000.0,608.1002453557659,444.0,243.7,2
2015,Mirandela,353.5,911.898627596439,1100.0,722.2,566.7,1497.0,1630.3,2
2015,Mogadouro,98.4,911.898627596439,300.0,400.0,608.1002453557659,435.0,464.3,2
2015,Moimenta da Beira,147.5,911.898627596439,996.7853123977756,471.4,1100.0,664.0,666.3,2
2015,Moita,875.4,400.0,666.7,721.7,158.3,2551.0,4435.4,0
2015,Monchique,47.2,600.0,996.7853123977756,100.0,608.1002453557659,296.0,286.7,2
2015,Mondim de Basto,105.8,911.898627596439,996.7853123977756,350.0,608.1002453557659,296.0,538.4,2
2015,Monforte,51.3,911.898627596439,50.0,100.0,608.1002453557659,227.0,206.9,2
2015,Montalegre,99.1,333.3,300.0,325.0,608.1002453557659,455.0,428.5,2
2015,Montemor-o-Novo,139.7,911.898627596439,996.7853123977756,600.0,466.7,1467.0,619.3,2
2015,Montemor-o-Velho,277.8,911.898627596439,996.7853123977756,5800.0,566.7,1242.0,1238.8,3
2015,Montijo,645.2,177.8,371.4,1170.0,146.2,3770.0,2975.8,1
2015,Monção,129.9,911.898627596439,996.7853123977756,3500.0,1200.0,1162.0,588.1,3
2015,Mora,38.1,911.898627596439,400.0,600.0,608.1002453557659,325.0,191.0,2
2015,Mortágua,52.1,911.898627596439,996.7853123977756,2500.0,1000.0,1001.0,270.6,3
2015,Moura,292.4,2400.0,525.0,355.6,1600.0,947.0,1370.7,3
2015,Mourão,53.0,911.898627596439,996.7853123977756,33.3,608.1002453557659,106.0,242.1,2
2015,Murtosa,80.0,911.898627596439,996.7853123977756,750.0,400.0,662.0,387.4,2
2015,Murça,68.0,1000.0,996.7853123977756,500.0,250.0,230.0,368.0,2
2015,Mértola,64.8,400.0,400.0,466.7,608.1002453557659,400.0,378.4,2
2015,Mêda,24.2,911.898627596439,996.7853123977756,800.0,400.0,219.0,110.1,2
2015,Nazaré,134.3,225.0,400.0,500.0,900.0,932.0,572.5,2
2015,Nelas,125.0,500.0,2100.0,1075.0,350.0,1374.0,642.6,2
2015,Nisa,59.0,911.898627596439,996.7853123977756,900.0,608.1002453557659,250.0,264.5,2
2015,Nordeste,322.4878459687124,9.1,400.0,40.0,166.7,200.0,328.0,1
2015,Odemira,230.7,733.3,2300.0,333.3,160.0,2639.0,1102.3,2
2015,Odivelas,1327.5,235.5,884.6,1045.2,95.8,7367.0,6859.4,0
2015,Oleiros,26.5,400.0,996.7853123977756,200.0,300.0,401.0,167.3,2
2015,Olhão,432.3,528.6,400.0,456.5,140.0,2588.0,2145.0,1
2015,Oliveira de Azeméis,427.0,383.3,1350.0,1170.0,350.0,11345.0,2262.6,0
2015,Oliveira de Frades,64.3,911.898627596439,996.7853123977756,342.9,608.1002453557659,1897.0,367.7,2
2015,Oliveira do Bairro,176.4,750.0,996.7853123977756,885.7,600.0,2728.0,830.3,2
2015,Oliveira do Hospital,205.2,911.898627596439,996.7853123977756,400.0,380.0,1945.0,1015.8,2
2015,Ourique,46.3,911.898627596439,996.7853123977756,300.0,608.1002453557659,342.0,251.7,2
2015,Ourém,266.3,920.0,666.7,466.7,1850.0,5354.0,1343.4,3
2015,Ovar,612.8,2350.0,2233.3,835.3,350.0,6867.0,3366.1,3
2015,Palmela,468.6,211.1,662.5,481.5,126.1,10856.0,2540.1,0
2015,Pampilhosa da Serra,20.9,911.898627596439,66.7,150.0,608.1002453557659,188.0,130.8,2
2015,Paredes,1090.3,407.1,1228.6,469.0,438.5,8513.0,6833.8,0
2015,Paredes de Coura,70.1,700.0,996.7853123977756,1160.0324398797595,608.1002453557659,400.0,388.4,2
2015,Paços de Ferreira,547.7,217.6,361.5,310.7,194.1,7280.0,3897.5,0
2015,Pedrógão Grande,33.7,911.898627596439,150.0,1160.0324398797595,608.1002453557659,304.0,185.3,2
2015,Penacova,90.7,911.898627596439,996.7853123977756,1160.0324398797595,608.1002453557659,920.0,508.4,2
2015,Penalva do Castelo,69.4,500.0,996.7853123977756,800.0,608.1002453557659,542.0,395.0,2
2015,Penamacor,39.1,911.898627596439,996.7853123977756,600.0,608.1002453557659,242.0,204.7,2
2015,Penedono,25.0,911.898627596439,996.7853123977756,100.0,608.1002453557659,122.0,139.7,2
2015,Penela,43.6,911.898627596439,800.0,1160.0324398797595,608.1002453557659,659.0,210.1,2
2015,Peniche,254.4,1250.0,1350.0,600.0,650.0,1858.0,1228.1,2
2015,Peso da Régua,288.8,911.898627596439,2700.0,840.0,333.3,1131.0,1401.3,2
2015,Pinhel,61.8,911.898627596439,996.7853123977756,800.0,608.1002453557659,530.0,286.4,2
2015,Pombal,358.4,828.6,2100.0,958.3,400.0,6360.0,1853.2,3
2015,Ponta do Sol,322.4878459687124,87.5,133.3,107.7,60.0,296.0,557.0,1
2015,Ponte da Barca,114.8,900.0,996.7853123977756,1200.0,608.1002453557659,631.0,579.3,2
2015,Ponte de Lima,323.5,2400.0,3700.0,2350.0,1650.0,3420.0,1815.2,3
2015,Ponte de Sor,165.2,2000.0,996.7853123977756,500.0,600.0,1164.0,921.8,2
2015,Portalegre,257.5,911.898627596439,2400.0,473.7,666.7,1842.0,1033.8,2
2015,Portel,71.8,911.898627596439,996.7853123977756,333.3,700.0,282.0,308.3,2
2015,Portimão,744.4,241.7,1060.0,527.8,223.1,5553.0,3728.9,0
2015,Porto Moniz,322.4878459687124,200.0,996.7853123977756,12.5,608.1002453557659,86.0,219.0,2
2015,Porto Santo,322.4878459687124,37.5,300.0,625.0,608.1002453557659,522.0,989.0,1
2015,Porto de Mós,156.9,1250.0,1000.0,422.2,2100.0,2710.0,914.8,3
2015,Povoação,322.4878459687124,500.0,100.0,28.6,100.0,299.0,569.0,1
2015,Proença-a-Nova,58.3,911.898627596439,996.7853123977756,375.0,608.1002453557659,515.0,246.8,2
2015,Póvoa de Lanhoso,242.0,1100.0,996.7853123977756,1500.0,1000.0,1491.0,1317.7,2
2015,Póvoa de Varzim,656.6,380.0,772.7,590.0,122.7,5333.0,3611.1,0
2015,Redondo,73.2,911.898627596439,996.7853123977756,600.0,608.1002453557659,508.0,343.2,2
2015,Reguengos de Monsaraz,148.7,911.898627596439,1900.0,275.0,608.1002453557659,681.0,653.8,2
2015,Resende,182.3,911.898627596439,996.7853123977756,190.9,800.0,318.0,958.8,2
2015,Ribeira Brava,322.4878459687124,105.6,900.0,450.0,350.0,656.0,1328.0,1
2015,Ribeira Grande,322.4878459687124,58.3,88.9,127.3,34.8,2479.0,4032.0,1
2015,Ribeira de Pena,83.3,800.0,400.0,600.0,100.0,370.0,482.8,1
2015,Rio Maior,135.6,100.0,1800.0,520.0,200.0,2275.0,650.8,2
2015,Sabrosa,77.6,911.898627596439,996.7853123977756,1160.0324398797595,608.1002453557659,391.0,417.9,2
2015,Sabugal,88.2,911.898627596439,200.0,460.0,1100.0,612.0,366.7,2
2015,Salvaterra de Magos,222.7,1900.0,1500.0,444.4,366.7,1514.0,1180.3,2
2015,Santa Comba Dão,79.9,911.898627596439,996.7853123977756,132.0,350.0,644.0,514.4,2
2015,Santa Cruz,322.4878459687124,185.2,1650.0,221.1,133.3,2956.0,4928.0,0
2015,Santa Cruz da Graciosa,322.4878459687124,600.0,200.0,40.0,300.0,254.0,475.0,1
2015,Santa Cruz das Flores,322.4878459687124,25.0,20.0,33.3,608.1002453557659,147.0,286.0,1
2015,Santa Maria da Feira,1313.8,300.0,2183.3,1347.1,327.6,15531.0,7716.6,0
2015,Santa Marta de Penaguião,99.6,911.898627596439,996.7853123977756,900.0,200.0,204.0,520.5,2
2015,Santana,322.4878459687124,76.5,175.0,60.0,33.3,160.0,458.0,1
2015,Santarém,501.5,580.0,461.5,617.4,671.4,5342.0,2394.9,1
2015,Santiago do Cacém,236.3,1300.0,1500.0,790.9,425.0,2019.0,1244.2,2
2015,Santo Tirso,706.5,178.9,942.9,387.8,566.7,7475.0,4896.6,0
2015,Sardoal,42.4,911.898627596439,996.7853123977756,433.3,608.1002453557659,156.0,191.4,2
2015,Seia,194.2,1050.0,3300.0,600.0,416.7,1760.0,1054.3,3
2015,Seixal,1436.9,234.9,715.0,904.4,105.5,7813.0,7351.8,0
2015,Sernancelhe,50.7,911.898627596439,300.0,1160.0324398797595,700.0,355.0,260.5,2
2015,Serpa,201.0,1800.0,996.7853123977756,350.0,608.1002453557659,814.0,958.1,2
2015,Sertã,147.8,911.898627596439,240.0,485.7,1700.0,1042.0,650.2,2
2015,Sesimbra,384.8,620.0,771.4,807.1,500.0,2232.0,1920.3,2
2015,Setúbal,1329.7,321.9,2720.0,943.2,97.6,9704.0,6334.7,0
2015,Sever do Vouga,87.8,911.898627596439,800.0,440.0,608.1002453557659,1180.0,490.4,2
2015,Silves,294.3,625.0,483.3,426.3,171.4,2409.0,1448.8,1
2015,Sines,221.7,1300.0,350.0,1160.0324398797595,225.0,3786.0,1056.3,2
2015,Sobral de Monte Agraço,56.6,911.898627596439,996.7853123977756,850.0,66.7,730.0,344.3,2
2015,Soure,140.8,911.898627596439,1100.0,2300.0,608.1002453557659,779.0,700.5,2
2015,Sousel,44.6,911.898627596439,996.7853123977756,450.0,608.1002453557659,371.0,199.6,2
2015,Sátão,141.5,550.0,650.0,850.0,1500.0,653.0,661.3,2
2015,São Brás de Alportel,76.6,1100.0,996.7853123977756,575.0,350.0,650.0,402.4,2
2015,São João da Madeira,220.2,425.0,520.0,440.9,1150.0,3481.5006715916725,1059.9,2
2015,São João da Pesqueira,69.1,911.898627596439,996.7853123977756,333.3,608.1002453557659,473.0,335.0,2
2015,São Pedro do Sul,151.1,2000.0,996.7853123977756,1225.0,733.3,958.0,754.5,2
2015,São Roque do Pico,322.4878459687124,911.898627596439,400.0,125.0,50.0,228.0,387.0,1
2015,São Vicente,322.4878459687124,91.7,66.7,100.0,100.0,221.0,420.0,1
2015,Tabuaço,89.6,911.898627596439,996.7853123977756,400.0,608.1002453557659,232.0,486.4,2
2015,Tarouca,92.1,911.898627596439,996.7853123977756,350.0,333.3,468.0,605.1,2
2015,Tavira,183.1,700.0,1150.0,928.6,166.7,1937.0,919.2,2
2015,Terras de Bouro,100.9,166.7,996.7853123977756,225.0,608.1002453557659,377.0,473.2,2
2015,Tomar,332.3,1040.0,996.7853123977756,1511.1,528.6,2363.0,1475.5,2
2015,Tondela,176.6,2200.0,996.7853123977756,866.7,608.1002453557659,2310.0,869.3,2
2015,Torre de Moncorvo,93.3,911.898627596439,996.7853123977756,2300.0,900.0,399.0,476.7,2
2015,Torres Novas,277.8,1100.0,975.0,1657.1,433.3,3583.0,1319.8,2
2015,Torres Vedras,617.3,278.3,569.2,703.6,191.3,8295.0,3315.5,0
2015,Trancoso,65.9,911.898627596439,996.7853123977756,1700.0,1200.0,847.0,281.8,2
2015,Trofa,412.1,540.0,975.0,395.2,675.0,6929.0,2748.4,1
2015,Tábua,92.4,911.898627596439,1300.0,600.0,1000.0,1237.0,557.2,2
2015,Vagos,147.5,1350.0,996.7853123977756,1040.0,608.1002453557659,1970.0,700.8,2
2015,Vale de Cambra,147.2,1800.0,996.7853123977756,4200.0,608.1002453557659,3621.0,671.8,3
2015,Valença,121.0,500.0,996.7853123977756,1160.0324398797595,608.1002453557659,1383.0,647.3,2
2015,Valongo,1339.0,304.5,593.8,1675.0,371.4,6480.0,7586.6,0
2015,Valpaços,164.9,911.898627596439,700.0,500.0,608.1002453557659,639.0,793.8,2
2015,Velas,322.4878459687124,911.898627596439,166.7,71.4,400.0,321.0,664.0,1
2015,Vendas Novas,84.2,450.0,275.0,444.4,608.1002453557659,1023.0,397.6,2
2015,Viana do Alentejo,64.7,911.898627596439,800.0,425.0,500.0,266.0,260.7,2
2015,Viana do Castelo,832.9,807.7,1750.0,862.9,176.0,9439.0,4297.5,0
2015,Vidigueira,85.8,233.3,700.0,1160.0324398797595,350.0,286.0,378.3,2
2015,Vieira do Minho,185.9,200.0,996.7853123977756,375.0,608.1002453557659,706.0,980.3,2
2015,Vila Flor,76.5,911.898627596439,300.0,1160.0324398797595,700.0,349.0,415.0,2
2015,Vila Franca de Xira,1168.5,188.6,691.7,521.3,131.0,14058.0,5588.8,0
2015,Vila Franca do Campo,322.4878459687124,260.0,200.0,84.6,66.7,425.0,769.0,1
2015,Vila Nova da Barquinha,71.9,911.898627596439,996.7853123977756,1700.0,608.1002453557659,227.0,276.2,2
2015,Vila Nova de Cerveira,54.6,500.0,1000.0,283.3,300.0,1392.0,308.0,2
2015,Vila Nova de Foz Côa,77.8,911.898627596439,133.3,575.0,400.0,378.0,311.2,2
2015,Vila Nova de Paiva,62.1,911.898627596439,996.7853123977756,225.0,608.1002453557659,208.0,273.5,2
2015,Vila Nova de Poiares,72.6,911.898627596439,996.7853123977756,1150.0,200.0,586.0,347.8,2
2015,Vila Pouca de Aguiar,127.3,2100.0,1600.0,600.0,700.0,713.0,724.2,2
2015,Vila Real,775.8,1700.0,666.7,1292.9,900.0,4200.0,3213.0,3
2015,Vila Real de Santo António,236.8,1400.0,440.0,766.7,233.3,1602.0,1144.3,2
2015,Vila Velha de Ródão,14.3,911.898627596439,400.0,66.7,608.1002453557659,421.0,85.3,2
2015,Vila Verde,489.1,510.0,1100.0,2340.0,1275.0,3599.0,2381.1,3
2015,Vila Viçosa,88.7,1000.0,1300.0,675.0,250.0,971.0,379.8,2
2015,Vila da Praia da Vitória,322.4878459687124,85.7,250.0,137.5,650.0,1234.0,2076.0,1
2015,Vila de Rei,23.6,911.898627596439,996.7853123977756,300.0,608.1002453557659,236.0,102.6,2
2015,Vila do Bispo,35.3,250.0,300.0,1160.0324398797595,300.0,540.0,178.4,1
2015,Vila do Conde,778.0,360.0,2550.0,1055.6,375.0,10365.0,4230.7,0
2015,Vila do Porto,322.4878459687124,911.898627596439,166.7,162.5,250.0,453.0,770.0,1
2015,Vimioso,43.8,911.898627596439,996.7853123977756,400.0,608.1002453557659,166.0,192.3,2
2015,Vinhais,90.5,911.898627596439,996.7853123977756,1000.0,608.1002453557659,316.0,455.1,2
2015,Viseu,1190.7,1500.0,1437.5,905.4,494.4,10934.0,5222.3,0
2015,Vizela,199.3,100.0,1400.0,273.7,500.0,2638.0,1255.2,1
2015,Vouzela,59.9,911.898627596439,996.7853123977756,1400.0,608.1002453557659,636.0,400.6,2
2015,Águeda,379.5,1850.0,820.0,1170.0,540.0,6590.0,1971.0,3
2015,Évora,672.4,985.7,688.9,1115.0,242.9,6553.0,2853.8,0
2015,Ílhavo,394.9,3800.0,996.7853123977756,1288.9,460.0,3090.0,1809.7,3
2015,Óbidos,75.2,400.0,433.3,533.3,608.1002453557659,1307.0,446.1,2
2016,Aguiar da Beira,40.3,911.898627596439,996.7853123977756,1160.0324398797595,608.1002453557659,402.0,180.3,2
2016,Alandroal,56.5,100.0,996.7853123977756,125.0,608.1002453557659,249.0,278.2,2
2016,Albufeira,528.9,400.0,616.7,758.3,287.5,7825.0,2196.4,1
2016,Alcanena,87.9,1300.0,996.7853123977756,2200.0,608.1002453557659,2244.0,402.7,2
2016,Alcobaça,352.8,1225.0,996.7853123977756,1742.9,400.0,6180.0,1768.8,3
2016,Alcochete,150.1,300.0,533.3,771.4,233.3,1932.0,766.5,1
2016,Alcoutim,8.9,911.898627596439,996.7853123977756,150.0,608.1002453557659,136.0,72.6,2
2016,Alcácer do Sal,88.8,900.0,550.0,383.3,1000.0,908.0,384.8,2
2016,Alfândega da Fé,71.8,911.898627596439,996.7853123977756,800.0,608.1002453557659,164.0,354.3,2
2016,Alijó,140.3,1800.0,1300.0,1700.0,1700.0,872.0,633.8,3
2016,Aljezur,31.0,400.0,996.7853123977756,250.0,608.1002453557659,335.0,180.8,2
2016,Aljustrel,91.5,300.0,996.7853123977756,750.0,600.0,1200.0,405.7,2
2016,Almada,1613.0,337.5,884.2,1465.3,222.9,8326.0,8163.3,0
2016,Almeida,37.1,911.898627596439,500.0,700.0,900.0,317.0,180.4,2
2016,Almeirim,188.3,2000.0,2100.0,1675.0,1000.0,1745.0,966.0,3
2016,Almodôvar,64.3,911.898627596439,996.7853123977756,1000.0,608.1002453557659,324.0,328.8,2
2016,Alpiarça,50.5,911.898627596439,996.7853123977756,240.0,608.1002453557659,465.0,285.9,2
2016,Alter do Chão,47.9,911.898627596439,996.7853123977756,233.3,608.1002453557659,160.0,181.9,2
2016,Alvaiázere,40.6,700.0,996.7853123977756,1160.0324398797595,608.1002453557659,639.0,265.0,2
2016,Alvito,27.6,911.898627596439,996.7853123977756,33.3,608.1002453557659,126.0,125.3,2
2016,Amadora,1699.2,214.3,487.9,709.5,172.1,15043.0,8062.6,0
2016,Amares,190.6,911.898627596439,996.7853123977756,1566.7,608.1002453557659,1602.0,1005.8,2
2016,Anadia,166.6,1000.0,2900.0,2250.0,285.7,2894.0,904.0,3
2016,Angra do Heroísmo,322.4878459687124,437.5,315.4,312.5,487.5,2954.0,5399.0,1
2016,Ansião,91.7,911.898627596439,1700.0,1700.0,400.0,1093.0,517.2,2
2016,Arcos de Valdevez,137.7,400.0,2300.0,1433.3,200.0,1786.0,787.3,2
2016,Arganil,74.7,1400.0,996.7853123977756,933.3,608.1002453557659,848.0,460.8,2
2016,Armamar,71.6,800.0,125.0,400.0,608.1002453557659,339.0,386.8,2
2016,Arouca,130.3,333.3,996.7853123977756,685.7,608.1002453557659,2337.0,692.1,2
2016,Arraiolos,64.1,911.898627596439,996.7853123977756,420.0,608.1002453557659,521.0,293.9,2
2016,Arronches,27.0,911.898627596439,300.0,50.0,608.1002453557659,147.0,127.0,2
2016,Arruda dos Vinhos,60.1,911.898627596439,996.7853123977756,2700.0,433.3,1522.0,384.1,2
2016,Aveiro,775.0,1880.0,2675.0,2576.9,352.9,13829.0,3538.2,0
2016,Avis,45.8,911.898627596439,996.7853123977756,14.3,608.1002453557659,382.0,224.3,2
2016,Azambuja,131.8,566.7,2500.0,466.7,550.0,3002.0,677.3,2
2016,Baião,310.6,1900.0,1800.0,126.3,180.0,988.0,1683.6,2
2016,Barcelos,745.3,657.9,1212.5,705.7,1030.0,14238.0,3904.1,0
2016,Barrancos,39.7,911.898627596439,996.7853123977756,66.7,608.1002453557659,117.0,205.8,2
2016,Barreiro,839.6,380.0,800.0,1200.0,128.6,3858.0,4380.8,0
2016,Batalha,85.0,911.898627596439,800.0,700.0,600.0,2639.0,441.0,2
2016,Beja,446.4,1220.0,1750.0,991.7,580.0,3374.0,1794.1,3
2016,Belmonte,78.6,911.898627596439,400.0,1800.0,608.1002453557659,417.0,403.9,2
2016,Benavente,280.5,575.0,3500.0,500.0,1200.0,3472.0,1480.3,3
2016,Bombarral,93.8,1100.0,996.7853123977756,2150.0,333.3,883.0,448.3,2
2016,Borba,68.5,911.898627596439,996.7853123977756,700.0,608.1002453557659,502.0,361.2,2
2016,Boticas,46.7,911.898627596439,996.7853123977756,400.0,150.0,326.0,262.2,2
2016,Cabeceiras de Basto,225.9,2400.0,996.7853123977756,322.2,608.1002453557659,1071.0,1137.7,2
2016,Cadaval,94.4,900.0,996.7853123977756,1050.0,900.0,879.0,515.3,2
2016,Caldas da Rainha,386.1,305.6,275.0,397.9,330.8,4309.0,1929.0,1
2016,Calheta [R.A.A.],322.4878459687124,66.7,200.0,33.3,33.3,177.0,383.0,1
2016,Calheta [R.A.M.],322.4878459687124,105.9,250.0,100.0,300.0,954.0,1528.0,1
2016,Caminha,139.2,2600.0,2500.0,2000.0,400.0,910.0,646.3,3
2016,Campo Maior,130.5,1200.0,800.0,187.5,300.0,1227.0,506.4,2
2016,Carrazeda de Ansiães,82.1,800.0,996.7853123977756,1100.0,608.1002453557659,259.0,319.5,2
2016,Carregal do Sal,62.5,911.898627596439,996.7853123977756,1850.0,608.1002453557659,723.0,375.5,2
2016,Cartaxo,148.3,1800.0,500.0,822.2,400.0,1389.0,837.7,2
2016,Cascais,1588.4,129.6,346.7,606.9,139.0,16868.0,9259.2,0
2016,Castanheira de Pêra,27.6,911.898627596439,996.7853123977756,300.0,608.1002453557659,140.0,174.3,2
2016,Castelo de Paiva,189.8,275.0,333.3,600.0,900.0,1005.0,1141.8,2
2016,Castelo de Vide,32.3,911.898627596439,996.7853123977756,900.0,608.1002453557659,214.0,132.2,2
2016,Castro Daire,135.1,911.898627596439,996.7853123977756,1500.0,1700.0,1013.0,786.5,3
2016,Castro Marim,51.0,911.898627596439,996.7853123977756,200.0,300.0,467.0,308.8,2
2016,Castro Verde,64.8,900.0,996.7853123977756,1050.0,608.1002453557659,1972.0,298.8,2
2016,Celorico da Beira,71.5,911.898627596439,996.7853123977756,1050.0,1300.0,336.0,349.3,2
2016,Celorico de Basto,177.2,3100.0,633.3,1050.0,608.1002453557659,1027.0,1101.8,2
2016,Chamusca,68.8,911.898627596439,1000.0,2100.0,608.1002453557659,889.0,314.8,2
2016,Cinfães,294.7,2900.0,475.0,120.8,608.1002453557659,1141.0,1816.3,2
2016,Coimbra,1667.6,662.5,1278.6,1431.9,232.3,14376.0,6817.3,0
2016,Condeixa-a-Nova,125.6,1800.0,996.7853123977756,1466.7,1700.0,954.0,578.8,3
2016,Constância,38.7,911.898627596439,996.7853123977756,350.0,608.1002453557659,564.0,174.9,2
2016,Coruche,130.5,950.0,800.0,900.0,600.0,1496.0,787.1,2
2016,Covilhã,571.0,911.898627596439,700.0,993.8,714.3,4094.0,2838.8,2
2016,Crato,31.7,911.898627596439,500.0,500.0,608.1002453557659,166.0,179.3,2
2016,Cuba,61.2,911.898627596439,996.7853123977756,300.0,700.0,204.0,231.9,2
2016,Câmara de Lobos,322.4878459687124,182.6,260.0,188.9,200.0,1377.0,2167.0,1
2016,Elvas,444.7,800.0,2600.0,483.3,1500.0,1583.0,1833.0,3
2016,Entroncamento,209.1,580.0,1100.0,1185.7,163.6,1603.0,762.4,2
2016,Esposende,236.5,920.0,996.7853123977756,2350.0,520.0,3577.0,1255.1,3
2016,Estarreja,217.3,2300.0,996.7853123977756,3133.3,316.7,3478.0,1130.7,3
2016,Estremoz,147.2,911.898627596439,1600.0,391.7,608.1002453557659,1205.0,627.6,2
2016,Fafe,544.8,1866.7,622.2,605.9,444.4,4428.0,2792.8,2
2016,Faro,589.5,812.5,2366.7,981.8,61.3,7673.0,2634.4,0
2016,Ferreira do Alentejo,101.8,1000.0,996.7853123977756,1200.0,900.0,745.0,390.0,2
2016,Ferreira do Zêzere,43.9,800.0,996.7853123977756,200.0,900.0,758.0,206.6,2
2016,Figueira da Foz,588.4,1085.7,996.7853123977756,2762.5,444.4,7115.0,3242.8,3
2016,Figueira de Castelo Rodrigo,67.2,911.898627596439,996.7853123977756,650.0,300.0,229.0,270.8,2
2016,Figueiró dos Vinhos,52.0,911.898627596439,996.7853123977756,1500.0,200.0,317.0,337.8,2
2016,Fornos de Algodres,41.4,911.898627596439,996.7853123977756,566.7,608.1002453557659,242.0,210.1,2
2016,Freixo de Espada à Cinta,48.3,500.0,996.7853123977756,100.0,200.0,198.0,228.1,2
2016,Fronteira,34.8,911.898627596439,996.7853123977756,75.0,608.1002453557659,254.0,182.0,2
2016,Fundão,279.0,911.898627596439,3100.0,922.2,608.1002453557659,2405.0,1507.8,3
2016,Gavião,41.3,911.898627596439,996.7853123977756,200.0,608.1002453557659,105.0,184.7,2
2016,Golegã,37.7,700.0,700.0,1800.0,608.1002453557659,378.0,176.9,2
2016,Gouveia,109.3,911.898627596439,996.7853123977756,2200.0,1900.0,664.0,584.3,3
2016,Grândola,124.0,1300.0,700.0,1350.0,608.1002453557659,837.0,505.4,2
2016,Góis,32.0,911.898627596439,996.7853123977756,1160.0324398797595,608.1002453557659,170.0,167.6,2
2016,Horta,322.4878459687124,155.6,2200.0,350.0,125.0,1158.0,2260.0,2
2016,Idanha-a-Nova,98.6,600.0,600.0,200.0,800.0,539.0,435.9,2
2016,Lagoa,229.1,400.0,328.6,375.0,260.0,3015.0,1135.8,1
2016,Lagoa [R.A.A.],322.4878459687124,128.6,177.8,222.2,200.0,992.0,1554.0,1
2016,Lagos,248.1,150.0,228.6,1045.5,85.7,3102.0,1278.8,1
2016,Lajes do Pico,322.4878459687124,600.0,700.0,150.0,608.1002453557659,119.0,341.0,2
2016,Lamego,487.3,1275.0,996.7853123977756,450.0,608.1002453557659,1808.0,2532.2,2
2016,Loulé,577.8,385.7,971.4,443.2,487.5,10705.0,2698.1,0
2016,Lourinhã,177.6,475.0,996.7853123977756,1116.7,2300.0,1923.0,870.1,3
2016,Lousada,397.3,241.7,816.7,284.0,616.7,4861.0,2409.3,1
2016,Lousã,162.6,911.898627596439,996.7853123977756,1160.0324398797595,1400.0,1229.0,771.0,2
2016,Macedo de Cavaleiros,183.4,2700.0,1200.0,350.0,608.1002453557659,826.0,815.5,2
2016,Machico,322.4878459687124,281.8,320.0,1125.0,850.0,1153.0,2113.0,2
2016,Madalena,322.4878459687124,550.0,400.0,100.0,200.0,514.0,1005.0,1
2016,Mafra,419.8,250.0,423.1,288.2,243.8,9594.0,2488.9,1
2016,Manteigas,31.2,911.898627596439,400.0,200.0,608.1002453557659,178.0,165.3,2
2016,Marco de Canaveses,706.8,1425.0,950.0,600.0,1766.7,5297.0,3937.4,3
2016,Marinha Grande,273.7,500.0,1750.0,1562.5,1100.0,6457.0,1444.3,3
2016,Marvão,16.2,911.898627596439,996.7853123977756,300.0,608.1002453557659,135.0,109.3,2
2016,Mação,51.6,911.898627596439,996.7853123977756,316.7,608.1002453557659,440.0,227.2,2
2016,Mealhada,134.1,911.898627596439,996.7853123977756,1160.0324398797595,280.0,2729.0,646.7,2
2016,Melgaço,46.3,911.898627596439,996.7853123977756,1000.0,608.1002453557659,339.0,196.8,2
2016,Mesão Frio,67.7,911.898627596439,996.7853123977756,450.0,608.1002453557659,135.0,384.8,2
2016,Mira,90.0,911.898627596439,996.7853123977756,3800.0,608.1002453557659,794.0,524.8,3
2016,Miranda do Corvo,106.3,911.898627596439,996.7853123977756,2250.0,300.0,460.0,437.1,2
2016,Miranda do Douro,57.2,911.898627596439,900.0,1160.0324398797595,608.1002453557659,449.0,257.5,2
2016,Mirandela,337.3,911.898627596439,680.0,600.0,1600.0,1473.0,1584.1,2
2016,Mogadouro,112.7,2200.0,250.0,766.7,608.1002453557659,465.0,517.2,2
2016,Moimenta da Beira,136.1,911.898627596439,996.7853123977756,462.5,1100.0,669.0,692.8,2
2016,Moita,832.8,437.5,2100.0,781.8,210.0,2133.0,4116.2,0
2016,Monchique,36.3,600.0,996.7853123977756,125.0,608.1002453557659,331.0,262.5,2
2016,Mondim de Basto,86.3,1400.0,800.0,1160.0324398797595,608.1002453557659,319.0,477.8,2
2016,Monforte,52.8,250.0,50.0,83.3,608.1002453557659,240.0,232.7,1
2016,Montalegre,87.3,911.898627596439,996.7853123977756,283.3,608.1002453557659,452.0,426.9,2
2016,Montemor-o-Novo,133.3,911.898627596439,996.7853123977756,620.0,240.0,1477.0,545.9,2
2016,Montijo,612.3,308.3,1250.0,893.3,176.9,4008.0,2825.7,1
2016,Monção,114.3,1800.0,996.7853123977756,1160.0324398797595,608.1002453557659,1242.0,506.6,2
2016,Mora,31.3,911.898627596439,996.7853123977756,1000.0,608.1002453557659,315.0,157.0,2
2016,Mortágua,44.3,911.898627596439,996.7853123977756,2800.0,800.0,1059.0,247.9,3
2016,Moura,273.3,2700.0,283.3,377.8,900.0,935.0,1308.3,2
2016,Mourão,60.6,911.898627596439,200.0,200.0,608.1002453557659,108.0,241.3,2
2016,Murtosa,62.8,911.898627596439,996.7853123977756,1160.0324398797595,900.0,626.0,340.2,2
2016,Murça,67.0,911.898627596439,996.7853123977756,850.0,500.0,247.0,385.8,2
2016,Mértola,69.6,911.898627596439,996.7853123977756,1400.0,608.1002453557659,381.0,379.4,2
2016,Mêda,24.9,911.898627596439,996.7853123977756,1100.0,150.0,261.0,113.8,2
2016,Nazaré,121.9,911.898627596439,1300.0,450.0,900.0,945.0,551.7,2
2016,Nelas,96.5,1100.0,2200.0,916.7,750.0,1399.0,539.9,3
2016,Nisa,62.1,911.898627596439,996.7853123977756,900.0,608.1002453557659,272.0,262.4,2
2016,Nordeste,322.4878459687124,20.0,166.7,71.4,600.0,187.0,324.0,1
2016,Odemira,207.3,766.7,650.0,500.0,283.3,3167.0,1060.7,1
2016,Odivelas,1229.2,260.7,2180.0,1275.7,117.4,7794.0,6216.8,0
2016,Oleiros,19.8,911.898627596439,996.7853123977756,700.0,400.0,378.0,137.8,2
2016,Olhão,373.8,975.0,875.0,876.9,242.9,2778.0,1865.4,2
2016,Oliveira de Frades,66.8,911.898627596439,1400.0,1033.3,608.1002453557659,1892.0,362.3,2
2016,Oliveira do Bairro,140.3,2000.0,996.7853123977756,2100.0,950.0,2845.0,745.7,3
2016,Oliveira do Hospital,179.6,911.898627596439,996.7853123977756,1175.0,380.0,1930.0,840.4,2
2016,Ourique,44.6,911.898627596439,996.7853123977756,400.0,608.1002453557659,370.0,257.6,2
2016,Ourém,229.4,1700.0,850.0,605.9,925.0,5411.0,1202.2,2
2016,Ovar,491.5,1766.7,996.7853123977756,1300.0,366.7,7039.0,2903.3,3
2016,Palmela,462.8,242.1,771.4,486.7,188.2,10943.0,2456.1,0
2016,Pampilhosa da Serra,19.7,400.0,200.0,42.9,608.1002453557659,186.0,126.0,2
2016,Paredes,996.1,630.0,1516.7,551.9,350.0,9105.0,6062.0,0
2016,Paredes de Coura,54.7,911.898627596439,996.7853123977756,900.0,608.1002453557659,426.0,320.3,2
2016,Paços de Ferreira,505.8,400.0,530.0,426.9,285.7,7451.0,3629.3,0
2016,Pedrógão Grande,28.8,911.898627596439,996.7853123977756,1160.0324398797595,608.1002453557659,299.0,162.6,2
2016,Penacova,84.6,1200.0,996.7853123977756,1160.0324398797595,608.1002453557659,1057.0,443.5,2
2016,Penafiel,802.4,1975.0,1333.3,591.3,885.7,6617.0,4576.1,0
2016,Penalva do Castelo,58.3,911.898627596439,996.7853123977756,2500.0,608.1002453557659,524.0,394.2,2
2016,Penamacor,34.8,911.898627596439,996.7853123977756,325.0,608.1002453557659,229.0,178.9,2
2016,Penedono,21.8,911.898627596439,996.7853123977756,1160.0324398797595,608.1002453557659,119.0,135.4,2
2016,Penela,37.3,911.898627596439,996.7853123977756,1160.0324398797595,608.1002453557659,673.0,174.5,2
2016,Peniche,240.2,1250.0,3100.0,788.9,275.0,2054.0,1089.9,3
2016,Peso da Régua,285.7,911.898627596439,1100.0,1083.3,1100.0,1093.0,1340.3,2
2016,Pinhel,63.7,911.898627596439,996.7853123977756,1160.0324398797595,608.1002453557659,562.0,295.3,2
2016,Ponta do Sol,322.4878459687124,133.3,400.0,366.7,608.1002453557659,317.0,591.0,1
2016,Ponte da Barca,104.2,911.898627596439,996.7853123977756,1160.0324398797595,608.1002453557659,652.0,515.1,2
2016,Ponte de Sor,161.3,911.898627596439,1400.0,685.7,650.0,1150.0,820.2,2
2016,Portalegre,196.5,3600.0,2200.0,494.7,525.0,1903.0,892.2,3
2016,Portel,84.7,900.0,133.3,333.3,350.0,314.0,354.9,2
2016,Portimão,657.5,257.1,441.7,870.8,290.0,6128.0,3134.0,0
2016,Porto Santo,322.4878459687124,83.3,300.0,1450.0,600.0,561.0,1077.0,1
2016,Porto de Mós,144.6,750.0,1050.0,783.3,2100.0,2745.0,831.9,3
2016,Povoação,322.4878459687124,600.0,100.0,71.4,608.1002453557659,327.0,690.0,1
2016,Proença-a-Nova,43.8,911.898627596439,996.7853123977756,566.7,608.1002453557659,551.0,220.0,2
2016,Póvoa de Lanhoso,201.3,911.898627596439,1550.0,3450.0,1900.0,1689.0,1099.1,3
2016,Póvoa de Varzim,634.8,295.2,836.4,780.0,158.8,5662.0,3411.6,0
2016,Redondo,76.3,911.898627596439,800.0,350.0,608.1002453557659,475.0,374.4,2
2016,Reguengos de Monsaraz,135.3,911.898627596439,475.0,184.6,608.1002453557659,794.0,665.1,2
2016,Resende,149.7,2600.0,900.0,366.7,800.0,347.0,817.9,2
2016,Ribeira Brava,322.4878459687124,158.3,996.7853123977756,1266.7,608.1002453557659,574.0,1240.0,2
2016,Ribeira Grande,322.4878459687124,100.0,152.6,195.0,64.3,2594.0,4096.0,1
2016,Ribeira de Pena,81.6,600.0,600.0,750.0,200.0,435.0,447.8,2
2016,Rio Maior,125.4,111.1,1900.0,1400.0,212.5,2436.0,610.3,2
2016,Sabrosa,63.3,800.0,996.7853123977756,1400.0,608.1002453557659,363.0,367.8,2
2016,Sabugal,76.3,911.898627596439,200.0,2900.0,608.1002453557659,659.0,348.5,2
2016,Salvaterra de Magos,225.2,950.0,996.7853123977756,671.4,1400.0,1533.0,1174.8,2
2016,Santa Comba Dão,64.8,911.898627596439,1700.0,194.4,266.7,648.0,434.5,2
2016,Santa Cruz,322.4878459687124,282.4,900.0,263.2,233.3,2983.0,4998.0,1
2016,Santa Cruz da Graciosa,322.4878459687124,350.0,175.0,125.0,500.0,297.0,531.0,1
2016,Santa Cruz das Flores,322.4878459687124,100.0,100.0,33.3,608.1002453557659,175.0,329.0,1
2016,Santa Maria da Feira,1178.3,471.4,2400.0,2084.6,355.6,15963.0,6895.9,0
2016,Santa Marta de Penaguião,93.0,911.898627596439,996.7853123977756,1000.0,200.0,196.0,515.3,2
2016,Santana,322.4878459687124,187.5,350.0,88.9,608.1002453557659,161.0,460.0,1
2016,Santarém,431.1,966.7,1000.0,993.8,742.9,5680.0,2152.2,2
2016,Santiago do Cacém,234.7,1066.7,1450.0,2375.0,2400.0,2103.0,1258.6,3
2016,Santo Tirso,653.2,412.5,1360.0,590.0,409.1,7581.0,4472.8,0
2016,Sardoal,32.2,911.898627596439,996.7853123977756,280.0,608.1002453557659,158.0,174.3,2
2016,Seia,205.7,911.898627596439,2800.0,1142.9,625.0,1662.0,1051.9,3
2016,Seixal,1445.3,336.4,757.9,1350.0,138.6,8167.0,7183.5,0
2016,Sernancelhe,54.8,911.898627596439,200.0,400.0,300.0,386.0,276.6,2
2016,Serpa,190.7,600.0,2000.0,533.3,608.1002453557659,859.0,919.3,2
2016,Sertã,140.5,911.898627596439,400.0,720.0,608.1002453557659,1130.0,609.3,2
2016,Sesimbra,380.8,566.7,590.0,2800.0,414.3,2278.0,1877.6,2
2016,Setúbal,1271.5,429.2,1511.1,1306.9,175.9,9853.0,6022.9,0
2016,Sever do Vouga,67.8,1100.0,996.7853123977756,1160.0324398797595,608.1002453557659,1144.0,419.6,2
2016,Silves,268.8,500.0,1033.3,493.8,150.0,2570.0,1375.4,1
2016,Sines,206.8,1100.0,1300.0,1400.0,157.1,3585.0,1049.4,2
2016,Sobral de Monte Agraço,50.1,150.0,996.7853123977756,1000.0,200.0,793.0,308.3,2
2016,Soure,120.0,911.898627596439,996.7853123977756,5300.0,608.1002453557659,802.0,619.3,3
2016,Sousel,42.2,911.898627596439,996.7853123977756,200.0,608.1002453557659,360.0,213.2,2
2016,Sátão,125.9,911.898627596439,996.7853123977756,1800.0,1400.0,663.0,636.2,3
2016,São Brás de Alportel,63.0,1000.0,996.7853123977756,500.0,800.0,693.0,342.8,2
2016,São João da Madeira,182.2,380.0,1366.7,846.2,2200.0,5172.0,948.4,3
2016,São João da Pesqueira,83.4,911.898627596439,996.7853123977756,1160.0324398797595,608.1002453557659,460.0,373.1,2
2016,São Roque do Pico,322.4878459687124,911.898627596439,133.3,80.0,100.0,295.0,470.0,1
2016,São Vicente,322.4878459687124,216.7,100.0,85.7,200.0,220.0,431.0,1
2016,Tabuaço,95.4,911.898627596439,996.7853123977756,125.0,608.1002453557659,222.0,520.2,2
2016,Tarouca,111.8,911.898627596439,996.7853123977756,800.0,500.0,489.0,625.6,2
2016,Tavira,167.6,600.0,2200.0,1440.0,171.4,2272.0,862.7,2
2016,Terras de Bouro,80.4,250.0,996.7853123977756,600.0,608.1002453557659,366.0,411.2,2
2016,Tomar,288.8,1120.0,996.7853123977756,4800.0,583.3,2363.0,1333.1,3
2016,Tondela,146.4,911.898627596439,996.7853123977756,2633.3,608.1002453557659,2427.0,828.0,3
2016,Torre de Moncorvo,81.8,911.898627596439,996.7853123977756,1250.0,608.1002453557659,360.0,439.3,2
2016,Torres Novas,288.2,490.0,600.0,1400.0,650.0,3616.0,1281.2,2
2016,Torres Vedras,613.2,350.0,690.9,1110.5,329.4,8317.0,3181.0,0
2016,Trancoso,61.6,911.898627596439,996.7853123977756,1900.0,608.1002453557659,788.0,263.2,2
2016,Trofa,369.4,450.0,1233.3,586.7,933.3,7162.0,2405.9,1
2016,Tábua,72.9,700.0,1300.0,525.0,1000.0,1310.0,478.2,2
2016,Vagos,136.8,911.898627596439,2300.0,1160.0,1900.0,2261.0,662.3,3
2016,Vale de Cambra,129.4,750.0,996.7853123977756,1160.0324398797595,608.1002453557659,3706.0,655.8,2
2016,Valença,101.3,911.898627596439,996.7853123977756,1160.0324398797595,608.1002453557659,1310.0,559.3,2
2016,Valongo,1253.9,507.7,735.7,1782.4,538.5,6977.0,7048.3,0
2016,Valpaços,158.7,2600.0,1500.0,1000.0,608.1002453557659,638.0,790.3,3
2016,Velas,322.4878459687124,1100.0,250.0,166.7,608.1002453557659,429.0,779.0,2
2016,Vendas Novas,63.2,500.0,650.0,410.0,608.1002453557659,1017.0,345.5,2
2016,Viana do Alentejo,59.8,911.898627596439,996.7853123977756,300.0,400.0,313.0,253.3,2
2016,Viana do Castelo,755.4,1311.1,3125.0,1040.0,350.0,9688.0,4014.3,0
2016,Vidigueira,93.8,266.7,800.0,450.0,400.0,275.0,396.3,2
2016,Vieira do Minho,166.9,911.898627596439,996.7853123977756,380.0,608.1002453557659,612.0,871.8,2
2016,Vila Flor,69.3,800.0,996.7853123977756,1160.0324398797595,800.0,329.0,427.3,2
2016,Vila Franca de Xira,1121.9,248.1,836.4,571.7,187.9,14011.0,5278.7,0
2016,Vila Franca do Campo,322.4878459687124,425.0,366.7,171.4,166.7,461.0,830.0,1
2016,Vila Nova da Barquinha,59.9,1000.0,996.7853123977756,850.0,1000.0,242.0,267.5,2
2016,Vila Nova de Cerveira,53.4,911.898627596439,1100.0,950.0,400.0,1436.0,296.2,2
2016,Vila Nova de Foz Côa,68.8,1000.0,300.0,1300.0,400.0,387.0,312.2,2
2016,Vila Nova de Paiva,57.9,500.0,996.7853123977756,1000.0,608.1002453557659,219.0,261.6,2
2016,Vila Nova de Poiares,55.6,900.0,996.7853123977756,2400.0,400.0,599.0,303.4,2
2016,Vila Pouca de Aguiar,120.3,911.898627596439,996.7853123977756,1160.0324398797595,900.0,769.0,706.3,2
2016,Vila Real,756.5,1450.0,922.2,3233.3,1020.0,4091.0,3186.3,3
2016,Vila Real de Santo António,217.1,375.0,800.0,445.5,180.0,1724.0,1088.3,1
2016,Vila Velha de Ródão,18.0,911.898627596439,996.7853123977756,1160.0324398797595,608.1002453557659,438.0,86.8,2
2016,Vila Verde,400.8,1140.0,2600.0,1016.7,900.0,3696.0,1910.8,3
2016,Vila Viçosa,89.5,911.898627596439,1200.0,600.0,500.0,971.0,393.5,2
2016,Vila da Praia da Vitória,322.4878459687124,162.5,700.0,315.4,1500.0,1322.0,2193.0,2
2016,Vila de Rei,23.9,400.0,996.7853123977756,600.0,400.0,203.0,92.6,2
2016,Vila do Bispo,36.3,700.0,400.0,500.0,608.1002453557659,660.0,174.8,2
2016,Vila do Conde,685.3,380.0,2350.0,1158.8,435.7,10616.0,3744.1,0
2016,Vila do Porto,322.4878459687124,600.0,333.3,200.0,608.1002453557659,449.0,767.0,2
2016,Vimioso,42.3,911.898627596439,996.7853123977756,1160.0324398797595,608.1002453557659,190.0,186.3,2
2016,Vinhais,77.8,911.898627596439,500.0,1000.0,608.1002453557659,294.0,448.3,2
2016,Viseu,1046.5,1290.0,2680.0,1306.9,640.0,10955.0,4840.5,0
2016,Vizela,184.3,142.9,2200.0,272.7,260.0,2912.0,1112.8,2
2016,Vouzela,62.4,911.898627596439,1600.0,466.7,608.1002453557659,609.0,374.6,2
2016,Águeda,322.5,3800.0,1333.3,1942.9,700.0,7048.0,1574.0,3
2016,Évora,649.7,937.5,1166.7,975.0,292.9,6534.0,2732.6,0
2016,Ílhavo,345.9,2050.0,996.7853123977756,1814.3,1400.0,3167.0,1677.6,3
2016,Óbidos,66.9,1200.0,996.7853123977756,1050.0,608.1002453557659,1339.0,390.0,2
2017,Aguiar da Beira,30.3,600.0,996.7853123977756,250.0,608.1002453557659,414.0,164.6,2
2017,Alandroal,44.3,300.0,996.7853123977756,600.0,608.1002453557659,273.0,220.7,2
2017,Albufeira,484.1,675.0,1850.0,612.5,300.0,8396.0,1960.6,0
2017,Alcanena,71.7,1400.0,996.7853123977756,1160.0324398797595,608.1002453557659,2076.0,324.2,2
2017,Alcochete,109.8,700.0,633.3,644.4,250.0,1976.0,649.8,2
2017,Alcoutim,8.2,911.898627596439,996.7853123977756,33.3,608.1002453557659,138.0,70.0,2
2017,Alcácer do Sal,59.7,1000.0,996.7853123977756,833.3,608.1002453557659,855.0,281.6,2
2017,Alenquer,230.7,462.5,2350.0,1628.6,350.0,5640.0,1183.5,3
2017,Alfândega da Fé,58.8,911.898627596439,996.7853123977756,1000.0,608.1002453557659,187.0,300.0,2
2017,Alijó,144.0,2100.0,1300.0,2200.0,850.0,729.0,652.0,3
2017,Aljezur,31.3,911.898627596439,996.7853123977756,600.0,608.1002453557659,354.0,156.3,2
2017,Aljustrel,81.4,433.3,900.0,2200.0,608.1002453557659,1251.0,318.3,2
2017,Almada,1337.0,380.0,1011.8,1875.6,269.7,8372.0,7045.3,0
2017,Almeida,28.8,911.898627596439,996.7853123977756,500.0,608.1002453557659,313.0,176.4,2
2017,Almeirim,143.8,833.3,460.0,777.8,600.0,1647.0,752.2,2
2017,Almodôvar,48.1,911.898627596439,996.7853123977756,233.3,608.1002453557659,334.0,264.6,2
2017,Alpiarça,37.5,600.0,996.7853123977756,1400.0,608.1002453557659,534.0,206.9,2
2017,Alter do Chão,38.3,911.898627596439,996.7853123977756,200.0,608.1002453557659,167.0,157.5,2
2017,Alvaiázere,28.2,700.0,996.7853123977756,1160.0324398797595,608.1002453557659,635.0,193.4,2
2017,Alvito,17.0,911.898627596439,300.0,100.0,608.1002453557659,111.0,75.5,2
2017,Amadora,1229.4,242.2,648.0,1187.0,216.2,15620.0,6137.1,0
2017,Amarante,545.9,1540.0,1675.0,542.9,1450.0,4917.0,3094.0,3
2017,Amares,155.2,1000.0,2200.0,2750.0,608.1002453557659,1721.0,747.6,3
2017,Anadia,147.8,800.0,3100.0,1880.0,380.0,2960.0,717.2,3
2017,Angra do Heroísmo,322.4878459687124,381.8,525.0,571.4,1150.0,3067.0,5661.0,0
2017,Ansião,73.3,911.898627596439,450.0,1900.0,608.1002453557659,1121.0,381.6,2
2017,Arcos de Valdevez,100.6,1700.0,1300.0,2550.0,250.0,1803.0,623.3,3
2017,Arganil,74.8,911.898627596439,996.7853123977756,1033.3,608.1002453557659,866.0,442.8,2
2017,Armamar,61.5,911.898627596439,996.7853123977756,1000.0,608.1002453557659,391.0,348.0,2
2017,Arouca,81.2,911.898627596439,2100.0,842.9,608.1002453557659,2365.0,533.4,2
2017,Arraiolos,50.6,911.898627596439,996.7853123977756,1160.0324398797595,608.1002453557659,559.0,244.3,2
2017,Arronches,23.1,911.898627596439,996.7853123977756,75.0,608.1002453557659,143.0,102.1,2
2017,Arruda dos Vinhos,45.7,900.0,996.7853123977756,1160.0324398797595,275.0,1707.0,339.2,2
2017,Aveiro,583.9,1633.3,3633.3,3108.3,413.3,14290.0,2817.2,3
2017,Avis,36.3,911.898627596439,500.0,50.0,608.1002453557659,383.0,185.1,2
2017,Azambuja,92.5,911.898627596439,996.7853123977756,2200.0,1100.0,4663.0,531.5,3
2017,Baião,238.3,911.898627596439,1900.0,233.3,333.3,1062.0,1418.9,2
2017,Barrancos,29.8,911.898627596439,996.7853123977756,300.0,608.1002453557659,114.0,171.6,2
2017,Barreiro,718.8,461.5,645.5,1357.7,134.5,3900.0,3830.1,0
2017,Batalha,71.7,911.898627596439,800.0,2200.0,750.0,2758.0,352.1,2
2017,Beja,348.8,3300.0,4000.0,1023.1,680.0,3692.0,1433.9,3
2017,Belmonte,72.6,911.898627596439,996.7853123977756,1160.0324398797595,900.0,462.0,355.3,2
2017,Benavente,245.7,433.3,1700.0,885.7,800.0,3461.0,1246.1,2
2017,Bombarral,65.7,1100.0,996.7853123977756,2050.0,1000.0,963.0,345.5,3
2017,Borba,60.4,1000.0,996.7853123977756,1000.0,608.1002453557659,515.0,295.3,2
2017,Boticas,28.8,600.0,700.0,400.0,150.0,333.0,194.5,2
2017,Cabeceiras de Basto,195.3,2300.0,1200.0,1066.7,608.1002453557659,1157.0,973.7,2
2017,Cadaval,71.6,900.0,996.7853123977756,1160.0324398797595,608.1002453557659,909.0,379.4,2
2017,Caldas da Rainha,293.0,453.8,470.0,820.8,427.3,4747.0,1540.3,1
2017,Calheta [R.A.A.],322.4878459687124,100.0,200.0,50.0,33.3,177.0,378.0,1
2017,Calheta [R.A.M.],322.4878459687124,500.0,800.0,425.0,300.0,1053.0,1594.0,1
2017,Caminha,99.6,2500.0,833.3,800.0,400.0,904.0,509.3,2
2017,Campo Maior,84.9,911.898627596439,996.7853123977756,320.0,300.0,1278.0,390.8,2
2017,Cantanhede,201.5,1766.7,996.7853123977756,4100.0,1600.0,3675.0,1080.1,3
2017,Carrazeda de Ansiães,70.5,911.898627596439,996.7853123977756,600.0,608.1002453557659,265.0,318.3,2
2017,Carregal do Sal,42.2,911.898627596439,996.7853123977756,4000.0,608.1002453557659,925.0,308.2,3
2017,Cartaxo,114.7,500.0,620.0,1300.0,450.0,1304.0,662.9,2
2017,Cascais,1246.6,155.7,319.0,856.5,152.7,17278.0,8034.7,0
2017,Castanheira de Pêra,20.2,911.898627596439,996.7853123977756,400.0,608.1002453557659,122.0,144.0,2
2017,Castelo de Paiva,131.8,1100.0,996.7853123977756,933.3,608.1002453557659,959.0,885.8,2
2017,Castelo de Vide,27.6,911.898627596439,996.7853123977756,1000.0,608.1002453557659,191.0,106.3,2
2017,Castro Daire,116.3,911.898627596439,2300.0,1650.0,2000.0,1003.0,736.1,3
2017,Castro Marim,37.9,911.898627596439,996.7853123977756,500.0,600.0,476.0,197.9,2
2017,Castro Verde,53.3,911.898627596439,996.7853123977756,1250.0,608.1002453557659,1735.0,265.0,2
2017,Celorico da Beira,67.2,911.898627596439,996.7853123977756,633.3,1400.0,356.0,308.3,2
2017,Celorico de Basto,162.7,911.898627596439,2000.0,1160.0324398797595,750.0,1022.0,1061.0,2
2017,Chamusca,44.9,1700.0,996.7853123977756,1160.0324398797595,608.1002453557659,903.0,227.6,2
2017,Cinfães,213.9,600.0,1700.0,142.9,608.1002453557659,1550.0,1428.0,2
2017,Coimbra,1232.8,950.0,1240.0,1275.4,274.2,14746.0,5339.9,0
2017,Condeixa-a-Nova,88.0,911.898627596439,996.7853123977756,4300.0,608.1002453557659,1002.0,427.8,3
2017,Constância,32.3,1300.0,996.7853123977756,240.0,608.1002453557659,523.0,147.1,2
2017,Coruche,124.1,911.898627596439,996.7853123977756,766.7,650.0,1504.0,724.4,2
2017,Covilhã,442.0,911.898627596439,2900.0,994.1,850.0,4151.0,2380.9,3
2017,Crato,28.3,911.898627596439,500.0,600.0,608.1002453557659,170.0,148.0,2
2017,Cuba,53.3,800.0,996.7853123977756,1160.0324398797595,608.1002453557659,228.0,215.8,2
2017,Câmara de Lobos,322.4878459687124,960.0,3300.0,361.1,1100.0,1534.0,2373.0,3
2017,Elvas,389.0,3300.0,1450.0,442.9,2100.0,1680.0,1701.1,3
2017,Entroncamento,165.9,933.3,2800.0,1820.0,666.7,1416.0,652.3,3
2017,Espinho,347.6,833.3,2050.0,1660.0,1500.0,2208.0,2288.7,3
2017,Esposende,173.2,671.4,996.7853123977756,5450.0,540.0,3831.0,952.5,3
2017,Estremoz,124.2,911.898627596439,950.0,1000.0,600.0,1233.0,537.2,2
2017,Fafe,450.8,1116.7,400.0,712.5,487.5,4586.0,2379.0,1
2017,Faro,414.8,636.4,2400.0,1200.0,117.4,8138.0,1748.7,3
2017,Felgueiras,321.6,527.3,1400.0,681.3,315.4,10043.0,1891.5,1
2017,Ferreira do Alentejo,80.3,600.0,996.7853123977756,600.0,608.1002453557659,798.0,289.7,2
2017,Ferreira do Zêzere,38.4,1100.0,996.7853123977756,300.0,400.0,785.0,196.9,2
2017,Figueira de Castelo Rodrigo,61.2,911.898627596439,600.0,375.0,350.0,243.0,247.2,2
2017,Figueiró dos Vinhos,43.3,200.0,996.7853123977756,1160.0324398797595,150.0,308.0,247.8,2
2017,Fornos de Algodres,33.5,911.898627596439,996.7853123977756,1700.0,608.1002453557659,275.0,189.0,2
2017,Freixo de Espada à Cinta,50.1,911.898627596439,400.0,300.0,608.1002453557659,185.0,223.3,2
2017,Fronteira,29.1,911.898627596439,996.7853123977756,200.0,608.1002453557659,226.0,158.2,2
2017,Gavião,29.8,911.898627596439,996.7853123977756,350.0,608.1002453557659,118.0,137.5,2
2017,Golegã,28.7,700.0,996.7853123977756,2100.0,500.0,346.0,146.1,2
2017,Gondomar,1802.9,656.3,1850.0,1460.0,388.9,9547.0,10454.7,0
2017,Gouveia,102.9,911.898627596439,1600.0,1160.0324398797595,2100.0,642.0,537.4,3
2017,Grândola,98.3,911.898627596439,800.0,466.7,608.1002453557659,942.0,451.9,2
2017,Góis,23.6,911.898627596439,996.7853123977756,700.0,608.1002453557659,192.0,153.5,2
2017,Horta,322.4878459687124,420.0,996.7853123977756,640.0,900.0,1256.0,2465.0,2
2017,Idanha-a-Nova,102.4,600.0,996.7853123977756,500.0,1000.0,521.0,451.0,2
2017,Lagoa,213.4,475.0,650.0,650.0,533.3,3330.0,948.7,1
2017,Lagoa [R.A.A.],322.4878459687124,188.9,380.0,580.0,180.0,1145.0,1778.0,1
2017,Lagos,213.0,342.9,500.0,938.5,100.0,3638.0,1112.1,1
2017,Lajes do Pico,322.4878459687124,600.0,350.0,266.7,608.1002453557659,158.0,393.0,2
2017,Loulé,448.8,828.6,1560.0,577.4,325.0,11576.0,2156.5,0
2017,Lousada,284.0,411.1,628.6,404.5,666.7,5122.0,1880.7,1
2017,Lousã,123.3,2200.0,1200.0,1160.0324398797595,608.1002453557659,1271.0,623.7,2
2017,Macedo de Cavaleiros,160.2,911.898627596439,700.0,666.7,608.1002453557659,827.0,728.3,2
2017,Machico,322.4878459687124,471.4,850.0,1275.0,1600.0,1297.0,2271.0,3
2017,Madalena,322.4878459687124,1100.0,900.0,266.7,300.0,532.0,1054.0,2
2017,Mafra,302.0,472.7,1040.0,367.4,221.1,10050.0,1963.6,1
2017,Manteigas,27.9,911.898627596439,996.7853123977756,233.3,608.1002453557659,182.0,143.5,2
2017,Marvão,11.5,911.898627596439,996.7853123977756,1160.0324398797595,608.1002453557659,132.0,90.2,2
2017,Mação,36.8,911.898627596439,996.7853123977756,425.0,608.1002453557659,477.0,193.7,2
2017,Mealhada,88.8,1150.0,996.7853123977756,1160.0324398797595,375.0,2702.0,483.0,2
2017,Melgaço,25.1,800.0,996.7853123977756,1160.0324398797595,700.0,367.0,154.5,2
2017,Mesão Frio,60.2,911.898627596439,996.7853123977756,1160.0324398797595,608.1002453557659,193.0,357.2,2
2017,Mira,77.2,911.898627596439,996.7853123977756,1160.0324398797595,608.1002453557659,830.0,445.4,2
2017,Miranda do Corvo,85.2,2200.0,996.7853123977756,1160.0324398797595,300.0,482.0,363.2,2
2017,Miranda do Douro,49.8,911.898627596439,996.7853123977756,2400.0,608.1002453557659,418.0,232.5,2
2017,Mirandela,306.8,4000.0,996.7853123977756,1440.0,608.1002453557659,1492.0,1372.3,3
2017,Mogadouro,83.2,911.898627596439,500.0,2700.0,608.1002453557659,498.0,418.5,2
2017,Moimenta da Beira,115.6,1000.0,996.7853123977756,585.7,1300.0,708.0,658.8,2
2017,Moita,698.0,354.5,1675.0,1253.3,244.4,2193.0,3572.0,0
2017,Monchique,29.7,700.0,996.7853123977756,600.0,608.1002453557659,344.0,218.7,2
2017,Mondim de Basto,77.8,1400.0,800.0,1160.0324398797595,608.1002453557659,349.0,434.6,2
2017,Monforte,60.3,500.0,400.0,62.5,608.1002453557659,235.0,239.7,2
2017,Montalegre,64.0,600.0,996.7853123977756,475.0,608.1002453557659,501.0,362.1,2
2017,Montemor-o-Novo,96.7,850.0,900.0,1233.3,600.0,1489.0,448.8,2
2017,Montijo,559.0,341.7,442.9,1928.6,184.6,4028.0,2577.3,1
2017,Monção,64.5,911.898627596439,996.7853123977756,4300.0,608.1002453557659,1275.0,395.2,3
2017,Mora,16.8,911.898627596439,996.7853123977756,300.0,608.1002453557659,291.0,123.5,2
2017,Mortágua,37.2,911.898627596439,996.7853123977756,2900.0,1000.0,1135.0,204.8,3
2017,Moura,232.3,1400.0,425.0,566.7,2100.0,944.0,1133.6,3
2017,Mourão,46.8,911.898627596439,996.7853123977756,100.0,608.1002453557659,123.0,209.7,2
2017,Murtosa,48.1,911.898627596439,996.7853123977756,1500.0,900.0,620.0,238.3,2
2017,Murça,59.5,911.898627596439,996.7853123977756,1000.0,608.1002453557659,230.0,363.0,2
2017,Mértola,52.3,700.0,996.7853123977756,333.3,608.1002453557659,392.0,300.8,2
2017,Mêda,19.3,911.898627596439,996.7853123977756,1160.0324398797595,608.1002453557659,258.0,92.9,2
2017,Nazaré,93.9,600.0,600.0,375.0,1000.0,1119.0,450.8,2
2017,Nelas,83.1,1100.0,996.7853123977756,1933.3,850.0,1495.0,493.2,2
2017,Nisa,49.3,911.898627596439,600.0,1160.0324398797595,608.1002453557659,267.0,235.6,2
2017,Nordeste,322.4878459687124,100.0,200.0,300.0,608.1002453557659,210.0,376.0,1
2017,Odemira,152.6,400.0,996.7853123977756,522.2,525.0,3469.0,789.5,2
2017,Odivelas,894.8,390.5,1657.1,2300.0,147.7,8106.0,4425.1,0
2017,Oleiros,13.3,400.0,400.0,700.0,400.0,348.0,105.0,2
2017,Olhão,254.1,2150.0,1075.0,1400.0,210.0,2849.0,1190.6,2
2017,Oliveira de Frades,57.8,911.898627596439,996.7853123977756,1133.3,608.1002453557659,1775.0,337.6,2
2017,Oliveira do Bairro,137.6,2000.0,996.7853123977756,1071.4,1900.0,2970.0,621.8,3
2017,Oliveira do Hospital,137.3,911.898627596439,996.7853123977756,2000.0,285.7,1942.0,701.5,2
2017,Ourique,26.7,900.0,996.7853123977756,500.0,600.0,404.0,188.5,2
2017,Ourém,182.0,2900.0,1166.7,780.0,800.0,5782.0,874.2,3
2017,Ovar,370.3,1200.0,3250.0,2850.0,528.6,7218.0,2163.8,3
2017,Palmela,364.3,530.0,983.3,777.3,283.3,13218.0,2000.8,0
2017,Pampilhosa da Serra,14.8,911.898627596439,996.7853123977756,75.0,608.1002453557659,187.0,103.1,2
2017,Paredes,814.9,575.0,1616.7,1041.2,675.0,9620.0,4938.9,0
2017,Paredes de Coura,36.5,911.898627596439,996.7853123977756,1160.0324398797595,608.1002453557659,520.0,237.8,2
2017,Paços de Ferreira,428.5,300.0,611.1,463.0,440.0,7760.0,2933.0,1
2017,Pedrógão Grande,21.2,200.0,400.0,1160.0324398797595,608.1002453557659,238.0,146.1,2
2017,Penacova,63.3,911.898627596439,996.7853123977756,4500.0,608.1002453557659,1063.0,342.1,3
2017,Penafiel,614.3,2150.0,1680.0,943.8,1300.0,6811.0,3692.4,3
2017,Penalva do Castelo,50.7,500.0,996.7853123977756,2800.0,608.1002453557659,546.0,349.7,2
2017,Penamacor,35.5,911.898627596439,996.7853123977756,800.0,608.1002453557659,219.0,193.6,2
2017,Penedono,20.3,911.898627596439,996.7853123977756,500.0,200.0,139.0,114.8,2
2017,Penela,25.0,911.898627596439,800.0,1500.0,608.1002453557659,704.0,132.3,2
2017,Peniche,186.3,933.3,3300.0,2533.3,400.0,2169.0,883.4,3
2017,Peso da Régua,239.9,3000.0,2800.0,1120.0,1300.0,1074.0,1199.2,3
2017,Pinhel,42.2,911.898627596439,996.7853123977756,2800.0,608.1002453557659,609.0,202.8,2
2017,Pombal,242.4,1375.0,996.7853123977756,2000.0,880.0,6837.0,1261.8,3
2017,Ponte da Barca,66.6,1000.0,996.7853123977756,1160.0324398797595,800.0,646.0,372.2,2
2017,Ponte de Sor,133.5,2500.0,996.7853123977756,685.7,750.0,1201.0,585.8,2
2017,Portalegre,166.1,3900.0,2600.0,707.1,666.7,1954.0,758.7,3
2017,Portel,67.6,900.0,996.7853123977756,333.3,500.0,263.0,289.3,2
2017,Portimão,575.2,390.0,1240.0,904.2,412.5,6487.0,2763.3,0
2017,Porto Santo,322.4878459687124,300.0,400.0,3000.0,608.1002453557659,631.0,1190.0,2
2017,Porto de Mós,101.3,3300.0,996.7853123977756,612.5,2300.0,2672.0,599.8,3
2017,Povoação,322.4878459687124,800.0,233.3,150.0,608.1002453557659,382.0,798.0,2
2017,Proença-a-Nova,36.6,911.898627596439,996.7853123977756,1900.0,608.1002453557659,581.0,210.3,2
2017,Póvoa de Varzim,498.4,376.5,1000.0,1222.2,200.0,5734.0,2791.2,1
2017,Redondo,60.6,600.0,996.7853123977756,900.0,608.1002453557659,465.0,308.8,2
2017,Reguengos de Monsaraz,119.8,375.0,1700.0,700.0,608.1002453557659,814.0,534.8,2
2017,Resende,128.3,911.898627596439,500.0,520.0,900.0,365.0,747.8,2
2017,Ribeira Brava,322.4878459687124,420.0,996.7853123977756,5700.0,608.1002453557659,640.0,1306.0,3
2017,Ribeira Grande,322.4878459687124,117.4,514.3,200.0,212.5,2768.0,4334.0,1
2017,Ribeira de Pena,44.4,911.898627596439,996.7853123977756,800.0,608.1002453557659,769.0,315.1,2
2017,Rio Maior,93.2,100.0,1100.0,650.0,222.2,2573.0,486.4,1
2017,Sabrosa,46.0,911.898627596439,996.7853123977756,1400.0,608.1002453557659,370.0,319.8,2
2017,Sabugal,65.7,911.898627596439,996.7853123977756,725.0,1400.0,650.0,328.1,2
2017,Salvaterra de Magos,182.8,1150.0,800.0,1350.0,1400.0,1508.0,1026.9,3
2017,Santa Comba Dão,62.8,911.898627596439,996.7853123977756,253.3,608.1002453557659,612.0,397.6,2
2017,Santa Cruz da Graciosa,322.4878459687124,250.0,996.7853123977756,250.0,900.0,304.0,559.0,2
2017,Santa Cruz das Flores,322.4878459687124,100.0,50.0,22.2,608.1002453557659,200.0,340.0,1
2017,Santa Maria da Feira,894.0,557.1,2166.7,1495.0,566.7,17312.0,5672.7,0
2017,Santa Marta de Penaguião,75.5,911.898627596439,996.7853123977756,1000.0,200.0,211.0,479.8,2
2017,Santana,322.4878459687124,650.0,700.0,375.0,608.1002453557659,159.0,472.0,2
2017,Santarém,330.3,492.9,1575.0,1933.3,1100.0,5844.0,1688.7,3
2017,Santiago do Cacém,176.7,1133.3,3100.0,1666.7,608.1002453557659,1997.0,1008.5,3
2017,Santo Tirso,524.4,650.0,3150.0,1137.5,657.1,8122.0,3641.3,3
2017,Sardoal,26.8,911.898627596439,996.7853123977756,566.7,608.1002453557659,139.0,157.1,2
2017,Seia,181.7,911.898627596439,1200.0,4200.0,766.7,1559.0,930.9,3
2017,Seixal,1187.4,393.5,827.8,1693.3,223.3,8429.0,5983.3,0
2017,Sernancelhe,47.7,911.898627596439,996.7853123977756,500.0,300.0,395.0,234.0,2
2017,Serpa,155.5,911.898627596439,996.7853123977756,1133.3,608.1002453557659,915.0,758.8,2
2017,Sertã,112.8,1050.0,750.0,1100.0,1400.0,1056.0,537.1,2
2017,Sesimbra,306.7,720.0,996.7853123977756,2583.3,483.3,2389.0,1585.3,2
2017,Setúbal,980.4,403.7,823.5,1623.1,234.8,10184.0,5000.3,0
2017,Sever do Vouga,68.5,911.898627596439,996.7853123977756,2500.0,608.1002453557659,1217.0,355.6,2
2017,Silves,210.8,428.6,1750.0,772.7,140.0,2821.0,1101.0,2
2017,Sines,156.3,1100.0,996.7853123977756,640.0,200.0,3815.0,817.1,2
2017,Sobral de Monte Agraço,45.9,911.898627596439,996.7853123977756,2600.0,200.0,826.0,247.4,2
2017,Soure,96.8,2300.0,996.7853123977756,1800.0,1700.0,832.0,510.7,3
2017,Sousel,33.7,400.0,996.7853123977756,225.0,608.1002453557659,358.0,186.7,2
2017,Sátão,105.8,911.898627596439,996.7853123977756,760.0,1500.0,667.0,581.4,2
2017,São Brás de Alportel,39.4,650.0,996.7853123977756,1450.0,400.0,781.0,245.7,2
2017,São João da Pesqueira,56.8,911.898627596439,700.0,600.0,608.1002453557659,479.0,264.4,2
2017,São Pedro do Sul,125.6,911.898627596439,2500.0,5400.0,608.1002453557659,941.0,703.5,3
2017,São Roque do Pico,322.4878459687124,400.0,250.0,300.0,608.1002453557659,287.0,481.0,1
2017,São Vicente,322.4878459687124,433.3,66.7,300.0,608.1002453557659,252.0,479.0,1
2017,Tabuaço,78.3,911.898627596439,996.7853123977756,150.0,608.1002453557659,211.0,471.4,2
2017,Tarouca,107.2,911.898627596439,450.0,333.3,1100.0,698.0,599.0,2
2017,Tavira,134.2,600.0,2900.0,2400.0,162.5,2325.0,661.3,3
2017,Terras de Bouro,63.6,500.0,996.7853123977756,350.0,608.1002453557659,436.0,332.8,2
2017,Tondela,120.1,911.898627596439,996.7853123977756,3033.3,608.1002453557659,2464.0,645.6,3
2017,Torre de Moncorvo,73.7,1100.0,996.7853123977756,1400.0,608.1002453557659,359.0,385.8,2
2017,Torres Novas,213.8,966.7,1150.0,1488.9,400.0,3734.0,1010.0,2
2017,Torres Vedras,462.0,450.0,922.2,1991.7,476.9,8721.0,2588.8,0
2017,Trancoso,54.2,911.898627596439,996.7853123977756,700.0,608.1002453557659,851.0,243.0,2
2017,Trofa,289.8,833.3,1700.0,686.7,660.0,7288.0,1914.1,3
2017,Tábua,62.6,911.898627596439,996.7853123977756,2300.0,608.1002453557659,1263.0,406.5,2
2017,Vagos,101.4,3400.0,996.7853123977756,1600.0,608.1002453557659,2403.0,493.0,3
2017,Vale de Cambra,99.6,900.0,996.7853123977756,1160.0324398797595,608.1002453557659,3775.0,537.3,2
2017,Valença,77.8,1200.0,1500.0,1800.0,1500.0,1332.0,460.6,3
2017,Valongo,991.3,446.7,1155.6,1783.3,506.7,7687.0,5946.9,0
2017,Valpaços,128.9,911.898627596439,700.0,1200.0,608.1002453557659,622.0,697.8,2
2017,Velas,322.4878459687124,1200.0,250.0,200.0,608.1002453557659,415.0,767.0,2
2017,Vendas Novas,49.8,1300.0,996.7853123977756,642.9,800.0,986.0,292.8,2
2017,Viana do Alentejo,52.7,911.898627596439,996.7853123977756,1160.0324398797595,608.1002453557659,306.0,225.8,2
2017,Vidigueira,82.0,1000.0,996.7853123977756,700.0,700.0,298.0,375.7,2
2017,Vieira do Minho,137.3,911.898627596439,996.7853123977756,733.3,608.1002453557659,633.0,806.1,2
2017,Vila Flor,47.9,911.898627596439,996.7853123977756,650.0,608.1002453557659,331.0,366.3,2
2017,Vila Franca de Xira,828.1,338.1,808.3,886.7,234.5,13753.0,4060.8,0
2017,Vila Franca do Campo,322.4878459687124,420.0,550.0,340.0,250.0,502.0,908.0,1
2017,Vila Nova da Barquinha,49.1,911.898627596439,996.7853123977756,2200.0,608.1002453557659,235.0,203.2,2
2017,Vila Nova de Cerveira,38.1,1000.0,400.0,633.3,700.0,1588.0,222.8,2
2017,Vila Nova de Foz Côa,57.8,911.898627596439,350.0,1200.0,700.0,412.0,260.2,2
2017,Vila Nova de Paiva,56.8,911.898627596439,996.7853123977756,1160.0324398797595,608.1002453557659,223.0,235.2,2
2017,Vila Nova de Poiares,49.5,911.898627596439,996.7853123977756,1160.0324398797595,200.0,683.0,264.2,2
2017,Vila Pouca de Aguiar,103.6,911.898627596439,1900.0,3400.0,608.1002453557659,820.0,651.8,3
2017,Vila Real,648.8,1880.0,850.0,2422.2,1833.3,4341.0,2946.5,3
2017,Vila Real de Santo António,151.4,1800.0,400.0,1140.0,500.0,1768.0,751.7,2
2017,Vila Velha de Ródão,12.3,911.898627596439,700.0,300.0,608.1002453557659,467.0,70.6,2
2017,Vila Verde,311.8,3250.0,2700.0,2350.0,980.0,3882.0,1566.8,3
2017,Vila Viçosa,65.4,1100.0,996.7853123977756,875.0,600.0,976.0,310.9,2
2017,Vila de Rei,19.0,250.0,996.7853123977756,1160.0324398797595,608.1002453557659,197.0,78.9,2
2017,Vila do Bispo,39.0,300.0,200.0,1160.0324398797595,608.1002453557659,718.0,162.1,2
2017,Vila do Conde,544.3,433.3,3200.0,2444.4,471.4,11123.0,3157.5,3
2017,Vimioso,33.4,911.898627596439,996.7853123977756,300.0,608.1002453557659,186.0,166.5,2
2017,Vinhais,63.0,911.898627596439,996.7853123977756,1160.0324398797595,608.1002453557659,275.0,370.7,2
2017,Viseu,907.2,2028.6,2128.6,3230.8,925.0,11200.0,4158.5,3
2017,Vizela,147.6,137.5,996.7853123977756,405.9,400.0,3016.0,921.8,1
2017,Vouzela,63.7,911.898627596439,1800.0,600.0,608.1002453557659,583.0,378.1,2
2017,Águeda,256.8,2000.0,1125.0,2366.7,500.0,7133.0,1280.8,3
2017,Évora,488.9,1214.3,957.1,1108.3,418.2,6885.0,2102.6,1
2017,Ílhavo,261.1,911.898627596439,816.7,2014.3,866.7,3199.0,1301.0,3
2017,Óbidos,54.8,1100.0,996.7853123977756,580.0,608.1002453557659,1504.0,308.6,2
2018,Aguiar da Beira,27.4,911.898627596439,996.7853123977756,275.0,608.1002453557659,425.0,162.0,2
2018,Alandroal,28.6,500.0,996.7853123977756,500.0,608.1002453557659,279.0,164.6,2
2018,Albergaria-a-Velha,117.3,911.898627596439,2900.0,1160.0324398797595,2000.0,3996.0,576.8,3
2018,Albufeira,465.0,640.0,666.7,1462.5,227.3,8779.0,1855.8,1
2018,Alcanena,56.0,1600.0,1800.0,2350.0,608.1002453557659,2123.0,275.3,3
2018,Alcobaça,215.3,911.898627596439,1183.3,2616.7,600.0,6694.0,1166.9,3
2018,Alcochete,89.3,1700.0,900.0,914.3,300.0,2029.0,523.8,2
2018,Alcoutim,6.2,911.898627596439,996.7853123977756,1160.0324398797595,50.0,122.0,41.7,2
2018,Alcácer do Sal,42.7,911.898627596439,996.7853123977756,3300.0,608.1002453557659,932.0,235.2,3
2018,Alfândega da Fé,50.8,911.898627596439,800.0,700.0,608.1002453557659,191.0,263.1,2
2018,Alijó,115.2,911.898627596439,1100.0,1900.0,1100.0,690.0,589.8,3
2018,Aljezur,29.2,911.898627596439,996.7853123977756,300.0,608.1002453557659,411.0,134.8,2
2018,Aljustrel,78.7,700.0,996.7853123977756,850.0,608.1002453557659,1125.0,318.1,2
2018,Almada,1133.6,459.3,1955.6,2438.2,287.5,8865.0,6150.3,0
2018,Almeida,27.4,911.898627596439,996.7853123977756,475.0,608.1002453557659,336.0,156.4,2
2018,Almeirim,115.5,866.7,1450.0,837.5,1900.0,1702.0,580.8,3
2018,Almodôvar,30.3,700.0,996.7853123977756,1500.0,800.0,332.0,209.2,2
2018,Alpiarça,25.1,911.898627596439,900.0,1160.0324398797595,608.1002453557659,707.0,167.7,2
2018,Alter do Chão,26.9,911.898627596439,996.7853123977756,200.0,608.1002453557659,154.0,135.8,2
2018,Alvaiázere,30.3,800.0,996.7853123977756,1160.0324398797595,608.1002453557659,658.0,150.3,2
2018,Alvito,12.1,911.898627596439,996.7853123977756,1160.0324398797595,608.1002453557659,104.0,61.1,2
2018,Amadora,1011.4,300.0,648.0,1575.0,251.5,17547.0,4844.2,0
2018,Amares,117.6,2200.0,996.7853123977756,1160.0324398797595,608.1002453557659,1817.0,570.1,2
2018,Anadia,104.1,1900.0,1000.0,1287.5,500.0,2994.0,555.4,2
2018,Angra do Heroísmo,322.4878459687124,293.3,420.0,500.0,920.0,3208.0,5985.0,0
2018,Ansião,54.9,1500.0,1900.0,1160.0324398797595,608.1002453557659,1200.0,299.0,2
2018,Arcos de Valdevez,77.9,1600.0,996.7853123977756,1260.0,333.3,1885.0,492.2,2
2018,Arganil,63.5,911.898627596439,996.7853123977756,1850.0,608.1002453557659,900.0,394.6,2
2018,Armamar,48.4,911.898627596439,600.0,900.0,608.1002453557659,414.0,270.6,2
2018,Arouca,65.8,1400.0,2100.0,1750.0,608.1002453557659,2486.0,459.4,3
2018,Arraiolos,29.8,911.898627596439,996.7853123977756,900.0,608.1002453557659,542.0,165.0,2
2018,Arronches,21.0,911.898627596439,996.7853123977756,150.0,608.1002453557659,165.0,88.6,2
2018,Arruda dos Vinhos,39.2,1000.0,996.7853123977756,1160.0324398797595,1100.0,1703.0,280.7,2
2018,Aveiro,481.3,1166.7,3866.7,3023.1,630.0,14707.0,2361.8,3
2018,Avis,23.8,911.898627596439,500.0,133.3,608.1002453557659,402.0,133.8,2
2018,Azambuja,83.8,911.898627596439,1500.0,1533.3,550.0,4937.0,429.1,2
2018,Baião,182.8,2200.0,2400.0,800.0,500.0,1144.0,1109.3,3
2018,Barcelos,459.7,1871.4,1462.5,1317.4,2380.0,15689.0,2396.8,3
2018,Barrancos,20.2,911.898627596439,996.7853123977756,200.0,608.1002453557659,121.0,127.3,2
2018,Barreiro,580.5,590.9,600.0,1677.3,162.5,3898.0,3216.6,1
2018,Batalha,43.8,911.898627596439,900.0,2700.0,700.0,2754.0,263.3,3
2018,Beja,290.5,1320.0,1175.0,1133.3,600.0,3686.0,1212.1,2
2018,Belmonte,50.4,911.898627596439,996.7853123977756,1900.0,800.0,480.0,270.1,2
2018,Bombarral,46.2,1100.0,996.7853123977756,975.0,608.1002453557659,1036.0,259.8,2
2018,Borba,44.8,911.898627596439,996.7853123977756,1300.0,700.0,492.0,214.8,2
2018,Boticas,20.5,911.898627596439,996.7853123977756,250.0,133.3,360.0,161.8,2
2018,Cabeceiras de Basto,153.3,911.898627596439,996.7853123977756,775.0,608.1002453557659,1178.0,789.8,2
2018,Cadaval,52.3,900.0,996.7853123977756,700.0,700.0,1003.0,306.7,2
2018,Caldas da Rainha,236.4,491.7,490.0,1550.0,511.1,5125.0,1205.7,1
2018,Calheta [R.A.A.],322.4878459687124,911.898627596439,600.0,50.0,50.0,206.0,446.0,1
2018,Calheta [R.A.M.],322.4878459687124,700.0,175.0,385.7,608.1002453557659,1177.0,1810.0,1
2018,Caminha,75.4,911.898627596439,996.7853123977756,4400.0,650.0,947.0,380.3,3
2018,Campo Maior,79.3,911.898627596439,996.7853123977756,314.3,350.0,1262.0,343.9,2
2018,Carrazeda de Ansiães,61.7,911.898627596439,996.7853123977756,700.0,608.1002453557659,259.0,258.4,2
2018,Carregal do Sal,31.8,911.898627596439,996.7853123977756,4300.0,608.1002453557659,914.0,237.0,3
2018,Cartaxo,87.0,1150.0,3100.0,1257.1,900.0,1476.0,514.2,3
2018,Cascais,969.4,172.6,376.6,991.3,179.7,18029.0,6622.1,0
2018,Castanheira de Pêra,14.9,911.898627596439,996.7853123977756,1160.0324398797595,608.1002453557659,148.0,106.1,2
2018,Castelo de Paiva,119.3,550.0,466.7,725.0,608.1002453557659,1209.0,827.3,2
2018,Castelo de Vide,19.3,911.898627596439,996.7853123977756,900.0,608.1002453557659,203.0,78.8,2
2018,Castro Daire,126.4,911.898627596439,996.7853123977756,3600.0,1700.0,995.0,716.5,3
2018,Castro Marim,26.3,500.0,996.7853123977756,1160.0324398797595,500.0,497.0,154.3,2
2018,Castro Verde,44.3,911.898627596439,996.7853123977756,650.0,608.1002453557659,2164.0,206.3,2
2018,Celorico da Beira,51.7,911.898627596439,996.7853123977756,766.7,608.1002453557659,451.0,219.6,2
2018,Celorico de Basto,112.7,3200.0,1700.0,2800.0,608.1002453557659,1099.0,876.7,3
2018,Chamusca,38.0,900.0,996.7853123977756,1160.0324398797595,608.1002453557659,876.0,187.3,2
2018,Chaves,286.7,3200.0,3050.0,4050.0,820.0,2950.0,1673.1,3
2018,Cinfães,141.3,1250.0,996.7853123977756,190.0,608.1002453557659,1727.0,1020.1,2
2018,Coimbra,966.8,1038.9,1727.3,1095.6,290.0,14928.0,4281.3,0
2018,Condeixa-a-Nova,69.3,911.898627596439,996.7853123977756,1160.0324398797595,608.1002453557659,1025.0,352.5,2
2018,Constância,25.9,1300.0,996.7853123977756,750.0,608.1002453557659,506.0,140.8,2
2018,Coruche,114.0,700.0,1600.0,2400.0,1200.0,1485.0,668.7,3
2018,Covilhã,302.5,911.898627596439,3150.0,1960.0,1250.0,4334.0,1798.0,3
2018,Crato,23.8,911.898627596439,996.7853123977756,250.0,608.1002453557659,144.0,124.5,2
2018,Cuba,41.3,911.898627596439,996.7853123977756,1160.0324398797595,608.1002453557659,211.0,175.3,2
2018,Câmara de Lobos,322.4878459687124,1125.0,633.3,1440.0,560.0,1634.0,2532.0,2
2018,Elvas,308.9,911.898627596439,3100.0,1000.0,1600.0,1557.0,1382.8,3
2018,Entroncamento,109.0,3200.0,996.7853123977756,3033.3,440.0,1559.0,458.0,3
2018,Espinho,281.1,2600.0,996.7853123977756,3440.0,1550.0,2197.0,1794.1,3
2018,Estremoz,88.8,911.898627596439,996.7853123977756,2650.0,1000.0,1254.0,392.0,3
2018,Fafe,392.9,1320.0,837.5,940.0,571.4,4643.0,2162.7,2
2018,Faro,305.8,542.9,3850.0,1647.1,194.1,8522.0,1295.2,3
2018,Felgueiras,324.1,484.6,1180.0,572.7,323.1,9635.0,1836.9,1
2018,Ferreira do Alentejo,56.3,1500.0,996.7853123977756,1100.0,608.1002453557659,831.0,231.2,2
2018,Ferreira do Zêzere,22.6,911.898627596439,996.7853123977756,1160.0324398797595,400.0,870.0,147.9,2
2018,Figueira de Castelo Rodrigo,52.5,911.898627596439,996.7853123977756,300.0,400.0,258.0,208.3,2
2018,Figueiró dos Vinhos,29.3,911.898627596439,996.7853123977756,450.0,300.0,293.0,175.4,2
2018,Fornos de Algodres,31.1,911.898627596439,996.7853123977756,500.0,608.1002453557659,281.0,155.8,2
2018,Freixo de Espada à Cinta,41.8,911.898627596439,166.7,1160.0324398797595,608.1002453557659,176.0,195.4,2
2018,Fronteira,21.6,911.898627596439,996.7853123977756,125.0,608.1002453557659,228.0,130.3,2
2018,Gavião,24.2,911.898627596439,996.7853123977756,350.0,608.1002453557659,94.0,107.8,2
2018,Golegã,22.9,1000.0,996.7853123977756,1160.0324398797595,400.0,363.0,117.7,2
2018,Gondomar,1304.3,504.5,1558.3,1556.7,348.4,9808.0,7919.4,0
2018,Gouveia,78.3,911.898627596439,996.7853123977756,1160.0324398797595,1500.0,672.0,462.6,2
2018,Grândola,75.1,650.0,850.0,1160.0324398797595,608.1002453557659,909.0,357.7,2
2018,Góis,21.4,911.898627596439,996.7853123977756,1160.0324398797595,608.1002453557659,185.0,138.8,2
2018,Horta,322.4878459687124,460.0,1100.0,900.0,550.0,1296.0,2542.0,2
2018,Idanha-a-Nova,72.3,911.898627596439,996.7853123977756,300.0,1000.0,512.0,400.8,2
2018,Lagoa,184.8,357.1,560.0,622.2,375.0,3614.0,837.3,1
2018,Lagoa [R.A.A.],322.4878459687124,466.7,2200.0,616.7,500.0,1257.0,1871.0,2
2018,Lagos,188.3,207.7,433.3,1310.0,127.3,3925.0,981.9,1
2018,Lajes do Pico,322.4878459687124,911.898627596439,350.0,600.0,608.1002453557659,150.0,391.0,2
2018,Loulé,411.8,775.0,1150.0,1035.0,540.0,12101.0,1891.7,0
2018,Lourinhã,128.0,1200.0,3900.0,709.1,608.1002453557659,2068.0,636.0,3
2018,Lousada,251.7,1125.0,1000.0,626.7,2150.0,5352.0,1600.4,3
2018,Lousã,86.9,911.898627596439,996.7853123977756,1160.0324398797595,608.1002453557659,1273.0,524.3,2
2018,Macedo de Cavaleiros,132.8,3300.0,1300.0,477.8,608.1002453557659,833.0,602.9,3
2018,Machico,322.4878459687124,700.0,996.7853123977756,1260.0,566.7,1425.0,2451.0,2
2018,Madalena,322.4878459687124,1000.0,366.7,900.0,800.0,612.0,1108.0,2
2018,Mafra,230.7,509.1,1120.0,566.7,490.0,10485.0,1593.3,1
2018,Mangualde,95.0,911.898627596439,996.7853123977756,2000.0,608.1002453557659,3409.0,657.8,2
2018,Manteigas,17.8,911.898627596439,996.7853123977756,175.0,608.1002453557659,202.0,101.4,2
2018,Marvão,10.4,911.898627596439,996.7853123977756,300.0,608.1002453557659,131.0,81.8,2
2018,Mação,30.4,911.898627596439,996.7853123977756,400.0,608.1002453557659,485.0,157.5,2
2018,Mealhada,69.2,911.898627596439,996.7853123977756,1160.0324398797595,340.0,2712.0,382.3,2
2018,Melgaço,19.9,911.898627596439,996.7853123977756,1100.0,608.1002453557659,358.0,130.0,2
2018,Mesão Frio,52.1,911.898627596439,996.7853123977756,700.0,608.1002453557659,166.0,299.0,2
2018,Mira,58.1,911.898627596439,996.7853123977756,1160.0324398797595,1100.0,868.0,335.7,2
2018,Miranda do Corvo,54.6,2100.0,996.7853123977756,5000.0,1100.0,487.0,314.3,3
2018,Miranda do Douro,34.0,911.898627596439,996.7853123977756,1160.0324398797595,608.1002453557659,453.0,189.7,2
2018,Mirandela,231.3,911.898627596439,996.7853123977756,2433.3,608.1002453557659,1449.0,1051.8,2
2018,Mogadouro,57.2,911.898627596439,1300.0,2400.0,608.1002453557659,506.0,350.3,2
2018,Moimenta da Beira,115.0,911.898627596439,900.0,537.5,1400.0,708.0,634.5,2
2018,Moita,548.8,571.4,3300.0,1592.9,322.2,2223.0,2926.5,3
2018,Monchique,24.9,700.0,996.7853123977756,1160.0324398797595,608.1002453557659,298.0,182.5,2
2018,Mondim de Basto,50.7,911.898627596439,1100.0,1160.0324398797595,608.1002453557659,356.0,338.1,2
2018,Monforte,61.3,911.898627596439,250.0,75.0,608.1002453557659,252.0,214.2,2
2018,Montalegre,43.8,911.898627596439,200.0,540.0,608.1002453557659,510.0,308.3,2
2018,Montemor-o-Novo,72.1,911.898627596439,1800.0,1433.3,650.0,1560.0,325.1,2
2018,Montemor-o-Velho,154.8,911.898627596439,996.7853123977756,1160.0324398797595,800.0,1424.0,831.0,2
2018,Montijo,434.6,455.6,680.0,1688.9,244.4,4120.0,2151.2,1
2018,Monção,42.6,1900.0,950.0,1666.7,1800.0,1292.0,337.1,3
2018,Mora,18.5,700.0,996.7853123977756,300.0,608.1002453557659,299.0,109.8,2
2018,Mortágua,27.3,911.898627596439,996.7853123977756,1160.0324398797595,900.0,1289.0,150.4,2
2018,Moura,197.7,2700.0,360.0,444.4,608.1002453557659,993.0,981.3,2
2018,Mourão,43.5,200.0,996.7853123977756,150.0,608.1002453557659,115.0,188.8,2
2018,Murtosa,37.1,800.0,996.7853123977756,1160.0324398797595,800.0,652.0,189.2,2
2018,Murça,57.8,911.898627596439,996.7853123977756,733.3,608.1002453557659,234.0,344.4,2
2018,Mértola,34.8,911.898627596439,996.7853123977756,1300.0,608.1002453557659,407.0,247.8,2
2018,Mêda,15.3,911.898627596439,996.7853123977756,1160.0324398797595,608.1002453557659,243.0,73.1,2
2018,Nazaré,66.6,1400.0,650.0,625.0,1100.0,1127.0,361.5,2
2018,Nelas,73.3,911.898627596439,2100.0,5500.0,600.0,1624.0,429.2,3
2018,Nisa,36.3,911.898627596439,996.7853123977756,900.0,608.1002453557659,249.0,198.8,2
2018,Nordeste,322.4878459687124,100.0,600.0,100.0,608.1002453557659,224.0,386.0,1
2018,Odemira,157.8,520.0,2400.0,1475.0,383.3,3756.0,767.8,3
2018,Odivelas,753.3,478.9,1511.1,2104.0,248.3,8307.0,3701.4,0
2018,Oleiros,15.5,911.898627596439,996.7853123977756,266.7,300.0,373.0,103.8,2
2018,Olhão,197.1,1025.0,1040.0,3100.0,211.1,3077.0,950.3,3
2018,Oliveira de Frades,51.0,911.898627596439,996.7853123977756,1266.7,608.1002453557659,1888.0,287.3,2
2018,Oliveira do Bairro,108.3,911.898627596439,996.7853123977756,2000.0,608.1002453557659,2953.0,490.8,2
2018,Oliveira do Hospital,117.4,911.898627596439,996.7853123977756,3400.0,666.7,2021.0,628.7,3
2018,Ourique,19.6,800.0,996.7853123977756,400.0,600.0,387.0,153.0,2
2018,Ourém,133.9,2950.0,2200.0,1033.3,1500.0,6081.0,686.3,3
2018,Ovar,341.4,1180.0,3450.0,1860.0,557.1,7560.0,1977.9,3
2018,Palmela,268.3,725.0,1340.0,800.0,363.6,14689.0,1550.4,0
2018,Pampilhosa da Serra,12.5,911.898627596439,400.0,166.7,100.0,184.0,105.2,2
2018,Paredes,618.8,672.7,1030.0,1675.0,711.1,10322.0,3809.2,0
2018,Paredes de Coura,25.2,600.0,996.7853123977756,1160.0324398797595,608.1002453557659,482.0,162.2,2
2018,Paços de Ferreira,309.1,475.0,711.1,681.0,372.7,7987.0,2161.7,1
2018,Pedrógão Grande,15.5,911.898627596439,996.7853123977756,800.0,608.1002453557659,236.0,117.1,2
2018,Penacova,51.6,911.898627596439,996.7853123977756,2600.0,608.1002453557659,1090.0,283.3,2
2018,Penafiel,470.5,911.898627596439,1740.0,1106.7,1440.0,7115.0,2835.3,3
2018,Penalva do Castelo,33.3,911.898627596439,996.7853123977756,3400.0,608.1002453557659,569.0,288.4,3
2018,Penamacor,25.2,911.898627596439,996.7853123977756,375.0,608.1002453557659,186.0,170.5,2
2018,Penedono,16.0,911.898627596439,600.0,1160.0324398797595,608.1002453557659,141.0,99.3,2
2018,Penela,14.5,911.898627596439,996.7853123977756,750.0,608.1002453557659,765.0,101.2,2
2018,Peso da Régua,206.9,911.898627596439,1150.0,1033.3,1300.0,982.0,1086.0,2
2018,Pinhel,35.5,911.898627596439,996.7853123977756,1550.0,608.1002453557659,574.0,164.3,2
2018,Pombal,234.2,2950.0,996.7853123977756,1862.5,960.0,6803.0,1140.1,3
2018,Ponta do Sol,322.4878459687124,600.0,996.7853123977756,1000.0,608.1002453557659,368.0,643.0,2
2018,Ponte da Barca,45.2,911.898627596439,996.7853123977756,2900.0,608.1002453557659,656.0,264.1,2
2018,Ponte de Sor,93.8,2600.0,996.7853123977756,916.7,800.0,1136.0,425.7,2
2018,Portalegre,143.6,2250.0,996.7853123977756,668.8,608.1002453557659,2060.0,665.3,2
2018,Portel,39.6,911.898627596439,150.0,1160.0324398797595,500.0,286.0,203.8,2
2018,Portimão,505.6,390.9,1033.3,1068.2,410.0,7134.0,2471.0,1
2018,Porto Moniz,322.4878459687124,250.0,996.7853123977756,200.0,608.1002453557659,96.0,287.0,2
2018,Porto Santo,322.4878459687124,600.0,996.7853123977756,1750.0,608.1002453557659,627.0,1195.0,2
2018,Porto de Mós,83.9,911.898627596439,996.7853123977756,1250.0,608.1002453557659,2765.0,492.7,2
2018,Povoação,322.4878459687124,500.0,150.0,180.0,608.1002453557659,390.0,800.0,1
2018,Proença-a-Nova,29.2,911.898627596439,996.7853123977756,1160.0324398797595,608.1002453557659,604.0,201.6,2
2018,Póvoa de Lanhoso,156.6,2300.0,3100.0,4150.0,2000.0,1586.0,885.6,3
2018,Póvoa de Varzim,386.3,788.9,1960.0,1411.1,366.7,6071.0,2177.2,3
2018,Redondo,37.3,911.898627596439,996.7853123977756,2000.0,608.1002453557659,519.0,224.9,2
2018,Reguengos de Monsaraz,90.5,850.0,996.7853123977756,3300.0,608.1002453557659,855.0,425.6,3
2018,Resende,130.2,2900.0,996.7853123977756,550.0,608.1002453557659,376.0,699.9,2
2018,Ribeira Brava,322.4878459687124,1050.0,996.7853123977756,5800.0,608.1002453557659,754.0,1468.0,3
2018,Ribeira Grande,322.4878459687124,420.0,620.0,418.2,266.7,2902.0,4549.0,1
2018,Ribeira de Pena,30.3,600.0,996.7853123977756,850.0,608.1002453557659,693.0,284.0,2
2018,Rio Maior,72.6,320.0,996.7853123977756,2466.7,300.0,2524.0,374.9,2
2018,Sabrosa,40.3,911.898627596439,700.0,1300.0,608.1002453557659,426.0,291.4,2
2018,Sabugal,63.9,911.898627596439,996.7853123977756,725.0,750.0,631.0,297.5,2
2018,Salvaterra de Magos,154.3,633.3,566.7,942.9,700.0,1545.0,916.9,2
2018,Santa Comba Dão,44.6,911.898627596439,1700.0,390.0,608.1002453557659,658.0,299.0,2
2018,Santa Cruz,322.4878459687124,842.9,996.7853123977756,1028.6,400.0,3252.0,5420.0,0
2018,Santa Cruz da Graciosa,322.4878459687124,350.0,800.0,1160.0324398797595,500.0,338.0,599.0,2
2018,Santa Cruz das Flores,322.4878459687124,28.6,16.7,60.0,608.1002453557659,201.0,343.0,1
2018,Santa Maria da Feira,756.8,641.7,2028.6,1635.0,547.4,17299.0,4685.8,0
2018,Santa Marta de Penaguião,67.1,911.898627596439,996.7853123977756,600.0,200.0,210.0,441.3,2
2018,Santana,322.4878459687124,650.0,700.0,750.0,608.1002453557659,186.0,493.0,2
2018,Santarém,280.0,493.3,3100.0,2144.4,644.4,5971.0,1381.1,3
2018,Santiago do Cacém,122.2,900.0,996.7853123977756,1485.7,1450.0,2049.0,727.0,3
2018,Santo Tirso,365.8,1125.0,1525.0,1050.0,916.7,8019.0,2920.3,3
2018,Sardoal,19.3,911.898627596439,996.7853123977756,1160.0324398797595,608.1002453557659,131.0,129.1,2
2018,Seia,145.4,911.898627596439,996.7853123977756,1160.0324398797595,800.0,1510.0,773.3,2
2018,Seixal,939.8,534.8,1811.1,1862.1,276.9,9128.0,4895.2,0
2018,Sernancelhe,47.9,911.898627596439,996.7853123977756,1160.0324398797595,300.0,411.0,228.9,2
2018,Serpa,141.7,911.898627596439,2100.0,800.0,608.1002453557659,902.0,698.7,2
2018,Sertã,75.3,911.898627596439,996.7853123977756,2350.0,650.0,1241.0,409.8,2
2018,Sesimbra,235.9,1333.3,3200.0,4050.0,550.0,2410.0,1282.9,3
2018,Setúbal,760.2,672.2,1291.7,5700.0,335.0,10578.0,4030.6,0
2018,Sever do Vouga,37.4,911.898627596439,996.7853123977756,3300.0,608.1002453557659,1278.0,231.3,3
2018,Silves,194.8,516.7,1366.7,1187.5,200.0,3030.0,950.4,2
2018,Sines,120.0,600.0,1400.0,2800.0,433.3,4326.0,592.2,3
2018,Sobral de Monte Agraço,34.4,911.898627596439,996.7853123977756,1400.0,400.0,817.0,204.5,2
2018,Soure,71.7,911.898627596439,1900.0,1500.0,1800.0,812.0,428.3,3
2018,Sousel,31.7,911.898627596439,996.7853123977756,225.0,608.1002453557659,315.0,149.1,2
2018,Sátão,87.5,911.898627596439,996.7853123977756,4600.0,608.1002453557659,686.0,485.3,3
2018,São Brás de Alportel,38.3,911.898627596439,996.7853123977756,1160.0324398797595,450.0,885.0,183.7,2
2018,São João da Madeira,123.0,911.898627596439,996.7853123977756,1466.7,608.1002453557659,5317.0,678.9,2
2018,São João da Pesqueira,45.9,911.898627596439,700.0,1600.0,608.1002453557659,532.0,206.6,2
2018,São Pedro do Sul,108.0,911.898627596439,2600.0,2750.0,608.1002453557659,918.0,641.3,3
2018,São Roque do Pico,322.4878459687124,400.0,250.0,300.0,608.1002453557659,299.0,484.0,1
2018,São Vicente,322.4878459687124,911.898627596439,50.0,1100.0,608.1002453557659,257.0,484.0,2
2018,Tabuaço,75.8,911.898627596439,996.7853123977756,166.7,608.1002453557659,255.0,410.4,2
2018,Tarouca,88.6,911.898627596439,996.7853123977756,650.0,333.3,653.0,524.3,2
2018,Tavira,103.3,900.0,1350.0,4050.0,185.7,2446.0,539.3,3
2018,Terras de Bouro,49.9,911.898627596439,996.7853123977756,1800.0,608.1002453557659,433.0,278.3,2
2018,Tomar,185.3,2033.3,2250.0,3825.0,1100.0,2700.0,962.4,3
2018,Tondela,101.8,2800.0,996.7853123977756,3500.0,608.1002453557659,2829.0,547.6,3
2018,Torre de Moncorvo,62.8,911.898627596439,996.7853123977756,3100.0,608.1002453557659,471.0,357.1,3
2018,Torres Novas,143.2,2000.0,1566.7,2880.0,320.0,3676.0,735.1,3
2018,Torres Vedras,337.2,542.9,966.7,1740.0,722.2,9135.0,2062.5,3
2018,Trancoso,34.9,911.898627596439,996.7853123977756,1160.0324398797595,608.1002453557659,757.0,184.4,2
2018,Trofa,195.0,2500.0,1800.0,1230.0,457.1,7438.0,1437.1,3
2018,Tábua,55.3,911.898627596439,1600.0,2900.0,608.1002453557659,1261.0,368.3,3
2018,Vagos,96.0,911.898627596439,2000.0,1460.0,608.1002453557659,2660.0,439.3,3
2018,Valença,61.1,750.0,996.7853123977756,3500.0,608.1002453557659,1424.0,389.2,3
2018,Valongo,781.1,957.1,1628.6,1994.1,607.1,7850.0,4803.0,0
2018,Valpaços,112.3,911.898627596439,996.7853123977756,2800.0,1400.0,688.0,594.3,3
2018,Velas,322.4878459687124,911.898627596439,500.0,200.0,608.1002453557659,430.0,794.0,2
2018,Vendas Novas,45.6,911.898627596439,1300.0,866.7,608.1002453557659,1024.0,230.8,2
2018,Viana do Alentejo,33.8,911.898627596439,996.7853123977756,700.0,500.0,339.0,173.8,2
2018,Viana do Castelo,375.8,1942.9,3250.0,1910.0,937.5,10612.0,2033.6,3
2018,Vidigueira,61.8,911.898627596439,996.7853123977756,900.0,800.0,310.0,306.8,2
2018,Vieira do Minho,102.4,911.898627596439,996.7853123977756,2500.0,608.1002453557659,627.0,630.5,2
2018,Vila Flor,54.7,911.898627596439,700.0,550.0,608.1002453557659,339.0,343.4,2
2018,Vila Franca de Xira,655.7,500.0,1018.2,1200.0,521.4,14217.0,3533.1,0
2018,Vila Franca do Campo,322.4878459687124,950.0,500.0,233.3,400.0,592.0,1023.0,2
2018,Vila Nova da Barquinha,36.2,911.898627596439,996.7853123977756,1200.0,608.1002453557659,229.0,157.5,2
2018,Vila Nova de Cerveira,30.9,911.898627596439,996.7853123977756,550.0,608.1002453557659,1746.0,207.8,2
2018,Vila Nova de Foz Côa,41.0,911.898627596439,996.7853123977756,2600.0,608.1002453557659,451.0,208.2,2
2018,Vila Nova de Paiva,50.6,911.898627596439,996.7853123977756,1400.0,608.1002453557659,231.0,210.8,2
2018,Vila Nova de Poiares,30.8,911.898627596439,996.7853123977756,2600.0,500.0,680.0,207.8,2
2018,Vila Pouca de Aguiar,74.0,911.898627596439,996.7853123977756,3300.0,608.1002453557659,935.0,519.3,3
2018,Vila Real de Santo António,123.6,1300.0,1400.0,478.6,333.3,1845.0,598.2,2
2018,Vila Velha de Ródão,10.3,911.898627596439,996.7853123977756,1160.0324398797595,608.1002453557659,481.0,68.1,2
2018,Vila Verde,261.5,1725.0,1733.3,1160.0324398797595,1866.7,4063.0,1303.1,3
2018,Vila Viçosa,54.6,911.898627596439,996.7853123977756,720.0,700.0,947.0,265.0,2
2018,Vila de Rei,10.4,911.898627596439,996.7853123977756,350.0,608.1002453557659,180.0,53.7,2
2018,Vila do Bispo,32.3,250.0,200.0,800.0,608.1002453557659,748.0,144.3,2
2018,Vila do Conde,425.7,733.3,1600.0,3075.0,486.7,11471.0,2554.4,3
2018,Vila do Porto,322.4878459687124,600.0,996.7853123977756,250.0,608.1002453557659,469.0,796.0,2
2018,Vimioso,23.5,911.898627596439,996.7853123977756,1160.0324398797595,608.1002453557659,193.0,143.2,2
2018,Vinhais,53.5,911.898627596439,996.7853123977756,466.7,608.1002453557659,285.0,329.4,2
2018,Vizela,121.0,175.0,1200.0,452.9,280.0,2987.0,828.4,1
2018,Vouzela,62.0,911.898627596439,996.7853123977756,300.0,608.1002453557659,633.0,322.6,2
2018,Ílhavo,230.5,911.898627596439,1160.0,2100.0,1033.3,3291.0,1180.9,3
2018,Óbidos,37.6,650.0,1100.0,1400.0,608.1002453557659,1451.0,226.2,2
2019,Aguiar da Beira,24.1,911.898627596439,996.7853123977756,1160.0324398797595,608.1002453557659,429.0,133.1,2
2019,Alandroal,24.8,911.898627596439,996.7853123977756,900.0,608.1002453557659,300.0,156.8,2
2019,Albergaria-a-Velha,90.8,911.898627596439,996.7853123977756,1160.0324398797595,475.0,4072.0,485.9,2
2019,Alcanena,42.0,900.0,996.7853123977756,5500.0,608.1002453557659,1975.0,201.5,3
2019,Alcochete,78.8,2100.0,400.0,2433.3,280.0,2189.0,415.3,2
2019,Alcoutim,4.4,911.898627596439,996.7853123977756,200.0,100.0,124.0,35.5,2
2019,Alcácer do Sal,30.9,911.898627596439,996.7853123977756,3200.0,700.0,991.0,190.7,3
2019,Alenquer,186.9,2150.0,2400.0,1787.5,1500.0,5721.0,965.7,3
2019,Alfândega da Fé,44.5,911.898627596439,400.0,600.0,608.1002453557659,174.0,215.7,2
2019,Alijó,94.5,911.898627596439,1000.0,1150.0,608.1002453557659,684.0,513.8,2
2019,Aljezur,25.7,911.898627596439,996.7853123977756,1160.0324398797595,608.1002453557659,475.0,137.5,2
2019,Aljustrel,57.0,911.898627596439,800.0,1900.0,900.0,1110.0,252.7,2
2019,Almada,925.3,524.0,1453.8,2205.3,277.1,9214.0,5217.3,0
2019,Almeida,29.5,911.898627596439,1200.0,2200.0,608.1002453557659,357.0,126.2,2
2019,Almeirim,95.7,1650.0,1350.0,2600.0,950.0,1738.0,490.8,3
2019,Almodôvar,27.3,911.898627596439,996.7853123977756,1160.0324398797595,800.0,330.0,174.1,2
2019,Alpiarça,24.3,911.898627596439,996.7853123977756,1160.0324398797595,608.1002453557659,498.0,135.2,2
2019,Alter do Chão,30.3,911.898627596439,500.0,200.0,608.1002453557659,151.0,132.2,2
2019,Alvaiázere,27.8,911.898627596439,996.7853123977756,650.0,608.1002453557659,647.0,130.4,2
2019,Alvito,12.0,911.898627596439,996.7853123977756,100.0,608.1002453557659,115.0,61.7,2
2019,Amadora,887.8,289.5,593.1,2013.3,278.1,18046.0,4017.3,0
2019,Amares,92.2,911.898627596439,2300.0,3300.0,608.1002453557659,1871.0,515.4,3
2019,Anadia,89.8,1266.7,1700.0,1337.5,400.0,3059.0,482.6,2
2019,Angra do Heroísmo,322.4878459687124,384.6,307.1,1333.3,2200.0,3236.0,6092.0,3
2019,Ansião,35.5,911.898627596439,996.7853123977756,1533.3,1100.0,1193.0,241.6,2
2019,Arcos de Valdevez,69.2,911.898627596439,1600.0,1700.0,333.3,1852.0,468.3,2
2019,Arganil,52.3,911.898627596439,996.7853123977756,2000.0,608.1002453557659,852.0,339.3,2
2019,Armamar,44.4,911.898627596439,200.0,1160.0324398797595,608.1002453557659,446.0,241.6,2
2019,Arouca,73.6,911.898627596439,996.7853123977756,1625.0,1050.0,2562.0,474.3,2
2019,Arraiolos,24.9,911.898627596439,996.7853123977756,950.0,608.1002453557659,550.0,119.3,2
2019,Arronches,15.5,911.898627596439,996.7853123977756,700.0,608.1002453557659,194.0,68.8,2
2019,Arruda dos Vinhos,45.5,550.0,996.7853123977756,1160.0324398797595,1300.0,1905.0,252.3,2
2019,Avis,18.3,911.898627596439,600.0,600.0,608.1002453557659,411.0,106.8,2
2019,Azambuja,69.4,911.898627596439,996.7853123977756,1800.0,608.1002453557659,4881.0,398.7,2
2019,Baião,157.3,911.898627596439,2700.0,287.5,608.1002453557659,1384.0,996.5,2
2019,Barrancos,11.5,911.898627596439,996.7853123977756,1160.0324398797595,608.1002453557659,117.0,92.2,2
2019,Barreiro,518.3,618.2,468.8,1626.1,209.5,3903.0,2878.9,1
2019,Batalha,33.3,911.898627596439,1800.0,2800.0,1400.0,2624.0,237.9,3
2019,Beja,219.6,911.898627596439,2550.0,2042.9,850.0,3715.0,1052.5,3
2019,Belmonte,42.3,911.898627596439,996.7853123977756,1160.0324398797595,608.1002453557659,500.0,232.2,2
2019,Bombarral,37.5,1100.0,996.7853123977756,2150.0,608.1002453557659,1025.0,231.3,2
2019,Borba,40.3,911.898627596439,996.7853123977756,700.0,800.0,453.0,205.3,2
2019,Boticas,20.2,911.898627596439,996.7853123977756,900.0,608.1002453557659,354.0,121.1,2
2019,Bragança,210.8,911.898627596439,996.7853123977756,4950.0,1533.3,2970.0,880.3,3
2019,Cabeceiras de Basto,115.3,911.898627596439,1700.0,466.7,608.1002453557659,1170.0,722.0,2
2019,Cadaval,41.4,1100.0,1000.0,1200.0,608.1002453557659,980.0,258.7,2
2019,Caldas da Rainha,188.8,812.5,1275.0,908.0,980.0,5323.0,1082.4,2
2019,Calheta [R.A.A.],322.4878459687124,911.898627596439,400.0,300.0,608.1002453557659,208.0,424.0,2
2019,Calheta [R.A.M.],322.4878459687124,380.0,300.0,1400.0,700.0,1160.0,1831.0,2
2019,Caminha,62.9,911.898627596439,2500.0,4400.0,466.7,926.0,326.9,3
2019,Campo Maior,85.8,911.898627596439,996.7853123977756,1000.0,608.1002453557659,1277.0,385.6,2
2019,Cantanhede,126.9,911.898627596439,980.0,3725.0,1550.0,3902.0,741.1,3
2019,Carrazeda de Ansiães,42.5,911.898627596439,996.7853123977756,800.0,608.1002453557659,234.0,212.2,2
2019,Carregal do Sal,42.6,911.898627596439,996.7853123977756,4600.0,608.1002453557659,900.0,230.4,3
2019,Cartaxo,80.8,2700.0,3500.0,1185.7,433.3,1399.0,434.5,3
2019,Cascais,816.7,174.7,393.3,911.8,213.4,18368.0,5659.3,0
2019,Castanheira de Pêra,13.6,911.898627596439,996.7853123977756,1160.0324398797595,608.1002453557659,148.0,77.1,2
2019,Castelo de Paiva,87.8,911.898627596439,996.7853123977756,1000.0,1900.0,1180.0,598.0,3
2019,Castelo de Vide,15.2,911.898627596439,996.7853123977756,1100.0,300.0,201.0,69.5,2
2019,Castro Daire,112.5,911.898627596439,996.7853123977756,3700.0,608.1002453557659,1061.0,618.3,3
2019,Castro Marim,31.1,911.898627596439,996.7853123977756,1160.0324398797595,200.0,507.0,146.5,2
2019,Castro Verde,36.4,911.898627596439,996.7853123977756,1450.0,608.1002453557659,2025.0,167.4,2
2019,Celorico da Beira,42.2,911.898627596439,996.7853123977756,2100.0,608.1002453557659,443.0,196.1,2
2019,Celorico de Basto,101.1,3000.0,1900.0,725.0,608.1002453557659,1110.0,708.3,3
2019,Chamusca,35.1,911.898627596439,996.7853123977756,3000.0,608.1002453557659,871.0,181.7,3
2019,Cinfães,113.3,2700.0,996.7853123977756,194.4,608.1002453557659,2133.0,831.2,2
2019,Coimbra,845.1,1193.8,1523.1,1578.4,350.0,15368.0,3798.8,0
2019,Condeixa-a-Nova,62.8,911.898627596439,800.0,1160.0324398797595,608.1002453557659,1016.0,330.4,2
2019,Constância,27.4,1300.0,996.7853123977756,1160.0324398797595,608.1002453557659,521.0,130.7,2
2019,Coruche,106.3,911.898627596439,1500.0,1120.0,1400.0,1476.0,583.2,3
2019,Covilhã,270.7,911.898627596439,3700.0,3028.6,1250.0,4135.0,1487.5,3
2019,Crato,20.4,911.898627596439,996.7853123977756,700.0,608.1002453557659,160.0,99.3,2
2019,Cuba,35.9,911.898627596439,996.7853123977756,1160.0324398797595,608.1002453557659,225.0,162.3,2
2019,Elvas,234.7,911.898627596439,2900.0,1100.0,2200.0,1737.0,1066.7,3
2019,Entroncamento,109.8,3600.0,3200.0,4600.0,300.0,1679.0,432.3,3
2019,Estremoz,88.7,2100.0,996.7853123977756,1475.0,350.0,1304.0,356.4,2
2019,Fafe,319.3,1650.0,1216.7,1191.7,2150.0,4496.0,1926.6,3
2019,Faro,304.4,1000.0,2866.7,1415.0,193.3,8925.0,1298.0,3
2019,Ferreira do Alentejo,61.9,911.898627596439,996.7853123977756,1160.0324398797595,608.1002453557659,738.0,232.6,2
2019,Ferreira do Zêzere,24.2,911.898627596439,996.7853123977756,1160.0324398797595,400.0,902.0,135.8,2
2019,Figueira de Castelo Rodrigo,49.4,911.898627596439,996.7853123977756,1000.0,400.0,258.0,191.6,2
2019,Figueiró dos Vinhos,29.9,911.898627596439,600.0,1000.0,608.1002453557659,294.0,178.5,2
2019,Fornos de Algodres,24.1,911.898627596439,996.7853123977756,1800.0,608.1002453557659,279.0,157.4,2
2019,Freixo de Espada à Cinta,39.9,911.898627596439,200.0,1160.0324398797595,608.1002453557659,116.0,190.8,2
2019,Fronteira,19.1,911.898627596439,996.7853123977756,200.0,608.1002453557659,196.0,122.1,2
2019,Gavião,14.3,911.898627596439,500.0,600.0,608.1002453557659,95.0,84.2,2
2019,Golegã,16.0,911.898627596439,996.7853123977756,2800.0,608.1002453557659,354.0,82.0,2
2019,Gondomar,1115.3,1110.0,2425.0,2182.6,455.6,9724.0,6170.3,0
2019,Gouveia,66.6,911.898627596439,996.7853123977756,1160.0324398797595,1600.0,633.0,408.6,2
2019,Grândola,58.8,911.898627596439,1100.0,933.3,608.1002453557659,1064.0,309.8,2
2019,Góis,15.3,911.898627596439,996.7853123977756,800.0,300.0,199.0,120.8,2
2019,Horta,322.4878459687124,342.9,2700.0,1850.0,550.0,1399.0,2675.0,3
2019,Idanha-a-Nova,50.9,911.898627596439,996.7853123977756,566.7,800.0,497.0,335.9,2
2019,Lagoa,159.3,350.0,1066.7,435.7,633.3,3685.0,769.4,2
2019,Lagoa [R.A.A.],322.4878459687124,533.3,2000.0,1750.0,1100.0,1271.0,1901.0,3
2019,Lagos,189.8,300.0,1033.3,985.7,155.6,3957.0,972.8,1
2019,Lajes do Pico,322.4878459687124,700.0,350.0,1160.0324398797595,608.1002453557659,161.0,382.0,2
2019,Loulé,439.9,722.2,730.8,1305.9,883.3,12467.0,1907.4,0
2019,Lourinhã,111.6,911.898627596439,1850.0,1128.6,608.1002453557659,2098.0,569.8,2
2019,Lousã,79.8,911.898627596439,996.7853123977756,1160.0324398797595,608.1002453557659,1242.0,473.1,2
2019,Macedo de Cavaleiros,106.4,3800.0,2600.0,587.5,608.1002453557659,814.0,531.3,3
2019,Machico,322.4878459687124,1100.0,996.7853123977756,1580.0,1000.0,1488.0,2480.0,3
2019,Madalena,322.4878459687124,911.898627596439,700.0,1160.0324398797595,900.0,566.0,1081.0,2
2019,Mafra,204.3,500.0,1066.7,621.9,376.9,10731.0,1438.9,1
2019,Mangualde,86.0,911.898627596439,996.7853123977756,2833.3,608.1002453557659,3162.0,561.4,3
2019,Manteigas,7.8,911.898627596439,996.7853123977756,233.3,400.0,214.0,73.3,2
2019,Marinha Grande,215.6,875.0,1766.7,2125.0,608.1002453557659,6613.0,1077.5,3
2019,Marvão,9.0,911.898627596439,996.7853123977756,250.0,608.1002453557659,139.0,65.8,2
2019,Mação,26.8,911.898627596439,996.7853123977756,500.0,608.1002453557659,486.0,151.8,2
2019,Melgaço,17.9,911.898627596439,700.0,1160.0324398797595,608.1002453557659,351.0,111.7,2
2019,Mesão Frio,46.3,911.898627596439,200.0,1160.0324398797595,400.0,187.0,274.4,2
2019,Mira,67.1,911.898627596439,996.7853123977756,1160.0324398797595,608.1002453557659,811.0,315.5,2
2019,Miranda do Corvo,49.0,2000.0,996.7853123977756,5300.0,608.1002453557659,486.0,266.2,3
2019,Miranda do Douro,30.0,911.898627596439,1300.0,2800.0,608.1002453557659,441.0,168.3,3
2019,Mirandela,190.5,911.898627596439,800.0,740.0,608.1002453557659,1511.0,923.3,2
2019,Mogadouro,46.8,911.898627596439,550.0,1000.0,608.1002453557659,463.0,303.1,2
2019,Moimenta da Beira,111.6,911.898627596439,996.7853123977756,683.3,1100.0,703.0,688.7,2
2019,Moita,484.7,960.0,3200.0,1753.8,377.8,2162.0,2523.7,3
2019,Monchique,20.3,600.0,500.0,600.0,608.1002453557659,317.0,158.1,2
2019,Mondim de Basto,46.9,911.898627596439,900.0,525.0,608.1002453557659,347.0,292.6,2
2019,Monforte,56.4,911.898627596439,996.7853123977756,100.0,608.1002453557659,233.0,192.0,2
2019,Montalegre,35.3,911.898627596439,996.7853123977756,2000.0,608.1002453557659,493.0,280.7,2
2019,Montemor-o-Novo,52.6,911.898627596439,2100.0,5600.0,650.0,1549.0,277.8,3
2019,Montemor-o-Velho,120.7,911.898627596439,996.7853123977756,1160.0324398797595,850.0,1480.0,653.1,2
2019,Montijo,391.8,840.0,1100.0,1825.0,400.0,4376.0,1896.9,2
2019,Monção,43.8,911.898627596439,996.7853123977756,5200.0,1800.0,1354.0,324.0,3
2019,Mora,13.2,911.898627596439,996.7853123977756,600.0,608.1002453557659,308.0,72.0,2
2019,Mortágua,24.5,911.898627596439,996.7853123977756,1160.0324398797595,608.1002453557659,1397.0,124.3,2
2019,Moura,194.0,933.3,600.0,550.0,608.1002453557659,935.0,941.2,2
2019,Mourão,39.1,911.898627596439,500.0,500.0,608.1002453557659,154.0,169.8,2
2019,Murtosa,44.8,911.898627596439,996.7853123977756,2600.0,608.1002453557659,678.0,202.3,2
2019,Murça,44.4,911.898627596439,996.7853123977756,500.0,608.1002453557659,240.0,331.2,2
2019,Mértola,27.8,911.898627596439,996.7853123977756,1160.0324398797595,500.0,404.0,201.0,2
2019,Mêda,10.9,911.898627596439,996.7853123977756,550.0,608.1002453557659,233.0,58.2,2
2019,Nazaré,58.6,911.898627596439,750.0,550.0,608.1002453557659,1142.0,325.8,2
2019,Nelas,64.0,911.898627596439,2000.0,5900.0,1200.0,1626.0,384.4,3
2019,Nisa,26.3,1300.0,996.7853123977756,1100.0,500.0,221.0,172.3,2
2019,Nordeste,322.4878459687124,200.0,500.0,350.0,608.1002453557659,233.0,402.0,1
2019,Odemira,179.8,650.0,996.7853123977756,1425.0,500.0,4799.0,831.4,2
2019,Odivelas,602.5,417.4,1272.7,2625.0,211.8,8591.0,3024.5,0
2019,Oleiros,9.6,911.898627596439,996.7853123977756,1160.0324398797595,500.0,416.0,89.5,2
2019,Olhão,200.8,1150.0,622.2,1183.3,480.0,3188.0,930.2,2
2019,Oliveira de Frades,57.9,911.898627596439,996.7853123977756,3900.0,608.1002453557659,1885.0,308.3,3
2019,Oliveira do Bairro,89.3,911.898627596439,996.7853123977756,3600.0,2000.0,3183.0,465.8,3
2019,Oliveira do Hospital,103.6,911.898627596439,996.7853123977756,1160.0324398797595,1100.0,1922.0,567.3,2
2019,Ourique,20.4,911.898627596439,700.0,700.0,608.1002453557659,331.0,135.1,2
2019,Palmela,221.8,400.0,887.5,832.0,300.0,14742.0,1372.3,0
2019,Pampilhosa da Serra,10.3,911.898627596439,996.7853123977756,150.0,200.0,207.0,103.0,2
2019,Paredes,498.0,950.0,2240.0,2150.0,744.4,10245.0,3163.9,3
2019,Paredes de Coura,30.7,700.0,996.7853123977756,1160.0324398797595,608.1002453557659,454.0,176.7,2
2019,Paços de Ferreira,271.6,400.0,2466.7,952.9,716.7,8010.0,1835.2,3
2019,Pedrógão Grande,10.3,911.898627596439,996.7853123977756,900.0,608.1002453557659,282.0,97.9,2
2019,Penacova,38.8,911.898627596439,996.7853123977756,1160.0324398797595,608.1002453557659,1076.0,230.3,2
2019,Penalva do Castelo,28.2,911.898627596439,996.7853123977756,3300.0,608.1002453557659,616.0,218.1,3
2019,Penamacor,23.4,911.898627596439,700.0,1700.0,608.1002453557659,216.0,155.6,2
2019,Penedono,14.3,911.898627596439,996.7853123977756,1160.0324398797595,608.1002453557659,149.0,92.4,2
2019,Penela,15.8,911.898627596439,996.7853123977756,1400.0,608.1002453557659,789.0,93.0,2
2019,Peso da Régua,186.8,911.898627596439,2500.0,1066.7,1200.0,1029.0,1058.0,3
2019,Pinhel,31.8,2000.0,996.7853123977756,1160.0324398797595,608.1002453557659,558.0,159.0,2
2019,Ponta do Sol,322.4878459687124,1200.0,400.0,3000.0,608.1002453557659,409.0,732.0,2
2019,Ponte da Barca,41.9,911.898627596439,996.7853123977756,1160.0324398797595,1000.0,668.0,250.5,2
2019,Ponte de Sor,88.1,911.898627596439,1050.0,590.0,800.0,1196.0,420.0,2
2019,Portel,31.4,911.898627596439,400.0,1160.0324398797595,300.0,271.0,175.9,2
2019,Portimão,476.4,783.3,744.4,831.0,285.7,7535.0,2225.4,1
2019,Porto Moniz,322.4878459687124,911.898627596439,0.0,600.0,608.1002453557659,98.0,252.0,2
2019,Porto Santo,322.4878459687124,911.898627596439,200.0,1550.0,608.1002453557659,606.0,1154.0,2
2019,Povoação,322.4878459687124,911.898627596439,160.0,500.0,500.0,396.0,837.0,2
2019,Proença-a-Nova,25.2,911.898627596439,996.7853123977756,2400.0,608.1002453557659,597.0,164.1,2
2019,Póvoa de Lanhoso,121.7,2700.0,3400.0,2800.0,608.1002453557659,1649.0,784.9,3
2019,Póvoa de Varzim,363.6,672.7,1471.4,3111.1,300.0,6380.0,2092.9,3
2019,Redondo,42.0,911.898627596439,800.0,633.3,608.1002453557659,549.0,196.6,2
2019,Reguengos de Monsaraz,85.9,911.898627596439,996.7853123977756,1133.3,1300.0,874.0,391.2,2
2019,Resende,98.3,911.898627596439,1100.0,540.0,608.1002453557659,416.0,564.3,2
2019,Ribeira Brava,322.4878459687124,2200.0,996.7853123977756,2266.7,608.1002453557659,790.0,1483.0,3
2019,Ribeira Grande,322.4878459687124,562.5,950.0,662.5,1800.0,3091.0,4783.0,3
2019,Ribeira de Pena,38.3,911.898627596439,233.3,850.0,300.0,696.0,286.8,2
2019,Rio Maior,61.5,316.7,996.7853123977756,1000.0,400.0,2565.0,308.7,2
2019,Sabrosa,33.8,911.898627596439,1200.0,1160.0324398797595,608.1002453557659,433.0,264.6,2
2019,Sabugal,54.9,911.898627596439,996.7853123977756,2800.0,700.0,616.0,237.2,3
2019,Salvaterra de Magos,111.8,1100.0,950.0,2233.3,608.1002453557659,1674.0,739.4,2
2019,Santa Comba Dão,41.9,911.898627596439,996.7853123977756,372.7,608.1002453557659,647.0,268.6,2
2019,Santa Cruz,322.4878459687124,1550.0,996.7853123977756,4500.0,1100.0,3095.0,5062.0,3
2019,Santa Cruz da Graciosa,322.4878459687124,100.0,900.0,1160.0324398797595,500.0,261.0,481.0,2
2019,Santa Cruz das Flores,322.4878459687124,100.0,25.0,33.3,608.1002453557659,162.0,288.0,1
2019,Santa Maria da Feira,699.0,560.0,2820.0,1466.7,550.0,17191.0,4334.3,0
2019,Santa Marta de Penaguião,72.8,911.898627596439,996.7853123977756,450.0,200.0,211.0,452.1,2
2019,Santarém,231.2,1333.3,2300.0,1608.3,1280.0,6453.0,1194.5,3
2019,Santo Tirso,327.0,1125.0,1575.0,1270.6,675.0,7930.0,2521.3,3
2019,Sardoal,19.0,911.898627596439,996.7853123977756,900.0,608.1002453557659,119.0,128.2,2
2019,Seia,121.8,911.898627596439,2600.0,4400.0,700.0,1469.0,661.8,3
2019,Seixal,899.5,788.2,1261.5,1781.3,300.0,9222.0,4521.9,0
2019,Sernancelhe,30.5,911.898627596439,996.7853123977756,1160.0324398797595,400.0,463.0,180.8,2
2019,Serpa,144.6,911.898627596439,1050.0,1400.0,608.1002453557659,909.0,639.7,2
2019,Sertã,72.3,911.898627596439,996.7853123977756,1125.0,1700.0,1225.0,373.3,3
2019,Setúbal,656.1,619.0,1171.4,3950.0,462.5,10745.0,3510.8,0
2019,Sever do Vouga,35.8,911.898627596439,996.7853123977756,1160.0324398797595,608.1002453557659,1337.0,211.6,2
2019,Silves,215.0,366.7,720.0,1733.3,228.6,3169.0,942.9,1
2019,Sines,100.8,1200.0,950.0,966.7,650.0,3182.0,533.8,2
2019,Sobral de Monte Agraço,33.3,911.898627596439,1600.0,2900.0,608.1002453557659,763.0,186.8,3
2019,Soure,69.7,911.898627596439,2100.0,1160.0324398797595,1600.0,816.0,398.8,3
2019,Sousel,31.2,911.898627596439,996.7853123977756,375.0,608.1002453557659,378.0,146.2,2
2019,Sátão,80.0,911.898627596439,996.7853123977756,1160.0324398797595,608.1002453557659,681.0,433.3,2
2019,São Brás de Alportel,37.2,911.898627596439,1100.0,3100.0,1000.0,806.0,179.8,3
2019,São João da Pesqueira,42.3,911.898627596439,996.7853123977756,1500.0,1000.0,535.0,209.3,2
2019,São Pedro do Sul,91.8,911.898627596439,996.7853123977756,2850.0,608.1002453557659,952.0,548.6,3
2019,São Roque do Pico,322.4878459687124,911.898627596439,600.0,1400.0,0.0,295.0,492.0,2
2019,Tabuaço,65.2,911.898627596439,1100.0,200.0,608.1002453557659,248.0,378.9,2
2019,Tarouca,79.2,911.898627596439,1300.0,1600.0,550.0,690.0,480.2,2
2019,Tavira,97.3,450.0,1100.0,2150.0,250.0,2588.0,507.7,2
2019,Terras de Bouro,41.3,911.898627596439,996.7853123977756,1160.0324398797595,608.1002453557659,446.0,247.9,2
2019,Tomar,151.5,1260.0,300.0,1346.7,1200.0,2861.0,822.5,2
2019,Torre de Moncorvo,59.9,911.898627596439,996.7853123977756,3200.0,608.1002453557659,373.0,333.8,3
2019,Torres Novas,127.3,2166.7,1566.7,3000.0,725.0,3779.0,665.1,3
2019,Torres Vedras,300.0,888.9,1583.3,2084.6,650.0,9358.0,1781.8,3
2019,Trancoso,38.4,911.898627596439,996.7853123977756,1600.0,608.1002453557659,820.0,169.6,2
2019,Trofa,157.5,866.7,996.7853123977756,1525.0,680.0,7490.0,1149.3,3
2019,Tábua,44.8,911.898627596439,996.7853123977756,3600.0,608.1002453557659,1253.0,314.4,3
2019,Vagos,105.3,911.898627596439,2100.0,2800.0,608.1002453557659,2596.0,458.8,3
2019,Vale de Cambra,53.3,911.898627596439,2500.0,3200.0,608.1002453557659,3812.0,385.3,3
2019,Valença,65.3,911.898627596439,2100.0,1160.0324398797595,608.1002453557659,1527.0,362.3,2
2019,Valpaços,89.1,911.898627596439,850.0,1160.0324398797595,608.1002453557659,715.0,490.5,2
2019,Velas,322.4878459687124,911.898627596439,250.0,266.7,608.1002453557659,447.0,810.0,2
2019,Vendas Novas,40.6,911.898627596439,996.7853123977756,1375.0,500.0,1022.0,200.4,2
2019,Viana do Alentejo,34.3,911.898627596439,996.7853123977756,900.0,608.1002453557659,355.0,157.8,2
2019,Viana do Castelo,293.3,2300.0,2860.0,5642.9,718.2,10231.0,1727.7,3
2019,Vidigueira,51.5,911.898627596439,700.0,1160.0324398797595,608.1002453557659,320.0,249.6,2
2019,Vieira do Minho,85.0,911.898627596439,996.7853123977756,1160.0324398797595,608.1002453557659,592.0,595.7,2
2019,Vila Flor,45.3,911.898627596439,996.7853123977756,1100.0,608.1002453557659,337.0,242.3,2
2019,Vila Franca de Xira,561.4,650.0,1180.0,1555.2,466.7,14131.0,3095.9,0
2019,Vila Franca do Campo,322.4878459687124,2000.0,996.7853123977756,850.0,400.0,591.0,1055.0,2
2019,Vila Nova da Barquinha,28.3,911.898627596439,1200.0,1160.0324398797595,608.1002453557659,227.0,126.6,2
2019,Vila Nova de Cerveira,27.1,1200.0,996.7853123977756,1160.0324398797595,700.0,1784.0,191.2,2
2019,Vila Nova de Foz Côa,35.9,911.898627596439,800.0,2400.0,608.1002453557659,394.0,194.3,2
2019,Vila Nova de Paiva,38.5,911.898627596439,996.7853123977756,2100.0,608.1002453557659,261.0,207.4,2
2019,Vila Nova de Poiares,26.8,911.898627596439,996.7853123977756,1160.0324398797595,500.0,677.0,180.8,2
2019,Vila Pouca de Aguiar,67.3,911.898627596439,996.7853123977756,1160.0324398797595,608.1002453557659,904.0,472.8,2
2019,Vila Real de Santo António,112.8,2700.0,2700.0,1183.3,400.0,1984.0,554.7,3
2019,Vila Velha de Ródão,8.2,911.898627596439,996.7853123977756,1160.0324398797595,608.1002453557659,513.0,65.5,2
2019,Vila Verde,221.3,2400.0,3000.0,4125.0,1733.3,4269.0,1145.1,3
2019,Vila Viçosa,41.2,911.898627596439,1300.0,3600.0,700.0,908.0,216.3,3
2019,Vila da Praia da Vitória,322.4878459687124,425.0,900.0,1766.7,933.3,1635.0,2696.0,2
2019,Vila de Rei,11.6,911.898627596439,996.7853123977756,900.0,608.1002453557659,177.0,52.4,2
2019,Vila do Bispo,35.3,911.898627596439,150.0,350.0,608.1002453557659,587.0,143.4,2
2019,Vila do Conde,422.3,1216.7,2080.0,3200.0,591.7,11391.0,2462.8,3
2019,Vila do Porto,322.4878459687124,500.0,996.7853123977756,1100.0,608.1002453557659,509.0,854.0,2
2019,Vimioso,17.0,911.898627596439,996.7853123977756,600.0,608.1002453557659,162.0,119.8,2
2019,Vinhais,38.9,911.898627596439,996.7853123977756,1400.0,608.1002453557659,281.0,273.5,2
2019,Vizela,98.2,400.0,866.7,428.6,475.0,2827.0,771.8,1
2019,Vouzela,60.8,911.898627596439,1600.0,575.0,608.1002453557659,677.0,323.8,2
2019,Évora,330.3,3366.7,1283.3,1514.3,343.8,7239.0,1435.8,3
2019,Óbidos,27.6,911.898627596439,1100.0,1033.3,608.1002453557659,1564.0,193.2,2
2020,Aguiar da Beira,19.9,911.898627596439,996.7853123977756,1160.0324398797595,608.1002453557659,418.0,137.4,2
2020,Alandroal,14.8,911.898627596439,996.7853123977756,1160.0324398797595,608.1002453557659,318.0,145.8,2
2020,Albergaria-a-Velha,136.4,2600.0,3200.0,1160.0324398797595,666.7,3949.0,645.7,3
2020,Albufeira,1410.3,1025.0,2033.3,825.0,400.0,6594.0,4754.8,0
2020,Alcanena,51.9,1800.0,996.7853123977756,5600.0,608.1002453557659,1969.0,256.0,3
2020,Alcobaça,281.5,1800.0,2300.0,2000.0,2300.0,6789.0,1340.3,3
2020,Alcochete,102.6,1050.0,475.0,1975.0,300.0,2358.0,522.3,2
2020,Alcoutim,7.5,911.898627596439,996.7853123977756,200.0,0.0,125.0,36.9,2
2020,Alcácer do Sal,51.1,911.898627596439,996.7853123977756,1700.0,700.0,1028.0,277.0,2
2020,Alfândega da Fé,38.0,911.898627596439,996.7853123977756,1160.0324398797595,608.1002453557659,185.0,194.5,2
2020,Alijó,109.3,911.898627596439,550.0,2500.0,608.1002453557659,673.0,595.5,2
2020,Aljezur,48.9,911.898627596439,900.0,600.0,608.1002453557659,461.0,200.0,2
2020,Aljustrel,64.5,1500.0,996.7853123977756,3000.0,608.1002453557659,1004.0,288.3,3
2020,Almada,1453.8,654.5,1780.0,2340.5,297.3,9176.0,6304.5,0
2020,Almeida,40.9,911.898627596439,996.7853123977756,900.0,608.1002453557659,350.0,149.5,2
2020,Almeirim,123.8,1700.0,3200.0,1680.0,2100.0,1782.0,591.1,3
2020,Almodôvar,34.4,911.898627596439,900.0,750.0,608.1002453557659,324.0,214.3,2
2020,Alpiarça,32.8,911.898627596439,996.7853123977756,1160.0324398797595,608.1002453557659,498.0,173.9,2
2020,Alter do Chão,31.2,911.898627596439,996.7853123977756,1160.0324398797595,608.1002453557659,169.0,130.8,2
2020,Alvaiázere,25.3,911.898627596439,996.7853123977756,1160.0324398797595,608.1002453557659,647.0,130.6,2
2020,Alvito,15.4,400.0,996.7853123977756,100.0,608.1002453557659,129.0,68.3,2
2020,Amadora,1629.9,285.0,455.6,1369.6,247.4,17584.0,6033.5,0
2020,Anadia,125.0,1950.0,1700.0,2200.0,525.0,3038.0,605.5,3
2020,Ansião,48.5,911.898627596439,996.7853123977756,4700.0,1000.0,1169.0,257.1,3
2020,Arcos de Valdevez,98.4,911.898627596439,996.7853123977756,1200.0,550.0,1750.0,542.3,2
2020,Arganil,61.3,911.898627596439,996.7853123977756,3800.0,1100.0,842.0,373.3,3
2020,Armamar,47.2,911.898627596439,500.0,1500.0,608.1002453557659,464.0,259.6,2
2020,Arouca,86.4,911.898627596439,996.7853123977756,3900.0,1000.0,2447.0,565.5,3
2020,Arraiolos,27.0,911.898627596439,1100.0,1160.0324398797595,608.1002453557659,569.0,143.8,2
2020,Arronches,14.1,911.898627596439,600.0,500.0,608.1002453557659,184.0,77.3,2
2020,Arruda dos Vinhos,55.6,1200.0,1900.0,1160.0324398797595,608.1002453557659,1776.0,316.2,2
2020,Avis,41.1,911.898627596439,500.0,100.0,608.1002453557659,378.0,165.6,2
2020,Azambuja,119.0,911.898627596439,2800.0,2100.0,608.1002453557659,4829.0,570.7,3
2020,Baião,193.1,911.898627596439,1350.0,350.0,608.1002453557659,1310.0,1146.6,2
2020,Barrancos,12.6,911.898627596439,200.0,75.0,608.1002453557659,102.0,90.2,2
2020,Barreiro,752.1,417.6,830.0,2068.4,247.6,3799.0,3444.7,0
2020,Batalha,58.9,911.898627596439,1300.0,5800.0,800.0,2557.0,324.3,3
2020,Beja,268.5,3750.0,2750.0,5500.0,975.0,3780.0,1225.9,3
2020,Belmonte,42.6,911.898627596439,996.7853123977756,1160.0324398797595,608.1002453557659,409.0,224.8,2
2020,Bombarral,63.6,911.898627596439,996.7853123977756,1766.7,608.1002453557659,996.0,328.1,2
2020,Borba,44.8,911.898627596439,1100.0,1160.0324398797595,608.1002453557659,430.0,235.8,2
2020,Boticas,29.8,911.898627596439,996.7853123977756,900.0,608.1002453557659,360.0,129.3,2
2020,Cabeceiras de Basto,122.8,911.898627596439,1700.0,1066.7,608.1002453557659,1156.0,714.7,2
2020,Cadaval,63.9,911.898627596439,1000.0,1160.0324398797595,608.1002453557659,968.0,360.4,2
2020,Caldas da Rainha,345.8,1133.3,1350.0,1657.1,742.9,5330.0,1598.3,3
2020,Calheta [R.A.A.],322.4878459687124,911.898627596439,500.0,1160.0324398797595,100.0,199.0,418.0,2
2020,Calheta [R.A.M.],322.4878459687124,533.3,700.0,1750.0,800.0,1053.0,1583.0,2
2020,Caminha,95.6,911.898627596439,996.7853123977756,1160.0324398797595,700.0,902.0,409.3,2
2020,Campo Maior,107.2,911.898627596439,996.7853123977756,1100.0,608.1002453557659,1209.0,457.7,2
2020,Carrazeda de Ansiães,45.6,911.898627596439,500.0,1160.0324398797595,608.1002453557659,258.0,207.2,2
2020,Carregal do Sal,46.7,911.898627596439,996.7853123977756,4700.0,608.1002453557659,927.0,267.3,3
2020,Cartaxo,135.5,911.898627596439,1800.0,1242.9,950.0,1372.0,587.7,3
2020,Cascais,1346.0,207.6,380.9,795.3,241.0,18195.0,7187.0,0
2020,Castanheira de Pêra,16.8,911.898627596439,996.7853123977756,800.0,608.1002453557659,160.0,79.5,2
2020,Castelo Branco,306.4,911.898627596439,996.7853123977756,6050.0,1020.0,5123.0,1577.9,3
2020,Castelo de Paiva,95.3,911.898627596439,996.7853123977756,1366.7,1800.0,1301.0,676.6,3
2020,Castelo de Vide,16.4,911.898627596439,996.7853123977756,800.0,300.0,154.0,69.1,2
2020,Castro Daire,95.8,911.898627596439,996.7853123977756,4300.0,608.1002453557659,1029.0,548.2,3
2020,Castro Marim,51.3,800.0,996.7853123977756,1000.0,200.0,450.0,215.8,2
2020,Castro Verde,57.4,911.898627596439,996.7853123977756,1066.7,608.1002453557659,1736.0,239.4,2
2020,Celorico da Beira,54.2,911.898627596439,1300.0,1160.0324398797595,608.1002453557659,417.0,230.3,2
2020,Celorico de Basto,107.9,911.898627596439,1900.0,3500.0,1800.0,1167.0,782.9,3
2020,Chamusca,31.8,911.898627596439,996.7853123977756,2900.0,608.1002453557659,759.0,180.8,2
2020,Cinfães,132.4,2800.0,996.7853123977756,233.3,1900.0,2236.0,927.8,3
2020,Coimbra,1019.4,1492.3,1550.0,2377.1,336.7,15035.0,4348.6,0
2020,Condeixa-a-Nova,78.1,911.898627596439,996.7853123977756,5500.0,608.1002453557659,1062.0,377.5,3
2020,Constância,31.8,911.898627596439,996.7853123977756,2100.0,608.1002453557659,529.0,134.6,2
2020,Coruche,130.3,1900.0,996.7853123977756,1933.3,608.1002453557659,1410.0,633.0,3
2020,Covilhã,353.8,911.898627596439,2466.7,2072.7,1020.0,3714.0,1690.5,3
2020,Crato,25.7,911.898627596439,996.7853123977756,600.0,400.0,129.0,122.3,2
2020,Cuba,37.9,911.898627596439,996.7853123977756,1160.0324398797595,608.1002453557659,220.0,175.4,2
2020,Câmara de Lobos,322.4878459687124,2550.0,1433.3,1900.0,1266.7,1531.0,2350.0,3
2020,Elvas,258.0,4000.0,996.7853123977756,4100.0,733.3,1758.0,1137.1,3
2020,Entroncamento,130.4,1266.7,1750.0,1160.0324398797595,433.3,1711.0,528.3,2
2020,Espinho,234.8,911.898627596439,996.7853123977756,5375.0,1650.0,1819.0,1443.9,3
2020,Fafe,391.6,3400.0,1500.0,1372.7,700.0,4305.0,2204.1,3
2020,Faro,666.7,1012.5,3466.7,2672.7,175.0,8351.0,2394.3,3
2020,Felgueiras,441.9,2300.0,2266.7,2200.0,600.0,8542.0,2470.2,3
2020,Ferreira do Alentejo,63.5,911.898627596439,996.7853123977756,700.0,608.1002453557659,675.0,251.0,2
2020,Ferreira do Zêzere,28.7,911.898627596439,996.7853123977756,1500.0,800.0,867.0,127.7,2
2020,Figueira de Castelo Rodrigo,45.4,911.898627596439,996.7853123977756,1160.0324398797595,200.0,260.0,188.3,2
2020,Figueiró dos Vinhos,32.3,911.898627596439,996.7853123977756,2100.0,608.1002453557659,266.0,171.9,2
2020,Fornos de Algodres,23.6,911.898627596439,996.7853123977756,800.0,608.1002453557659,273.0,138.6,2
2020,Freixo de Espada à Cinta,40.2,911.898627596439,996.7853123977756,133.3,608.1002453557659,204.0,190.8,2
2020,Fronteira,22.0,911.898627596439,996.7853123977756,100.0,608.1002453557659,201.0,117.3,2
2020,Gavião,16.7,911.898627596439,700.0,700.0,608.1002453557659,93.0,82.8,2
2020,Golegã,25.0,911.898627596439,996.7853123977756,2800.0,608.1002453557659,380.0,102.1,2
2020,Gondomar,1554.8,1277.8,2657.1,3176.5,581.0,9154.0,7509.9,0
2020,Gouveia,89.0,911.898627596439,996.7853123977756,1160.0324398797595,1800.0,623.0,428.4,3
2020,Grândola,74.9,700.0,900.0,3600.0,608.1002453557659,986.0,355.8,3
2020,Guarda,256.8,911.898627596439,996.7853123977756,5000.0,1675.0,5017.0,1232.8,3
2020,Góis,17.6,300.0,300.0,600.0,400.0,193.0,116.3,1
2020,Horta,322.4878459687124,625.0,2800.0,1333.3,1400.0,1302.0,2466.0,3
2020,Idanha-a-Nova,57.8,911.898627596439,400.0,2000.0,800.0,428.0,319.5,2
2020,Lagoa,290.6,375.0,1450.0,426.7,566.7,3101.0,1345.5,2
2020,Lagoa [R.A.A.],322.4878459687124,911.898627596439,1200.0,4300.0,1200.0,1256.0,1874.0,3
2020,Lagos,371.6,416.7,900.0,1300.0,257.1,3617.0,1689.1,1
2020,Lajes do Pico,322.4878459687124,700.0,350.0,1200.0,608.1002453557659,145.0,351.0,2
2020,Lamego,295.1,911.898627596439,2900.0,1325.0,608.1002453557659,1789.0,1743.8,3
2020,Loulé,980.3,928.6,1033.3,1181.0,1966.7,10693.0,3810.4,0
2020,Lourinhã,144.7,911.898627596439,996.7853123977756,1400.0,608.1002453557659,2235.0,738.1,2
2020,Macedo de Cavaleiros,114.8,911.898627596439,2500.0,1060.0,2100.0,826.0,573.5,3
2020,Machico,322.4878459687124,1133.3,2100.0,2075.0,1900.0,1371.0,2244.0,3
2020,Mafra,335.2,985.7,1300.0,962.5,454.5,10812.0,1898.9,0
2020,Mangualde,117.0,911.898627596439,996.7853123977756,1160.0324398797595,2000.0,3180.0,662.0,3
2020,Manteigas,15.8,911.898627596439,996.7853123977756,600.0,608.1002453557659,218.0,84.7,2
2020,Marinha Grande,337.1,1850.0,1700.0,2011.1,2000.0,6078.0,1535.3,3
2020,Marvão,14.9,911.898627596439,300.0,700.0,608.1002453557659,122.0,75.4,2
2020,Mação,28.4,911.898627596439,1000.0,2300.0,608.1002453557659,517.0,168.5,2
2020,Mealhada,92.7,911.898627596439,996.7853123977756,1160.0324398797595,800.0,2713.0,459.3,2
2020,Melgaço,36.3,911.898627596439,996.7853123977756,2000.0,608.1002453557659,335.0,129.7,2
2020,Mesão Frio,38.5,911.898627596439,350.0,850.0,608.1002453557659,176.0,268.9,2
2020,Mira,62.4,911.898627596439,996.7853123977756,1160.0324398797595,608.1002453557659,899.0,321.8,2
2020,Miranda do Corvo,62.8,911.898627596439,996.7853123977756,1160.0324398797595,608.1002453557659,506.0,293.1,2
2020,Miranda do Douro,37.9,911.898627596439,996.7853123977756,1250.0,608.1002453557659,411.0,182.3,2
2020,Mirandela,207.3,911.898627596439,1950.0,833.3,608.1002453557659,1540.0,916.1,2
2020,Mogadouro,43.2,911.898627596439,996.7853123977756,3400.0,608.1002453557659,457.0,300.9,3
2020,Moimenta da Beira,128.9,911.898627596439,996.7853123977756,716.7,608.1002453557659,683.0,688.3,2
2020,Moita,697.8,866.7,2433.3,1784.6,650.0,2490.0,3019.5,3
2020,Monchique,25.7,911.898627596439,996.7853123977756,300.0,608.1002453557659,332.0,173.8,2
2020,Mondim de Basto,41.3,911.898627596439,1100.0,633.3,608.1002453557659,377.0,289.0,2
2020,Monforte,51.8,911.898627596439,996.7853123977756,150.0,608.1002453557659,237.0,190.2,2
2020,Montalegre,33.9,911.898627596439,996.7853123977756,2100.0,608.1002453557659,478.0,269.8,2
2020,Montemor-o-Novo,72.0,911.898627596439,700.0,2750.0,1600.0,1499.0,321.6,3
2020,Montijo,525.2,900.0,700.0,1950.0,311.1,4527.0,2260.1,1
2020,Monção,85.3,911.898627596439,1050.0,2033.3,900.0,1371.0,427.8,2
2020,Mora,15.8,911.898627596439,996.7853123977756,750.0,608.1002453557659,298.0,81.8,2
2020,Mortágua,27.5,911.898627596439,996.7853123977756,1160.0324398797595,608.1002453557659,1338.0,148.8,2
2020,Moura,203.5,2800.0,550.0,4700.0,608.1002453557659,963.0,974.9,3
2020,Mourão,40.3,911.898627596439,600.0,250.0,608.1002453557659,135.0,173.8,2
2020,Murtosa,57.6,911.898627596439,996.7853123977756,1160.0324398797595,608.1002453557659,681.0,240.5,2
2020,Murça,43.3,911.898627596439,996.7853123977756,520.0,608.1002453557659,271.0,348.3,2
2020,Mértola,35.3,911.898627596439,996.7853123977756,650.0,608.1002453557659,419.0,216.8,2
2020,Mêda,16.9,911.898627596439,800.0,450.0,608.1002453557659,257.0,73.1,2
2020,Nazaré,97.5,911.898627596439,1500.0,1300.0,608.1002453557659,1195.0,483.6,2
2020,Nelas,86.2,911.898627596439,996.7853123977756,1160.0324398797595,2400.0,1589.0,450.2,3
2020,Nisa,36.0,911.898627596439,996.7853123977756,850.0,608.1002453557659,207.0,194.2,2
2020,Nordeste,322.4878459687124,911.898627596439,900.0,400.0,608.1002453557659,226.0,411.0,2
2020,Odemira,319.7,2700.0,996.7853123977756,2300.0,700.0,5355.0,1249.5,3
2020,Odivelas,1131.9,605.6,1030.8,2554.5,200.0,9049.0,4653.0,0
2020,Oleiros,12.9,911.898627596439,996.7853123977756,800.0,300.0,383.0,74.1,2
2020,Oliveira de Frades,73.4,911.898627596439,900.0,1160.0324398797595,608.1002453557659,1863.0,374.7,2
2020,Ourique,25.3,911.898627596439,996.7853123977756,433.3,608.1002453557659,332.0,168.3,2
2020,Palmela,386.2,636.4,1216.7,1070.0,418.2,15111.0,1963.4,0
2020,Pampilhosa da Serra,10.1,911.898627596439,500.0,700.0,300.0,193.0,96.4,2
2020,Paredes,613.8,1350.0,2220.0,1512.5,1250.0,10176.0,3605.1,3
2020,Paredes de Coura,59.2,800.0,996.7853123977756,1160.0324398797595,608.1002453557659,466.0,308.5,2
2020,Paços de Ferreira,347.8,500.0,987.5,1137.5,940.0,7066.0,2071.4,3
2020,Pedrógão Grande,15.0,911.898627596439,996.7853123977756,1160.0324398797595,608.1002453557659,213.0,109.9,2
2020,Penacova,45.9,911.898627596439,996.7853123977756,1160.0324398797595,608.1002453557659,1081.0,245.3,2
2020,Penafiel,530.3,3133.3,996.7853123977756,4550.0,1900.0,7102.0,2804.0,3
2020,Penalva do Castelo,31.6,911.898627596439,996.7853123977756,3700.0,608.1002453557659,565.0,237.1,3
2020,Penamacor,23.9,911.898627596439,996.7853123977756,1160.0324398797595,300.0,209.0,142.6,2
2020,Penedono,18.8,911.898627596439,996.7853123977756,1160.0324398797595,608.1002453557659,160.0,95.8,2
2020,Penela,16.6,911.898627596439,996.7853123977756,1160.0324398797595,608.1002453557659,800.0,91.1,2
2020,Peso da Régua,195.7,911.898627596439,371.4,2300.0,1500.0,978.0,1035.7,3
2020,Pinhel,31.8,911.898627596439,996.7853123977756,1160.0324398797595,608.1002453557659,572.0,158.3,2
2020,Pombal,211.7,911.898627596439,996.7853123977756,1581.8,850.0,6875.0,1098.3,3
2020,Ponta do Sol,322.4878459687124,550.0,400.0,700.0,608.1002453557659,424.0,733.0,2
2020,Ponte da Barca,51.3,911.898627596439,996.7853123977756,4300.0,608.1002453557659,651.0,270.8,3
2020,Ponte de Sor,90.8,2800.0,700.0,2066.7,950.0,1167.0,460.3,3
2020,Portel,49.8,911.898627596439,600.0,1160.0324398797595,700.0,280.0,224.8,2
2020,Portimão,917.0,940.0,666.7,1007.7,278.6,6339.0,3958.0,0
2020,Porto Moniz,322.4878459687124,300.0,0.0,200.0,608.1002453557659,90.0,212.0,1
2020,Porto Santo,322.4878459687124,911.898627596439,500.0,600.0,800.0,554.0,1027.0,2
2020,Povoação,322.4878459687124,911.898627596439,400.0,1160.0324398797595,500.0,307.0,587.0,2
2020,Proença-a-Nova,26.6,911.898627596439,1000.0,2300.0,608.1002453557659,577.0,157.8,2
2020,Póvoa de Varzim,439.7,681.8,1940.0,2845.5,450.0,6418.0,2411.1,3
2020,Redondo,46.0,911.898627596439,996.7853123977756,1160.0324398797595,608.1002453557659,487.0,231.3,2
2020,Reguengos de Monsaraz,103.8,911.898627596439,2100.0,4000.0,1300.0,732.0,443.6,3
2020,Resende,97.3,2900.0,996.7853123977756,500.0,608.1002453557659,555.0,553.2,2
2020,Ribeira Brava,322.4878459687124,1100.0,2300.0,2300.0,608.1002453557659,843.0,1538.0,3
2020,Ribeira Grande,322.4878459687124,2500.0,975.0,536.4,1050.0,2997.0,4694.0,3
2020,Ribeira de Pena,44.9,911.898627596439,996.7853123977756,1700.0,400.0,686.0,293.7,2
2020,Rio Maior,87.8,314.3,3000.0,2800.0,416.7,2503.0,404.8,3
2020,Sabrosa,36.3,911.898627596439,1000.0,1160.0324398797595,608.1002453557659,409.0,265.4,2
2020,Sabugal,61.3,911.898627596439,996.7853123977756,1160.0324398797595,1200.0,558.0,261.5,2
2020,Salvaterra de Magos,142.8,911.898627596439,1000.0,3600.0,1600.0,1600.0,848.3,3
2020,Santa Comba Dão,64.0,911.898627596439,996.7853123977756,550.0,608.1002453557659,686.0,302.6,2
2020,Santa Cruz,322.4878459687124,871.4,996.7853123977756,1980.0,1033.3,2848.0,4569.0,3
2020,Santa Cruz da Graciosa,322.4878459687124,200.0,266.7,1100.0,608.1002453557659,279.0,491.0,1
2020,Santa Cruz das Flores,322.4878459687124,50.0,20.0,140.0,608.1002453557659,142.0,283.0,1
2020,Santa Maria da Feira,906.0,890.0,2085.7,2526.7,726.7,16541.0,5199.8,0
2020,Santa Marta de Penaguião,67.2,911.898627596439,996.7853123977756,1400.0,500.0,260.0,437.8,2
2020,Santiago do Cacém,159.3,911.898627596439,875.0,5650.0,608.1002453557659,2246.0,939.1,3
2020,Santo Tirso,396.0,1533.3,1800.0,2400.0,675.0,7754.0,2756.6,3
2020,Sardoal,21.8,911.898627596439,996.7853123977756,1700.0,608.1002453557659,116.0,139.8,2
2020,Seixal,1388.9,680.0,1178.6,3338.9,304.0,9329.0,5836.9,0
2020,Sernancelhe,36.3,911.898627596439,996.7853123977756,1160.0324398797595,608.1002453557659,456.0,204.0,2
2020,Serpa,148.3,2500.0,1400.0,2200.0,608.1002453557659,1005.0,665.0,3
2020,Sertã,82.3,911.898627596439,996.7853123977756,2600.0,750.0,1274.0,473.6,3
2020,Setúbal,1069.3,744.4,884.2,3466.7,388.9,10256.0,4886.8,0
2020,Sever do Vouga,47.8,911.898627596439,996.7853123977756,1160.0324398797595,1500.0,1337.0,230.3,2
2020,Silves,454.3,533.3,1850.0,2260.0,225.0,2940.0,1817.3,3
2020,Sines,152.4,911.898627596439,700.0,1025.0,650.0,4017.0,811.5,2
2020,Sobral de Monte Agraço,47.3,911.898627596439,996.7853123977756,3600.0,608.1002453557659,796.0,222.7,3
2020,Soure,81.4,911.898627596439,1100.0,1800.0,750.0,853.0,434.9,2
2020,Sousel,40.1,911.898627596439,996.7853123977756,500.0,608.1002453557659,345.0,183.5,2
2020,Sátão,76.5,911.898627596439,996.7853123977756,1160.0324398797595,608.1002453557659,823.0,396.8,2
2020,São Brás de Alportel,62.6,911.898627596439,996.7853123977756,3100.0,333.3,803.0,262.1,2
2020,São João da Pesqueira,38.9,911.898627596439,996.7853123977756,750.0,608.1002453557659,517.0,204.3,2
2020,São Pedro do Sul,105.8,911.898627596439,996.7853123977756,1966.7,608.1002453557659,916.0,592.8,2
2020,São Roque do Pico,322.4878459687124,911.898627596439,700.0,1300.0,100.0,318.0,510.0,2
2020,São Vicente,322.4878459687124,911.898627596439,50.0,1160.0324398797595,400.0,320.0,570.0,2
2020,Tabuaço,61.5,911.898627596439,996.7853123977756,240.0,608.1002453557659,241.0,364.8,2
2020,Tarouca,72.2,911.898627596439,996.7853123977756,1160.0324398797595,608.1002453557659,715.0,459.2,2
2020,Tavira,200.8,540.0,1800.0,4700.0,383.3,2458.0,863.7,3
2020,Terras de Bouro,53.5,911.898627596439,996.7853123977756,1160.0324398797595,608.1002453557659,444.0,303.0,2
2020,Tomar,183.8,1280.0,1400.0,938.1,1200.0,2666.0,941.3,3
2020,Torre de Moncorvo,61.2,911.898627596439,996.7853123977756,1160.0324398797595,608.1002453557659,398.0,328.3,2
2020,Torres Vedras,454.4,1185.7,2250.0,2491.7,600.0,9587.0,2321.0,3
2020,Trancoso,33.8,911.898627596439,996.7853123977756,3200.0,608.1002453557659,818.0,166.9,3
2020,Trofa,235.1,911.898627596439,1166.7,1900.0,680.0,7485.0,1374.7,3
2020,Tábua,72.2,911.898627596439,996.7853123977756,3600.0,608.1002453557659,1275.0,427.8,3
2020,Vagos,129.6,911.898627596439,2200.0,3066.7,608.1002453557659,2486.0,538.9,3
2020,Valença,117.9,911.898627596439,1800.0,4500.0,608.1002453557659,1841.0,553.8,3
2020,Valongo,775.2,1925.0,1714.3,4255.6,700.0,8133.0,4349.4,3
2020,Valpaços,88.8,911.898627596439,1700.0,3000.0,608.1002453557659,715.0,494.7,3
2020,Velas,322.4878459687124,911.898627596439,233.3,1200.0,500.0,359.0,693.0,2
2020,Vendas Novas,64.9,911.898627596439,996.7853123977756,2650.0,450.0,1115.0,274.7,2
2020,Viana do Alentejo,46.3,800.0,996.7853123977756,500.0,608.1002453557659,368.0,207.5,2
2020,Vidigueira,61.4,911.898627596439,996.7853123977756,1160.0324398797595,700.0,290.0,267.7,2
2020,Vieira do Minho,89.5,911.898627596439,1100.0,1160.0324398797595,608.1002453557659,633.0,655.6,2
2020,Vila Flor,46.1,911.898627596439,600.0,1400.0,608.1002453557659,340.0,287.2,2
2020,Vila Franca de Xira,1023.2,800.0,1411.1,1811.5,678.6,14198.0,4443.3,0
2020,Vila Franca do Campo,322.4878459687124,911.898627596439,1400.0,700.0,400.0,663.0,1088.0,2
2020,Vila Nova da Barquinha,39.4,911.898627596439,996.7853123977756,1160.0324398797595,608.1002453557659,219.0,161.4,2
2020,Vila Nova de Cerveira,51.8,911.898627596439,1100.0,1160.0324398797595,700.0,1792.0,261.2,2
2020,Vila Nova de Foz Côa,41.4,911.898627596439,996.7853123977756,2700.0,608.1002453557659,413.0,210.8,2
2020,Vila Nova de Paiva,31.5,911.898627596439,996.7853123977756,1160.0324398797595,608.1002453557659,250.0,165.3,2
2020,Vila Nova de Poiares,38.9,911.898627596439,1300.0,1160.0324398797595,608.1002453557659,705.0,221.4,2
2020,Vila Pouca de Aguiar,70.2,911.898627596439,996.7853123977756,1850.0,608.1002453557659,809.0,454.3,2
2020,Vila Real de Santo António,206.1,911.898627596439,3600.0,1114.3,466.7,1682.0,905.3,3
2020,Vila Velha de Ródão,8.5,911.898627596439,996.7853123977756,800.0,608.1002453557659,526.0,66.3,2
2020,Vila Viçosa,40.3,1300.0,1300.0,3600.0,700.0,849.0,215.8,3
2020,Vila de Rei,16.4,911.898627596439,400.0,1160.0324398797595,608.1002453557659,180.0,74.9,2
2020,Vila do Bispo,67.6,600.0,250.0,1160.0324398797595,608.1002453557659,490.0,258.2,2
2020,Vila do Conde,539.8,1580.0,2020.0,3657.1,844.4,11425.0,2899.0,3
2020,Vila do Porto,322.4878459687124,800.0,900.0,1160.0324398797595,500.0,464.0,762.0,2
2020,Vimioso,18.9,911.898627596439,996.7853123977756,700.0,608.1002453557659,169.0,126.5,2
2020,Vinhais,39.9,911.898627596439,996.7853123977756,1160.0324398797595,608.1002453557659,268.0,260.2,2
2020,Vizela,161.8,911.898627596439,2500.0,2175.0,1150.0,2518.0,1026.2,3
2020,Vouzela,64.1,911.898627596439,996.7853123977756,1300.0,608.1002453557659,647.0,325.5,2
2020,Óbidos,52.3,1400.0,650.0,1700.0,608.1002453557659,1366.0,276.8,2
2021,Aguiar da Beira,21.8,911.898627596439,996.7853123977756,1160.0324398797595,608.1002453557659,421.0,135.0,2
2021,Alandroal,9.8,911.898627596439,996.7853123977756,1160.0324398797595,608.1002453557659,303.0,98.3,2
2021,Albergaria-a-Velha,117.7,911.898627596439,3400.0,5200.0,2400.0,3834.0,576.6,3
2021,Albufeira,1205.4,820.0,2850.0,1021.4,514.3,7207.0,4376.2,0
2021,Alcanena,51.6,900.0,996.7853123977756,5400.0,608.1002453557659,1822.0,261.0,3
2021,Alcochete,102.1,540.0,733.3,820.0,333.3,2448.0,550.4,2
2021,Alcoutim,5.5,911.898627596439,996.7853123977756,1160.0324398797595,0.0,118.0,33.3,2
2021,Alcácer do Sal,43.3,911.898627596439,996.7853123977756,1750.0,600.0,1076.0,220.3,2
2021,Alenquer,348.8,940.0,1060.0,2371.4,414.3,5911.0,1578.4,3
2021,Alfândega da Fé,30.7,911.898627596439,700.0,500.0,608.1002453557659,194.0,214.4,2
2021,Alijó,96.7,911.898627596439,996.7853123977756,1350.0,608.1002453557659,662.0,573.0,2
2021,Aljezur,46.6,150.0,900.0,650.0,608.1002453557659,489.0,185.8,2
2021,Aljustrel,55.4,911.898627596439,996.7853123977756,866.7,608.1002453557659,1050.0,276.9,2
2021,Almada,1444.6,566.7,1627.3,1625.0,345.5,9283.0,6314.0,0
2021,Almeida,31.4,911.898627596439,996.7853123977756,900.0,608.1002453557659,349.0,147.0,2
2021,Almeirim,134.6,3400.0,1650.0,1533.3,608.1002453557659,1802.0,621.1,3
2021,Almodôvar,21.8,466.7,996.7853123977756,400.0,800.0,315.0,195.4,2
2021,Alpiarça,34.4,911.898627596439,996.7853123977756,1200.0,700.0,514.0,178.6,2
2021,Alter do Chão,28.3,911.898627596439,996.7853123977756,800.0,608.1002453557659,186.0,126.5,2
2021,Alvaiázere,12.5,911.898627596439,996.7853123977756,1160.0324398797595,608.1002453557659,688.0,119.2,2
2021,Alvito,13.6,700.0,996.7853123977756,50.0,608.1002453557659,109.0,70.9,2
2021,Amadora,1688.5,302.4,374.4,1431.8,257.9,16862.0,6032.2,0
2021,Anadia,93.3,911.898627596439,1500.0,2033.3,733.3,3084.0,468.3,3
2021,Angra do Heroísmo,322.4878459687124,700.0,996.7853123977756,1485.7,608.1002453557659,3248.0,6093.0,0
2021,Ansião,34.3,1500.0,996.7853123977756,2500.0,500.0,1229.0,250.4,2
2021,Arcos de Valdevez,90.6,2400.0,3100.0,1520.0,550.0,1848.0,486.7,3
2021,Arganil,57.1,911.898627596439,996.7853123977756,975.0,608.1002453557659,808.0,373.3,2
2021,Armamar,46.7,1100.0,996.7853123977756,1600.0,608.1002453557659,458.0,236.0,2
2021,Arouca,91.5,911.898627596439,996.7853123977756,4100.0,666.7,2519.0,541.1,3
2021,Arraiolos,24.1,911.898627596439,996.7853123977756,1160.0324398797595,250.0,578.0,130.4,2
2021,Arronches,6.3,911.898627596439,996.7853123977756,500.0,200.0,191.0,52.8,2
2021,Arruda dos Vinhos,56.8,1500.0,996.7853123977756,3700.0,608.1002453557659,1741.0,345.8,3
2021,Avis,42.4,911.898627596439,300.0,600.0,608.1002453557659,392.0,182.8,2
2021,Azambuja,126.3,2300.0,996.7853123977756,3500.0,608.1002453557659,5088.0,616.6,3
2021,Baião,160.7,911.898627596439,996.7853123977756,850.0,608.1002453557659,1392.0,1072.4,2
2021,Barrancos,14.8,911.898627596439,996.7853123977756,300.0,608.1002453557659,94.0,92.9,2
2021,Barreiro,747.7,690.9,911.1,1514.3,252.6,3519.0,3442.7,0
2021,Batalha,41.8,911.898627596439,1800.0,1160.0324398797595,800.0,2578.0,284.8,2
2021,Beja,252.3,2433.3,1600.0,2225.0,1433.3,3945.0,1159.4,3
2021,Belmonte,33.7,911.898627596439,996.7853123977756,1160.0324398797595,608.1002453557659,467.0,243.8,2
2021,Benavente,243.1,1500.0,2000.0,708.3,520.0,3546.0,1070.3,3
2021,Bombarral,70.4,911.898627596439,1800.0,1833.3,608.1002453557659,1016.0,370.0,2
2021,Borba,47.6,911.898627596439,996.7853123977756,1300.0,608.1002453557659,463.0,222.4,2
2021,Boticas,33.3,911.898627596439,400.0,500.0,700.0,407.0,135.6,2
2021,Bragança,228.8,911.898627596439,3200.0,3100.0,1600.0,2988.0,912.8,3
2021,Cabeceiras de Basto,118.9,911.898627596439,996.7853123977756,3800.0,608.1002453557659,1090.0,720.9,3
2021,Cadaval,60.3,550.0,1200.0,2800.0,608.1002453557659,1019.0,370.1,2
2021,Caldas da Rainha,317.7,1014.3,1800.0,1268.4,1120.0,5203.0,1524.2,3
2021,Calheta [R.A.A.],322.4878459687124,911.898627596439,300.0,250.0,608.1002453557659,180.0,361.0,2
2021,Calheta [R.A.M.],322.4878459687124,500.0,400.0,4000.0,608.1002453557659,1238.0,1838.0,3
2021,Caminha,71.8,911.898627596439,1300.0,5100.0,608.1002453557659,882.0,373.8,3
2021,Campo Maior,91.7,911.898627596439,1500.0,633.3,608.1002453557659,1195.0,416.0,2
2021,Carrazeda de Ansiães,43.7,911.898627596439,996.7853123977756,1800.0,608.1002453557659,286.0,212.4,2
2021,Carregal do Sal,47.8,911.898627596439,996.7853123977756,4600.0,608.1002453557659,1044.0,259.2,3
2021,Cartaxo,122.8,911.898627596439,3500.0,1077.8,1000.0,1252.0,598.1,3
2021,Cascais,1519.6,210.5,351.0,747.0,270.2,17906.0,7974.5,0
2021,Castanheira de Pêra,11.9,911.898627596439,996.7853123977756,1160.0324398797595,608.1002453557659,159.0,68.0,2
2021,Castelo de Paiva,104.4,911.898627596439,750.0,2150.0,608.1002453557659,1224.0,694.3,2
2021,Castelo de Vide,19.2,911.898627596439,996.7853123977756,1160.0324398797595,608.1002453557659,193.0,73.5,2
2021,Castro Daire,78.1,911.898627596439,996.7853123977756,1160.0324398797595,608.1002453557659,1003.0,547.6,2
2021,Castro Marim,59.5,911.898627596439,500.0,1300.0,400.0,481.0,243.4,2
2021,Castro Verde,43.3,911.898627596439,996.7853123977756,850.0,608.1002453557659,2001.0,208.8,2
2021,Celorico da Beira,50.4,911.898627596439,996.7853123977756,1160.0324398797595,608.1002453557659,469.0,230.6,2
2021,Celorico de Basto,115.3,2800.0,996.7853123977756,3000.0,608.1002453557659,1151.0,808.4,3
2021,Chamusca,37.1,911.898627596439,996.7853123977756,3500.0,608.1002453557659,869.0,199.6,3
2021,Cinfães,127.3,911.898627596439,996.7853123977756,222.2,1900.0,2473.0,924.3,3
2021,Coimbra,1089.9,1218.8,1475.0,2434.3,350.0,15126.0,4475.6,0
2021,Condeixa-a-Nova,80.4,911.898627596439,996.7853123977756,2133.3,608.1002453557659,1005.0,360.1,2
2021,Constância,25.8,700.0,996.7853123977756,1900.0,608.1002453557659,500.0,117.6,2
2021,Coruche,111.8,2200.0,1600.0,1160.0324398797595,608.1002453557659,1433.0,581.6,3
2021,Crato,22.6,911.898627596439,996.7853123977756,700.0,400.0,134.0,127.6,2
2021,Cuba,34.3,911.898627596439,996.7853123977756,700.0,700.0,227.0,167.8,2
2021,Elvas,191.3,911.898627596439,996.7853123977756,1066.7,608.1002453557659,1455.0,1012.8,2
2021,Espinho,259.8,911.898627596439,996.7853123977756,4540.0,608.1002453557659,2080.0,1592.9,3
2021,Estarreja,175.9,1750.0,996.7853123977756,1160.0324398797595,608.1002453557659,4357.0,841.2,2
2021,Estremoz,104.9,1000.0,996.7853123977756,3400.0,1000.0,1280.0,358.8,3
2021,Faro,673.6,1200.0,1542.9,2200.0,238.5,8396.0,2679.8,0
2021,Felgueiras,357.0,3800.0,3850.0,1371.4,866.7,9059.0,2217.5,3
2021,Ferreira do Alentejo,60.3,1600.0,996.7853123977756,1300.0,608.1002453557659,724.0,257.1,2
2021,Ferreira do Zêzere,23.3,911.898627596439,996.7853123977756,800.0,608.1002453557659,906.0,110.0,2
2021,Figueira de Castelo Rodrigo,47.2,911.898627596439,996.7853123977756,750.0,1000.0,262.0,191.3,2
2021,Figueiró dos Vinhos,29.2,911.898627596439,996.7853123977756,1160.0324398797595,600.0,272.0,165.6,2
2021,Fornos de Algodres,26.0,911.898627596439,996.7853123977756,1700.0,608.1002453557659,295.0,131.3,2
2021,Freixo de Espada à Cinta,39.1,911.898627596439,996.7853123977756,150.0,608.1002453557659,225.0,170.3,2
2021,Fronteira,24.0,911.898627596439,996.7853123977756,100.0,608.1002453557659,184.0,123.1,2
2021,Gavião,16.4,911.898627596439,996.7853123977756,800.0,608.1002453557659,127.0,85.5,2
2021,Golegã,18.8,911.898627596439,996.7853123977756,2500.0,608.1002453557659,375.0,95.1,2
2021,Gondomar,1470.6,1050.0,1392.3,3282.4,470.4,9293.0,7575.3,0
2021,Gouveia,87.3,911.898627596439,996.7853123977756,2700.0,1800.0,633.0,396.3,3
2021,Grândola,53.2,750.0,633.3,633.3,1400.0,1090.0,281.1,2
2021,Guarda,237.5,911.898627596439,996.7853123977756,5250.0,1600.0,5024.0,1186.6,3
2021,Góis,16.4,300.0,996.7853123977756,700.0,608.1002453557659,188.0,118.5,2
2021,Horta,322.4878459687124,433.3,3100.0,716.7,800.0,1411.0,2602.0,3
2021,Idanha-a-Nova,52.7,911.898627596439,996.7853123977756,1050.0,800.0,445.0,333.4,2
2021,Lagoa,296.8,250.0,725.0,370.0,666.7,3316.0,1364.1,1
2021,Lagoa [R.A.A.],322.4878459687124,2000.0,966.7,1160.0324398797595,600.0,1360.0,2130.0,2
2021,Lagos,381.0,290.0,616.7,1157.1,257.1,3929.0,1631.9,1
2021,Lajes do Pico,322.4878459687124,911.898627596439,400.0,466.7,608.1002453557659,144.0,373.0,2
2021,Lamego,268.0,911.898627596439,1133.3,1614.3,608.1002453557659,1834.0,1670.8,2
2021,Loulé,965.2,790.0,833.3,893.3,581.8,11821.0,3822.6,0
2021,Lourinhã,152.8,3100.0,1800.0,1650.0,608.1002453557659,2320.0,748.8,3
2021,Lousada,268.3,1425.0,857.1,671.4,1100.0,5351.0,1592.6,3
2021,Macedo de Cavaleiros,100.6,911.898627596439,996.7853123977756,687.5,608.1002453557659,863.0,498.8,2
2021,Mafra,366.0,754.5,822.2,940.0,545.5,11140.0,2060.4,0
2021,Mangualde,105.7,911.898627596439,996.7853123977756,4750.0,608.1002453557659,3095.0,638.8,3
2021,Manteigas,13.7,911.898627596439,996.7853123977756,1200.0,608.1002453557659,254.0,86.8,2
2021,Marinha Grande,295.8,2050.0,2000.0,2966.7,1333.3,6399.0,1447.2,3
2021,Marvão,17.1,911.898627596439,600.0,300.0,608.1002453557659,147.0,85.7,2
2021,Mação,24.3,911.898627596439,996.7853123977756,1100.0,608.1002453557659,391.0,160.8,2
2021,Mealhada,71.3,911.898627596439,996.7853123977756,1160.0324398797595,1050.0,2823.0,388.1,2
2021,Melgaço,25.3,911.898627596439,996.7853123977756,1150.0,608.1002453557659,286.0,111.9,2
2021,Mesão Frio,33.3,911.898627596439,350.0,1800.0,608.1002453557659,211.0,261.5,2
2021,Mira,72.4,911.898627596439,996.7853123977756,1160.0324398797595,608.1002453557659,868.0,345.8,2
2021,Miranda do Corvo,58.3,911.898627596439,996.7853123977756,5900.0,608.1002453557659,512.0,296.8,3
2021,Miranda do Douro,33.4,911.898627596439,1000.0,766.7,608.1002453557659,401.0,167.2,2
2021,Mirandela,174.1,911.898627596439,3700.0,833.3,608.1002453557659,1494.0,809.1,3
2021,Mogadouro,43.3,911.898627596439,1100.0,750.0,608.1002453557659,518.0,297.9,2
2021,Moimenta da Beira,116.5,911.898627596439,996.7853123977756,488.9,608.1002453557659,707.0,691.4,2
2021,Moita,695.2,885.7,1480.0,1220.0,571.4,2442.0,3008.1,3
2021,Monchique,29.8,911.898627596439,500.0,140.0,608.1002453557659,323.0,179.8,2
2021,Mondim de Basto,39.3,911.898627596439,600.0,1150.0,608.1002453557659,412.0,272.9,2
2021,Monforte,34.9,911.898627596439,996.7853123977756,300.0,608.1002453557659,225.0,138.4,2
2021,Montalegre,38.5,911.898627596439,996.7853123977756,1350.0,608.1002453557659,479.0,297.7,2
2021,Montemor-o-Novo,58.4,911.898627596439,2400.0,1160.0324398797595,800.0,1561.0,282.4,3
2021,Montijo,519.2,783.3,616.7,878.9,471.4,4637.0,2301.1,1
2021,Monção,68.1,911.898627596439,996.7853123977756,3250.0,1600.0,1510.0,389.9,3
2021,Mora,14.5,911.898627596439,996.7853123977756,400.0,608.1002453557659,302.0,76.3,2
2021,Mortágua,27.2,911.898627596439,600.0,1160.0324398797595,608.1002453557659,1165.0,121.5,2
2021,Moura,190.8,911.898627596439,950.0,742.9,608.1002453557659,905.0,954.3,2
2021,Mourão,41.1,300.0,500.0,233.3,608.1002453557659,120.0,187.3,2
2021,Murtosa,49.8,911.898627596439,996.7853123977756,1160.0324398797595,608.1002453557659,604.0,227.2,2
2021,Murça,54.2,911.898627596439,996.7853123977756,540.0,608.1002453557659,277.0,369.1,2
2021,Mértola,35.7,911.898627596439,250.0,466.7,608.1002453557659,380.0,217.8,2
2021,Mêda,20.8,800.0,996.7853123977756,1000.0,608.1002453557659,204.0,89.0,2
2021,Nazaré,85.3,911.898627596439,800.0,1600.0,608.1002453557659,1196.0,445.3,2
2021,Nelas,76.1,911.898627596439,996.7853123977756,1675.0,2200.0,1671.0,433.3,3
2021,Nisa,31.4,911.898627596439,1000.0,633.3,608.1002453557659,212.0,193.0,2
2021,Odemira,428.8,911.898627596439,1500.0,1700.0,700.0,6066.0,1431.6,3
2021,Odivelas,1254.1,595.0,782.4,1513.5,247.2,8680.0,5278.4,0
2021,Oleiros,14.6,911.898627596439,996.7853123977756,1160.0324398797595,400.0,414.0,80.1,2
2021,Oliveira de Azeméis,360.8,911.898627596439,3700.0,4150.0,2450.0,10138.0,1897.4,3
2021,Oliveira de Frades,62.6,911.898627596439,950.0,1160.0324398797595,608.1002453557659,1814.0,351.9,2
2021,Oliveira do Bairro,101.5,911.898627596439,1900.0,4200.0,420.0,3227.0,519.5,3
2021,Ourique,23.0,911.898627596439,996.7853123977756,1300.0,608.1002453557659,246.0,132.7,2
2021,Palmela,372.1,690.9,877.8,711.8,430.0,14194.0,2019.3,0
2021,Pampilhosa da Serra,9.6,911.898627596439,996.7853123977756,800.0,300.0,189.0,83.8,2
2021,Paredes,513.3,1350.0,1120.0,1900.0,1266.7,10135.0,3263.0,3
2021,Paredes de Coura,47.6,700.0,1100.0,2400.0,700.0,511.0,273.2,2
2021,Paços de Ferreira,332.4,750.0,1660.0,972.7,700.0,8227.0,2032.3,3
2021,Pedrógão Grande,14.5,911.898627596439,996.7853123977756,1160.0324398797595,608.1002453557659,205.0,117.6,2
2021,Penacova,46.8,911.898627596439,996.7853123977756,1160.0324398797595,608.1002453557659,1083.0,226.3,2
2021,Penalva do Castelo,33.2,911.898627596439,996.7853123977756,1160.0324398797595,608.1002453557659,560.0,226.8,2
2021,Penamacor,25.3,911.898627596439,996.7853123977756,1160.0324398797595,300.0,171.0,144.0,2
2021,Penedono,16.3,911.898627596439,996.7853123977756,1160.0324398797595,608.1002453557659,160.0,89.5,2
2021,Penela,20.5,911.898627596439,996.7853123977756,1160.0324398797595,608.1002453557659,940.0,98.2,2
2021,Peniche,229.3,1650.0,1050.0,3566.7,608.1002453557659,2091.0,959.4,3
2021,Peso da Régua,181.4,3500.0,996.7853123977756,1085.7,608.1002453557659,908.0,1020.2,3
2021,Pinhel,25.2,911.898627596439,996.7853123977756,1650.0,608.1002453557659,561.0,131.7,2
2021,Pombal,183.9,911.898627596439,996.7853123977756,2212.5,742.9,6995.0,1030.5,3
2021,Ponta do Sol,322.4878459687124,1300.0,250.0,3200.0,700.0,392.0,702.0,3
2021,Ponte da Barca,57.0,911.898627596439,996.7853123977756,5000.0,608.1002453557659,608.0,247.9,3
2021,Ponte de Lima,152.5,911.898627596439,2266.7,3320.0,608.1002453557659,4210.0,781.3,3
2021,Ponte de Sor,93.8,1450.0,1100.0,1420.0,950.0,1172.0,479.4,2
2021,Portel,54.4,911.898627596439,996.7853123977756,1160.0324398797595,600.0,270.0,247.8,2
2021,Portimão,941.3,1325.0,1750.0,660.0,275.0,6608.0,4048.6,0
2021,Porto Moniz,322.4878459687124,911.898627596439,100.0,166.7,608.1002453557659,122.0,294.0,2
2021,Porto Santo,322.4878459687124,911.898627596439,600.0,1100.0,900.0,530.0,951.0,2
2021,Porto de Mós,86.7,2050.0,1450.0,3400.0,866.7,2816.0,472.6,3
2021,Povoação,322.4878459687124,911.898627596439,900.0,650.0,300.0,371.0,757.0,2
2021,Proença-a-Nova,21.2,911.898627596439,996.7853123977756,1160.0324398797595,608.1002453557659,528.0,153.2,2
2021,Póvoa de Lanhoso,147.2,911.898627596439,3300.0,3466.7,2100.0,1563.0,801.8,3
2021,Póvoa de Varzim,437.9,550.0,3233.3,3270.0,284.6,6304.0,2403.0,3
2021,Redondo,38.3,911.898627596439,996.7853123977756,950.0,800.0,462.0,205.9,2
2021,Reguengos de Monsaraz,107.2,911.898627596439,996.7853123977756,2250.0,608.1002453557659,636.0,436.1,2
2021,Resende,97.6,911.898627596439,996.7853123977756,1700.0,608.1002453557659,454.0,563.4,2
2021,Ribeira Grande,322.4878459687124,1080.0,700.0,1166.7,733.3,3124.0,4808.0,2
2021,Ribeira de Pena,51.4,911.898627596439,996.7853123977756,566.7,608.1002453557659,605.0,313.3,2
2021,Rio Maior,92.2,333.3,3100.0,3300.0,460.0,2447.0,430.9,3
2021,Sabrosa,44.1,911.898627596439,996.7853123977756,1160.0324398797595,608.1002453557659,405.0,268.3,2
2021,Sabugal,48.5,911.898627596439,996.7853123977756,1160.0324398797595,608.1002453557659,475.0,240.2,2
2021,Salvaterra de Magos,119.5,2300.0,1150.0,3700.0,533.3,1505.0,699.4,3
2021,Santa Comba Dão,47.8,911.898627596439,996.7853123977756,575.0,608.1002453557659,798.0,290.8,2
2021,Santa Cruz,322.4878459687124,1600.0,996.7853123977756,5400.0,1033.3,2943.0,4753.0,3
2021,Santa Cruz da Graciosa,322.4878459687124,300.0,996.7853123977756,300.0,600.0,277.0,464.0,2
2021,Santa Cruz das Flores,322.4878459687124,0.0,33.3,85.7,608.1002453557659,155.0,282.0,1
2021,Santa Maria da Feira,860.4,940.0,2085.7,3092.3,552.4,17070.0,5191.1,0
2021,Santa Marta de Penaguião,63.2,911.898627596439,996.7853123977756,1160.0324398797595,600.0,206.0,409.2,2
2021,Santana,322.4878459687124,1300.0,996.7853123977756,2100.0,608.1002453557659,227.0,487.0,2
2021,Santo Tirso,335.1,1225.0,1440.0,1143.5,785.7,8053.0,2558.0,3
2021,Sardoal,18.8,911.898627596439,996.7853123977756,2100.0,608.1002453557659,118.0,125.3,2
2021,Seixal,1313.2,539.3,964.7,1335.4,419.0,9442.0,5492.6,0
2021,Sernancelhe,31.8,911.898627596439,996.7853123977756,1160.0324398797595,608.1002453557659,499.0,203.8,2
2021,Serpa,126.2,911.898627596439,933.3,4600.0,1500.0,922.0,617.7,3
2021,Sertã,71.6,911.898627596439,900.0,5600.0,608.1002453557659,1124.0,412.9,3
2021,Sesimbra,285.6,816.7,600.0,1225.0,1533.3,2719.0,1377.8,3
2021,Setúbal,1039.4,777.8,819.0,1776.7,383.3,10188.0,4735.9,0
2021,Sever do Vouga,29.7,911.898627596439,996.7853123977756,1160.0324398797595,608.1002453557659,1452.0,177.9,2
2021,Silves,455.1,387.5,3200.0,1487.5,228.6,2954.0,1931.9,3
2021,Sines,117.6,466.7,1050.0,671.4,566.7,3942.0,613.0,2
2021,Sobral de Monte Agraço,52.7,911.898627596439,996.7853123977756,4300.0,608.1002453557659,842.0,253.1,3
2021,Soure,77.3,911.898627596439,2100.0,3750.0,500.0,894.0,450.6,3
2021,Sousel,37.1,911.898627596439,500.0,750.0,608.1002453557659,376.0,172.3,2
2021,Sátão,68.1,911.898627596439,996.7853123977756,5000.0,608.1002453557659,731.0,401.1,3
2021,São Brás de Alportel,60.8,1900.0,650.0,3500.0,1000.0,800.0,301.3,3
2021,São João da Pesqueira,41.2,911.898627596439,996.7853123977756,1200.0,608.1002453557659,533.0,209.1,2
2021,São Roque do Pico,322.4878459687124,400.0,150.0,1300.0,100.0,306.0,493.0,1
2021,São Vicente,322.4878459687124,911.898627596439,300.0,1160.0324398797595,400.0,317.0,569.0,2
2021,Tabuaço,46.7,911.898627596439,900.0,700.0,608.1002453557659,258.0,333.6,2
2021,Tarouca,73.7,911.898627596439,996.7853123977756,2200.0,608.1002453557659,760.0,474.1,2
2021,Tavira,172.8,825.0,1750.0,2000.0,350.0,2395.0,837.2,2
2021,Terras de Bouro,50.7,911.898627596439,996.7853123977756,1150.0,500.0,456.0,280.2,2
2021,Tomar,159.0,1380.0,1450.0,1492.3,950.0,2763.0,785.6,3
2021,Torre de Moncorvo,68.9,911.898627596439,996.7853123977756,1650.0,608.1002453557659,401.0,363.8,2
2021,Torres Vedras,496.2,553.3,1066.7,2407.7,420.0,9794.0,2406.7,0
2021,Trancoso,32.3,911.898627596439,996.7853123977756,1160.0324398797595,608.1002453557659,804.0,152.5,2
2021,Trofa,205.7,2600.0,2050.0,2028.6,640.0,7289.0,1230.5,3
2021,Tábua,63.3,911.898627596439,996.7853123977756,1160.0324398797595,608.1002453557659,1170.0,371.9,2
2021,Vagos,121.8,911.898627596439,2300.0,2350.0,1200.0,2021.0,527.0,3
2021,Valença,109.2,911.898627596439,996.7853123977756,4900.0,608.1002453557659,1607.0,512.8,3
2021,Valongo,689.8,2025.0,2440.0,4030.0,723.1,8364.0,4111.1,3
2021,Valpaços,79.4,911.898627596439,2200.0,966.7,608.1002453557659,623.0,483.5,2
2021,Velas,322.4878459687124,1100.0,333.3,1400.0,300.0,465.0,808.0,2
2021,Vendas Novas,53.9,911.898627596439,1200.0,1325.0,450.0,1078.0,240.4,2
2021,Viana do Alentejo,39.0,911.898627596439,996.7853123977756,366.7,608.1002453557659,339.0,193.8,2
2021,Viana do Castelo,436.8,2057.1,1855.6,5550.0,1125.0,11159.0,2195.5,3
2021,Vidigueira,57.8,911.898627596439,900.0,800.0,500.0,291.0,280.7,2
2021,Vieira do Minho,84.0,911.898627596439,1200.0,1160.0324398797595,1100.0,661.0,575.7,2
2021,Vila Flor,38.3,911.898627596439,996.7853123977756,1500.0,608.1002453557659,399.0,247.9,2
2021,Vila Franca de Xira,1086.5,1633.3,1033.3,1696.7,700.0,13871.0,4929.3,0
2021,Vila Franca do Campo,322.4878459687124,911.898627596439,1700.0,833.3,300.0,705.0,1128.0,2
2021,Vila Nova da Barquinha,40.1,911.898627596439,996.7853123977756,3300.0,608.1002453557659,220.0,161.2,3
2021,Vila Nova de Cerveira,56.8,911.898627596439,1100.0,2600.0,400.0,1858.0,252.0,2
2021,Vila Nova de Foz Côa,45.7,911.898627596439,996.7853123977756,1160.0324398797595,608.1002453557659,417.0,234.0,2
2021,Vila Nova de Paiva,35.8,911.898627596439,996.7853123977756,1160.0324398797595,608.1002453557659,228.0,174.8,2
2021,Vila Nova de Poiares,39.8,911.898627596439,996.7853123977756,3500.0,608.1002453557659,708.0,223.5,3
2021,Vila Pouca de Aguiar,79.7,911.898627596439,996.7853123977756,3800.0,608.1002453557659,859.0,455.3,3
2021,Vila Real de Santo António,198.8,911.898627596439,1600.0,1011.1,233.3,1768.0,885.8,2
2021,Vila Velha de Ródão,15.9,911.898627596439,600.0,233.3,608.1002453557659,521.0,75.8,2
2021,Vila Viçosa,33.5,911.898627596439,996.7853123977756,3700.0,800.0,796.0,188.9,3
2021,Vila de Rei,11.5,911.898627596439,996.7853123977756,1160.0324398797595,608.1002453557659,175.0,70.6,2
2021,Vila do Bispo,66.2,400.0,700.0,1100.0,200.0,547.0,241.3,2
2021,Vila do Conde,516.8,1333.3,1040.0,3650.0,790.0,11265.0,2797.3,3
2021,Vila do Porto,322.4878459687124,1200.0,500.0,1160.0324398797595,608.1002453557659,505.0,816.0,2
2021,Vimioso,22.3,911.898627596439,996.7853123977756,600.0,608.1002453557659,179.0,132.3,2
2021,Vinhais,37.0,911.898627596439,1000.0,1400.0,608.1002453557659,270.0,259.6,2
2021,Vizela,125.2,2200.0,1033.3,2400.0,1050.0,2616.0,903.8,3
2021,Vouzela,60.3,911.898627596439,1100.0,1300.0,608.1002453557659,703.0,342.3,2
2021,Óbidos,44.2,1400.0,700.0,1166.7,608.1002453557659,1427.0,272.2,2
2022,Aguiar da Beira,14.7,911.898627596439,996.7853123977756,1160.0324398797595,608.1002453557659,403.0,98.6,2
2022,Alandroal,12.8,911.898627596439,996.7853123977756,600.0,608.1002453557659,287.0,88.3,2
2022,Albufeira,632.4,511.1,885.7,1250.0,825.0,8700.0,2338.1,0
2022,Alcanena,48.3,1050.0,996.7853123977756,2600.0,608.1002453557659,1808.0,236.8,2
2022,Alcochete,74.8,775.0,996.7853123977756,725.0,250.0,2635.0,446.5,2
2022,Alcoutim,4.6,911.898627596439,200.0,250.0,0.0,135.0,27.0,1
2022,Alcácer do Sal,29.3,911.898627596439,996.7853123977756,1266.7,608.1002453557659,1108.0,149.8,2
2022,Alenquer,273.6,1633.3,1766.7,1650.0,500.0,6300.0,1261.6,3
2022,Alfândega da Fé,29.1,911.898627596439,996.7853123977756,1100.0,608.1002453557659,214.0,202.7,2
2022,Alijó,76.8,911.898627596439,700.0,3500.0,608.1002453557659,697.0,545.6,3
2022,Aljezur,34.6,911.898627596439,996.7853123977756,300.0,608.1002453557659,574.0,144.1,2
2022,Aljustrel,45.5,911.898627596439,1000.0,725.0,800.0,1110.0,194.4,2
2022,Almada,1003.6,548.3,973.7,998.9,310.5,9769.0,5167.7,0
2022,Almeida,22.1,911.898627596439,996.7853123977756,1160.0324398797595,608.1002453557659,366.0,104.1,2
2022,Almeirim,116.3,3200.0,1100.0,2000.0,1050.0,1740.0,542.7,3
2022,Almodôvar,15.5,1300.0,996.7853123977756,400.0,800.0,318.0,158.6,2
2022,Alpiarça,34.4,911.898627596439,996.7853123977756,1500.0,608.1002453557659,504.0,148.7,2
2022,Alter do Chão,21.5,911.898627596439,996.7853123977756,300.0,608.1002453557659,152.0,114.7,2
2022,Alvaiázere,13.9,911.898627596439,996.7853123977756,1160.0324398797595,608.1002453557659,699.0,110.4,2
2022,Alvito,17.0,911.898627596439,200.0,1160.0324398797595,608.1002453557659,121.0,77.5,2
2022,Amadora,1011.7,231.6,302.0,870.3,256.4,17881.0,4381.3,0
2022,Amares,82.8,911.898627596439,996.7853123977756,1160.0324398797595,608.1002453557659,2016.0,495.0,2
2022,Anadia,83.7,4000.0,1800.0,2166.7,550.0,3156.0,398.0,3
2022,Ansião,29.4,750.0,1300.0,2150.0,608.1002453557659,1195.0,240.8,2
2022,Arcos de Valdevez,64.9,911.898627596439,1200.0,2733.3,500.0,2017.0,363.0,3
2022,Arganil,54.8,911.898627596439,996.7853123977756,1125.0,608.1002453557659,878.0,340.7,2
2022,Armamar,36.7,911.898627596439,996.7853123977756,1160.0324398797595,608.1002453557659,521.0,215.5,2
2022,Arouca,61.9,911.898627596439,2500.0,2800.0,1250.0,2618.0,434.2,3
2022,Arraiolos,19.1,911.898627596439,900.0,1400.0,200.0,548.0,103.3,2
2022,Arronches,9.9,911.898627596439,996.7853123977756,250.0,100.0,182.0,54.4,2
2022,Arruda dos Vinhos,48.3,300.0,996.7853123977756,1300.0,608.1002453557659,1749.0,288.5,2
2022,Avis,33.9,911.898627596439,500.0,233.3,608.1002453557659,407.0,143.0,2
2022,Azambuja,126.7,911.898627596439,866.7,2466.7,608.1002453557659,6193.0,567.7,3
2022,Baião,121.1,911.898627596439,2500.0,820.0,608.1002453557659,1276.0,952.6,2
2022,Barrancos,10.9,911.898627596439,200.0,100.0,608.1002453557659,89.0,76.9,2
2022,Barreiro,568.7,533.3,683.3,1300.0,633.3,4006.0,2780.8,1
2022,Batalha,34.1,911.898627596439,1800.0,3050.0,1800.0,2542.0,243.1,3
2022,Beja,230.3,2500.0,3350.0,1870.0,2200.0,4061.0,1011.4,3
2022,Belmonte,27.7,911.898627596439,996.7853123977756,1400.0,608.1002453557659,511.0,189.5,2
2022,Benavente,184.2,1700.0,1700.0,1090.0,580.0,3764.0,875.8,3
2022,Bombarral,70.8,1700.0,1000.0,2800.0,1300.0,1082.0,326.9,3
2022,Borba,48.9,911.898627596439,996.7853123977756,1160.0324398797595,700.0,429.0,221.3,2
2022,Boticas,25.0,911.898627596439,996.7853123977756,466.7,608.1002453557659,385.0,114.8,2
2022,Cabeceiras de Basto,101.2,911.898627596439,1200.0,4700.0,2100.0,1319.0,611.6,3
2022,Cadaval,50.0,1100.0,1200.0,1100.0,608.1002453557659,1053.0,313.2,2
2022,Caldas da Rainha,245.6,1380.0,2850.0,1108.7,475.0,5764.0,1222.6,3
2022,Calheta [R.A.A.],322.4878459687124,400.0,175.0,500.0,608.1002453557659,184.0,377.0,1
2022,Calheta [R.A.M.],322.4878459687124,500.0,500.0,1400.0,1000.0,1414.0,2142.0,2
2022,Caminha,60.1,2800.0,996.7853123977756,5700.0,608.1002453557659,995.0,297.3,3
2022,Campo Maior,67.5,911.898627596439,1700.0,300.0,450.0,1162.0,350.2,2
2022,Cantanhede,123.9,911.898627596439,996.7853123977756,1330.8,1550.0,3881.0,684.3,3
2022,Carrazeda de Ansiães,41.4,911.898627596439,996.7853123977756,1160.0324398797595,608.1002453557659,290.0,210.2,2
2022,Carregal do Sal,39.6,911.898627596439,2000.0,4700.0,608.1002453557659,1159.0,210.4,3
2022,Cartaxo,97.8,3700.0,3700.0,846.2,766.7,1377.0,511.3,3
2022,Castanheira de Pêra,13.3,911.898627596439,400.0,1160.0324398797595,608.1002453557659,159.0,70.8,2
2022,Castelo de Paiva,70.0,911.898627596439,1600.0,4000.0,2000.0,1326.0,549.1,3
2022,Castelo de Vide,12.0,911.898627596439,996.7853123977756,800.0,300.0,198.0,63.0,2
2022,Castro Daire,63.3,911.898627596439,996.7853123977756,2250.0,608.1002453557659,1109.0,481.3,2
2022,Castro Marim,37.8,911.898627596439,1000.0,1160.0324398797595,600.0,526.0,170.6,2
2022,Castro Verde,27.8,911.898627596439,996.7853123977756,900.0,608.1002453557659,2047.0,139.5,2
2022,Celorico da Beira,35.3,911.898627596439,1100.0,3700.0,608.1002453557659,458.0,167.5,3
2022,Celorico de Basto,98.6,911.898627596439,996.7853123977756,1950.0,2000.0,1227.0,752.8,3
2022,Chamusca,28.8,911.898627596439,996.7853123977756,3500.0,1400.0,924.0,157.5,3
2022,Cinfães,89.3,911.898627596439,996.7853123977756,313.3,608.1002453557659,3065.0,768.9,2
2022,Coimbra,881.3,1584.6,1515.4,2310.3,350.0,16078.0,3906.6,0
2022,Condeixa-a-Nova,56.8,911.898627596439,1650.0,2466.7,608.1002453557659,1162.0,305.1,3
2022,Constância,24.6,1800.0,800.0,2100.0,608.1002453557659,483.0,108.2,2
2022,Coruche,107.8,2500.0,1700.0,5200.0,608.1002453557659,1462.0,517.1,3
2022,Crato,22.2,911.898627596439,996.7853123977756,800.0,608.1002453557659,166.0,116.5,2
2022,Cuba,36.4,911.898627596439,600.0,1160.0324398797595,608.1002453557659,253.0,167.3,2
2022,Câmara de Lobos,322.4878459687124,2750.0,2350.0,2000.0,1300.0,1826.0,2860.0,3
2022,Estremoz,87.1,911.898627596439,2100.0,2033.3,608.1002453557659,1403.0,290.2,3
2022,Fafe,264.8,2566.7,3950.0,1178.6,1666.7,4803.0,1739.4,3
2022,Faro,358.3,1416.7,2120.0,1911.8,266.7,8997.0,1653.2,3
2022,Ferreira do Alentejo,45.6,911.898627596439,900.0,366.7,608.1002453557659,826.0,210.5,2
2022,Ferreira do Zêzere,19.1,911.898627596439,996.7853123977756,1150.0,608.1002453557659,903.0,97.4,2
2022,Figueira de Castelo Rodrigo,33.1,911.898627596439,996.7853123977756,1900.0,608.1002453557659,296.0,150.2,2
2022,Figueiró dos Vinhos,27.0,911.898627596439,996.7853123977756,1200.0,200.0,288.0,146.3,2
2022,Fornos de Algodres,30.6,911.898627596439,996.7853123977756,1000.0,608.1002453557659,321.0,138.3,2
2022,Freixo de Espada à Cinta,33.3,500.0,200.0,1160.0324398797595,608.1002453557659,229.0,162.8,2
2022,Fronteira,15.8,911.898627596439,800.0,300.0,608.1002453557659,183.0,99.4,2
2022,Gavião,17.3,911.898627596439,996.7853123977756,900.0,608.1002453557659,118.0,88.3,2
2022,Golegã,15.1,911.898627596439,800.0,2500.0,800.0,401.0,86.8,2
2022,Gondomar,990.9,1477.8,1271.4,2055.2,471.4,9831.0,5363.4,0
2022,Gouveia,69.7,911.898627596439,996.7853123977756,1833.3,1800.0,656.0,337.9,3
2022,Grândola,37.1,911.898627596439,1250.0,650.0,608.1002453557659,1471.0,210.2,2
2022,Góis,14.2,911.898627596439,996.7853123977756,550.0,400.0,194.0,113.8,2
2022,Horta,322.4878459687124,766.7,650.0,450.0,850.0,1302.0,2532.0,2
2022,Idanha-a-Nova,61.8,911.898627596439,996.7853123977756,2200.0,608.1002453557659,464.0,349.6,2
2022,Lagoa,172.6,207.1,966.7,380.0,525.0,3484.0,801.8,1
2022,Lagos,206.5,500.0,1266.7,1257.1,600.0,4443.0,962.7,2
2022,Lajes do Pico,322.4878459687124,600.0,450.0,1160.0324398797595,608.1002453557659,156.0,400.0,2
2022,Lamego,235.8,911.898627596439,750.0,1700.0,608.1002453557659,2014.0,1564.1,2
2022,Loulé,480.6,1433.3,1414.3,811.1,412.5,13038.0,2121.2,0
2022,Lourinhã,95.7,850.0,1950.0,1783.3,1250.0,2439.0,572.0,3
2022,Lousada,184.1,2000.0,725.0,980.0,1350.0,5565.0,1179.3,3
2022,Macedo de Cavaleiros,98.3,911.898627596439,996.7853123977756,712.5,608.1002453557659,902.0,501.4,2
2022,Machico,322.4878459687124,1850.0,2900.0,5100.0,1900.0,1373.0,2400.0,3
2022,Madalena,322.4878459687124,216.7,700.0,1500.0,900.0,502.0,1026.0,2
2022,Mafra,277.8,543.8,955.6,1048.0,550.0,11594.0,1622.3,1
2022,Mangualde,80.6,911.898627596439,996.7853123977756,2250.0,608.1002453557659,3104.0,571.5,2
2022,Manteigas,8.0,911.898627596439,500.0,1300.0,608.1002453557659,286.0,65.4,2
2022,Marvão,12.1,911.898627596439,996.7853123977756,300.0,608.1002453557659,165.0,64.6,2
2022,Mação,22.6,911.898627596439,996.7853123977756,1300.0,608.1002453557659,451.0,144.9,2
2022,Mealhada,62.2,911.898627596439,2400.0,1160.0324398797595,733.3,3077.0,317.0,3
2022,Melgaço,19.8,911.898627596439,996.7853123977756,1200.0,500.0,331.0,105.3,2
2022,Mesão Frio,31.1,911.898627596439,996.7853123977756,950.0,608.1002453557659,253.0,225.7,2
2022,Miranda do Corvo,47.3,911.898627596439,700.0,5700.0,608.1002453557659,572.0,268.1,3
2022,Miranda do Douro,36.3,911.898627596439,996.7853123977756,2200.0,608.1002453557659,415.0,161.7,2
2022,Mirandela,136.2,911.898627596439,4000.0,830.0,608.1002453557659,1592.0,664.4,3
2022,Mogadouro,35.2,911.898627596439,996.7853123977756,1550.0,608.1002453557659,538.0,279.9,2
2022,Moimenta da Beira,112.3,911.898627596439,996.7853123977756,500.0,1400.0,752.0,664.7,2
2022,Moita,516.1,1650.0,1480.0,991.7,750.0,2579.0,2433.9,3
2022,Monchique,20.8,600.0,250.0,800.0,500.0,348.0,141.4,2
2022,Mondim de Basto,34.0,911.898627596439,1400.0,1500.0,608.1002453557659,418.0,217.9,2
2022,Monforte,32.7,911.898627596439,1000.0,266.7,608.1002453557659,226.0,138.0,2
2022,Montalegre,43.3,911.898627596439,996.7853123977756,966.7,608.1002453557659,520.0,280.9,2
2022,Montemor-o-Velho,119.5,3800.0,996.7853123977756,1160.0324398797595,633.3,1734.0,608.1,3
2022,Montijo,412.1,1080.0,728.6,1407.7,471.4,4942.0,1836.6,2
2022,Monção,55.4,1900.0,2400.0,1825.0,1900.0,1543.0,295.2,3
2022,Mora,10.1,911.898627596439,400.0,1700.0,608.1002453557659,344.0,62.1,2
2022,Mortágua,24.3,911.898627596439,996.7853123977756,1160.0324398797595,608.1002453557659,1476.0,117.8,2
2022,Moura,154.2,911.898627596439,1100.0,530.0,608.1002453557659,964.0,806.8,2
2022,Mourão,41.9,911.898627596439,300.0,500.0,500.0,128.0,179.5,2
2022,Murtosa,41.1,911.898627596439,996.7853123977756,1160.0324398797595,608.1002453557659,587.0,194.8,2
2022,Murça,51.8,911.898627596439,996.7853123977756,933.3,608.1002453557659,272.0,359.6,2
2022,Mértola,28.3,600.0,996.7853123977756,1600.0,608.1002453557659,403.0,186.7,2
2022,Mêda,17.8,800.0,996.7853123977756,650.0,608.1002453557659,230.0,65.3,2
2022,Nazaré,62.7,1700.0,996.7853123977756,3100.0,608.1002453557659,1333.0,376.6,3
2022,Nelas,66.4,911.898627596439,996.7853123977756,3500.0,608.1002453557659,1790.0,350.1,3
2022,Nisa,29.3,911.898627596439,700.0,950.0,608.1002453557659,263.0,173.3,2
2022,Nordeste,322.4878459687124,400.0,1200.0,550.0,700.0,254.0,467.0,2
2022,Odemira,495.0,1650.0,933.3,877.8,600.0,6451.0,1419.4,3
2022,Odivelas,847.5,547.8,413.3,1250.0,293.5,9904.0,3881.8,0
2022,Oleiros,16.2,911.898627596439,996.7853123977756,275.0,300.0,404.0,81.1,2
2022,Olhão,272.8,885.7,1925.0,1400.0,433.3,3565.0,1297.8,3
2022,Oliveira de Frades,52.3,911.898627596439,2100.0,1160.0324398797595,608.1002453557659,2069.0,260.1,2
2022,Ourique,20.2,911.898627596439,996.7853123977756,533.3,608.1002453557659,270.0,114.8,2
2022,Ovar,238.0,1500.0,3300.0,2181.8,1566.7,8205.0,1399.4,3
2022,Palmela,294.2,763.6,1125.0,678.9,480.0,14830.0,1680.1,0
2022,Pampilhosa da Serra,12.3,400.0,996.7853123977756,700.0,200.0,192.0,90.6,2
2022,Paredes,392.9,1760.0,1628.6,1390.5,1460.0,10682.0,2547.2,3
2022,Paredes de Coura,33.2,911.898627596439,996.7853123977756,1300.0,608.1002453557659,540.0,211.7,2
2022,Paços de Ferreira,207.2,728.6,944.4,1277.8,587.5,8541.0,1496.4,1
2022,Pedrógão Grande,13.5,911.898627596439,996.7853123977756,900.0,608.1002453557659,236.0,106.3,2
2022,Penacova,33.7,911.898627596439,996.7853123977756,1160.0324398797595,608.1002453557659,1166.0,189.2,2
2022,Penafiel,346.8,911.898627596439,2200.0,2625.0,1042.9,7691.0,2070.9,3
2022,Penalva do Castelo,23.4,911.898627596439,996.7853123977756,1160.0324398797595,608.1002453557659,481.0,211.8,2
2022,Penamacor,26.1,911.898627596439,996.7853123977756,1160.0324398797595,300.0,191.0,131.5,2
2022,Penedono,14.4,911.898627596439,996.7853123977756,1160.0324398797595,608.1002453557659,155.0,86.1,2
2022,Penela,14.1,911.898627596439,600.0,1160.0324398797595,608.1002453557659,1035.0,95.8,2
2022,Peniche,149.4,1300.0,1025.0,3666.7,608.1002453557659,2216.0,806.2,3
2022,Peso da Régua,162.8,911.898627596439,2600.0,1460.0,608.1002453557659,969.0,948.0,3
2022,Pinhel,25.3,911.898627596439,996.7853123977756,1160.0324398797595,608.1002453557659,608.0,112.3,2
2022,Ponta do Sol,322.4878459687124,650.0,800.0,1366.7,608.1002453557659,468.0,825.0,2
2022,Ponte da Barca,30.1,1100.0,996.7853123977756,1160.0324398797595,800.0,668.0,195.7,2
2022,Ponte de Sor,83.8,2700.0,2200.0,1950.0,1050.0,1233.0,453.3,3
2022,Portalegre,107.5,2600.0,3600.0,2166.7,1550.0,2094.0,517.5,3
2022,Portel,44.5,800.0,500.0,1160.0324398797595,600.0,309.0,199.5,2
2022,Portimão,605.5,450.0,900.0,705.3,256.3,7434.0,2705.4,0
2022,Porto Moniz,322.4878459687124,911.898627596439,100.0,150.0,608.1002453557659,140.0,329.0,2
2022,Porto Santo,322.4878459687124,900.0,600.0,1266.7,700.0,627.0,1111.0,2
2022,Porto de Mós,82.3,2050.0,933.3,937.5,933.3,3044.0,423.2,2
2022,Povoação,322.4878459687124,1100.0,250.0,1200.0,600.0,382.0,791.0,2
2022,Proença-a-Nova,19.5,911.898627596439,996.7853123977756,2200.0,608.1002453557659,585.0,139.3,2
2022,Póvoa de Lanhoso,114.8,911.898627596439,3400.0,1557.1,608.1002453557659,1840.0,684.8,3
2022,Redondo,34.4,911.898627596439,300.0,800.0,700.0,497.0,221.3,2
2022,Reguengos de Monsaraz,95.3,911.898627596439,996.7853123977756,2350.0,608.1002453557659,856.0,379.0,2
2022,Resende,88.3,911.898627596439,996.7853123977756,1233.3,608.1002453557659,463.0,557.7,2
2022,Ribeira Brava,322.4878459687124,1300.0,2500.0,2250.0,608.1002453557659,862.0,1662.0,3
2022,Ribeira Grande,322.4878459687124,1800.0,1175.0,675.0,480.0,2783.0,4374.0,2
2022,Ribeira de Pena,44.1,911.898627596439,996.7853123977756,2200.0,608.1002453557659,465.0,314.5,2
2022,Rio Maior,85.4,625.0,1550.0,2200.0,833.3,2604.0,416.5,3
2022,Sabrosa,33.8,911.898627596439,996.7853123977756,1900.0,608.1002453557659,462.0,236.0,2
2022,Sabugal,39.9,911.898627596439,700.0,3400.0,608.1002453557659,482.0,200.3,3
2022,Salvaterra de Magos,96.4,1150.0,2500.0,1200.0,425.0,1605.0,595.4,3
2022,Santa Comba Dão,43.6,1500.0,900.0,2300.0,608.1002453557659,713.0,268.3,2
2022,Santa Cruz das Flores,322.4878459687124,0.0,75.0,85.7,608.1002453557659,135.0,258.0,1
2022,Santa Maria da Feira,640.1,3366.7,1560.0,2612.5,787.5,17883.0,4021.6,3
2022,Santa Marta de Penaguião,60.0,1500.0,996.7853123977756,1100.0,500.0,240.0,395.3,2
2022,Santiago do Cacém,85.6,666.7,996.7853123977756,1250.0,1700.0,2466.0,553.5,3
2022,Santo Tirso,262.8,1300.0,925.0,1806.7,1220.0,8329.0,2099.0,3
2022,Sardoal,17.7,911.898627596439,996.7853123977756,2000.0,608.1002453557659,166.0,111.7,2
2022,Seixal,959.8,652.0,933.3,1234.0,380.0,10484.0,4357.1,0
2022,Sernancelhe,30.7,911.898627596439,996.7853123977756,1160.0324398797595,608.1002453557659,535.0,178.7,2
2022,Serpa,106.7,2700.0,1400.0,940.0,1800.0,956.0,579.2,3
2022,Sertã,71.7,2500.0,2100.0,1833.3,1500.0,1247.0,396.3,3
2022,Sesimbra,221.0,785.7,2366.7,1100.0,960.0,2844.0,1136.8,3
2022,Setúbal,851.1,742.9,752.2,1913.8,431.6,10864.0,4173.3,0
2022,Sever do Vouga,21.3,911.898627596439,1400.0,1160.0324398797595,608.1002453557659,1383.0,140.4,2
2022,Silves,288.3,471.4,900.0,860.0,271.4,3251.0,1305.8,1
2022,Sines,92.6,1600.0,625.0,433.3,666.7,4112.0,446.7,2
2022,Sobral de Monte Agraço,40.4,911.898627596439,1300.0,4800.0,608.1002453557659,778.0,195.2,3
2022,Soure,63.0,911.898627596439,1050.0,3850.0,500.0,928.0,398.0,3
2022,Sousel,33.0,911.898627596439,996.7853123977756,350.0,608.1002453557659,382.0,152.1,2
2022,Sátão,69.6,911.898627596439,996.7853123977756,2950.0,608.1002453557659,752.0,377.8,3
2022,São Brás de Alportel,40.2,911.898627596439,996.7853123977756,720.0,550.0,845.0,231.1,2
2022,São João da Madeira,147.9,1133.3,1950.0,1364.3,1650.0,4538.0,837.6,3
2022,São João da Pesqueira,35.7,911.898627596439,1100.0,1160.0324398797595,608.1002453557659,611.0,191.9,2
2022,São Roque do Pico,322.4878459687124,200.0,300.0,700.0,33.3,265.0,472.0,1
2022,São Vicente,322.4878459687124,466.7,133.3,1700.0,608.1002453557659,307.0,578.0,2
2022,Tabuaço,44.5,911.898627596439,996.7853123977756,1300.0,608.1002453557659,250.0,282.7,2
2022,Tarouca,62.9,911.898627596439,996.7853123977756,1200.0,608.1002453557659,667.0,452.7,2
2022,Tavira,98.5,820.0,1400.0,1657.1,733.3,2578.0,533.3,2
2022,Terras de Bouro,34.9,911.898627596439,996.7853123977756,2600.0,608.1002453557659,457.0,216.2,2
2022,Tomar,150.7,1028.6,1500.0,2040.0,875.0,2848.0,717.0,3
2022,Tondela,80.0,911.898627596439,2750.0,4366.7,608.1002453557659,3070.0,489.2,3
2022,Torre de Moncorvo,48.8,911.898627596439,1200.0,1160.0324398797595,608.1002453557659,430.0,325.8,2
2022,Torres Vedras,388.2,1214.3,1442.9,1816.7,581.8,10235.0,1933.7,3
2022,Trancoso,26.1,911.898627596439,1500.0,1160.0324398797595,608.1002453557659,788.0,121.4,2
2022,Trofa,159.8,2400.0,1366.7,3650.0,750.0,7721.0,1031.8,3
2022,Tábua,59.7,911.898627596439,996.7853123977756,1160.0324398797595,608.1002453557659,1168.0,357.4,2
2022,Vagos,75.1,911.898627596439,2500.0,2150.0,608.1002453557659,2682.0,378.8,3
2022,Valença,82.1,911.898627596439,733.3,4900.0,608.1002453557659,1729.0,386.4,3
2022,Valongo,557.0,1760.0,1016.7,4722.2,700.0,8773.0,3359.3,3
2022,Valpaços,81.7,911.898627596439,850.0,825.0,608.1002453557659,698.0,475.8,2
2022,Velas,322.4878459687124,1100.0,366.7,1300.0,608.1002453557659,442.0,815.0,2
2022,Vendas Novas,41.6,1800.0,466.7,2900.0,500.0,1131.0,190.3,2
2022,Viana do Alentejo,31.0,911.898627596439,996.7853123977756,525.0,608.1002453557659,332.0,144.8,2
2022,Viana do Castelo,346.8,2940.0,2150.0,3292.9,1960.0,11593.0,1706.9,3
2022,Vidigueira,53.2,911.898627596439,996.7853123977756,300.0,608.1002453557659,354.0,247.8,2
2022,Vieira do Minho,76.9,911.898627596439,996.7853123977756,1160.0324398797595,608.1002453557659,763.0,508.8,2
2022,Vila Flor,31.8,911.898627596439,996.7853123977756,850.0,608.1002453557659,378.0,199.5,2
2022,Vila Franca de Xira,776.2,778.6,850.0,1121.3,600.0,14903.0,3780.3,0
2022,Vila Franca do Campo,322.4878459687124,700.0,1600.0,1500.0,700.0,627.0,935.0,2
2022,Vila Nova da Barquinha,41.5,911.898627596439,1500.0,3600.0,608.1002453557659,262.0,157.2,3
2022,Vila Nova de Cerveira,40.7,911.898627596439,996.7853123977756,2700.0,600.0,1945.0,216.8,2
2022,Vila Nova de Foz Côa,43.6,911.898627596439,996.7853123977756,2900.0,608.1002453557659,433.0,234.3,2
2022,Vila Nova de Paiva,27.1,911.898627596439,996.7853123977756,1160.0324398797595,608.1002453557659,296.0,160.3,2
2022,Vila Nova de Poiares,23.3,911.898627596439,996.7853123977756,1160.0324398797595,608.1002453557659,757.0,151.8,2
2022,Vila Pouca de Aguiar,79.1,911.898627596439,996.7853123977756,1433.3,608.1002453557659,888.0,448.8,2
2022,Vila Real de Santo António,121.3,911.898627596439,900.0,1442.9,500.0,2082.0,572.6,2
2022,Vila Velha de Ródão,13.6,911.898627596439,600.0,400.0,608.1002453557659,529.0,70.6,2
2022,Vila Verde,214.6,1333.3,1340.0,4000.0,608.1002453557659,4898.0,1068.4,3
2022,Vila Viçosa,24.9,1400.0,500.0,1050.0,608.1002453557659,768.0,153.5,2
2022,Vila da Praia da Vitória,322.4878459687124,766.7,1125.0,1014.3,1600.0,1824.0,2977.0,3
2022,Vila de Rei,12.8,800.0,996.7853123977756,1100.0,608.1002453557659,187.0,64.1,2
2022,Vila do Bispo,38.2,300.0,250.0,1160.0324398797595,608.1002453557659,610.0,142.3,2
2022,Vila do Conde,374.2,1660.0,1628.6,2353.8,975.0,11788.0,2300.9,3
2022,Vila do Porto,322.4878459687124,800.0,300.0,1450.0,700.0,507.0,826.0,2
2022,Vimioso,17.8,911.898627596439,996.7853123977756,500.0,608.1002453557659,150.0,124.3,2
2022,Vinhais,32.0,911.898627596439,996.7853123977756,1500.0,608.1002453557659,289.0,232.9,2
2022,Vouzela,42.0,911.898627596439,996.7853123977756,1000.0,608.1002453557659,746.0,240.5,2
2022,Évora,277.8,3700.0,1800.0,2035.3,483.3,7959.0,1248.5,3
2022,Óbidos,29.6,911.898627596439,500.0,950.0,608.1002453557659,1542.0,217.7,2
2023,Abrantes,214.2,1933.3,1075.0,1064.3,608.1002453557659,3481.5006715916725,1139.6,2
2023,Aguiar da Beira,14.0,911.898627596439,996.7853123977756,2300.0,608.1002453557659,3481.5006715916725,88.4,2
2023,Alandroal,9.6,911.898627596439,996.7853123977756,700.0,608.1002453557659,3481.5006715916725,83.5,2
2023,Albufeira,674.4,392.3,942.9,1113.3,1133.3,3481.5006715916725,2278.5,2
2023,Alcanena,52.5,2000.0,1700.0,1160.0324398797595,608.1002453557659,3481.5006715916725,235.1,3
2023,Alcochete,64.4,800.0,800.0,990.0,566.7,3481.5006715916725,391.6,2
2023,Alcoutim,9.0,911.898627596439,996.7853123977756,150.0,0.0,3481.5006715916725,33.6,1
2023,Alcácer do Sal,34.0,911.898627596439,996.7853123977756,1160.0324398797595,800.0,3481.5006715916725,161.2,2
2023,Alenquer,280.1,980.0,1866.7,1250.0,1300.0,3481.5006715916725,1290.1,3
2023,Alfândega da Fé,23.3,911.898627596439,996.7853123977756,1160.0324398797595,608.1002453557659,3481.5006715916725,180.8,2
2023,Alijó,68.8,1050.0,1400.0,4500.0,608.1002453557659,3481.5006715916725,527.7,3
2023,Aljezur,51.3,200.0,550.0,300.0,608.1002453557659,3481.5006715916725,169.3,1
2023,Aljustrel,51.2,750.0,996.7853123977756,875.0,608.1002453557659,3481.5006715916725,224.8,2
2023,Almada,980.9,427.5,1256.3,853.8,468.0,3481.5006715916725,4709.3,0
2023,Almeida,20.6,911.898627596439,996.7853123977756,2300.0,608.1002453557659,3481.5006715916725,95.4,2
2023,Almeirim,133.2,1700.0,3800.0,1671.4,2100.0,3481.5006715916725,576.4,3
2023,Almodôvar,20.7,650.0,996.7853123977756,340.0,900.0,3481.5006715916725,129.0,2
2023,Alpiarça,34.8,911.898627596439,996.7853123977756,3600.0,800.0,3481.5006715916725,170.3,3
2023,Alter do Chão,22.3,911.898627596439,996.7853123977756,400.0,608.1002453557659,3481.5006715916725,124.7,2
2023,Alvaiázere,16.3,911.898627596439,996.7853123977756,1160.0324398797595,608.1002453557659,3481.5006715916725,115.7,2
2023,Alvito,15.3,911.898627596439,996.7853123977756,66.7,608.1002453557659,3481.5006715916725,76.5,2
2023,Amadora,1090.3,230.9,300.0,963.6,350.0,3481.5006715916725,4484.1,0
2023,Amares,89.9,911.898627596439,996.7853123977756,4400.0,1900.0,3481.5006715916725,513.8,3
2023,Anadia,115.3,911.898627596439,3400.0,4400.0,416.7,3481.5006715916725,506.3,3
2023,Ansião,39.5,911.898627596439,996.7853123977756,2500.0,608.1002453557659,3481.5006715916725,249.1,3
2023,Arcos de Valdevez,68.7,2100.0,2600.0,1880.0,550.0,3481.5006715916725,382.2,3
2023,Arganil,50.7,911.898627596439,996.7853123977756,1300.0,608.1002453557659,3481.5006715916725,320.9,2
2023,Armamar,27.6,911.898627596439,250.0,2100.0,608.1002453557659,3481.5006715916725,216.7,2
2023,Arraiolos,16.0,911.898627596439,996.7853123977756,1133.3,166.7,3481.5006715916725,97.3,2
2023,Arronches,8.4,911.898627596439,800.0,1160.0324398797595,400.0,3481.5006715916725,57.4,2
2023,Arruda dos Vinhos,46.8,575.0,996.7853123977756,1400.0,608.1002453557659,3481.5006715916725,250.1,2
2023,Avis,39.4,900.0,600.0,175.0,608.1002453557659,3481.5006715916725,141.6,2
2023,Azambuja,119.5,911.898627596439,1300.0,1142.9,1600.0,3481.5006715916725,531.7,3
2023,Baião,118.2,911.898627596439,996.7853123977756,1666.7,608.1002453557659,3481.5006715916725,867.8,2
2023,Barrancos,14.6,911.898627596439,996.7853123977756,100.0,200.0,3481.5006715916725,75.1,2
2023,Barreiro,618.8,620.0,880.0,1258.3,458.3,3481.5006715916725,2837.4,1
2023,Batalha,48.8,1600.0,1100.0,1650.0,608.1002453557659,3481.5006715916725,284.0,2
2023,Beja,277.3,1233.3,1750.0,1533.3,1466.7,3481.5006715916725,1132.6,3
2023,Belmonte,30.3,911.898627596439,996.7853123977756,2400.0,608.1002453557659,3481.5006715916725,194.3,2
2023,Benavente,208.5,1200.0,760.0,990.9,1600.0,3481.5006715916725,910.9,3
2023,Bombarral,60.2,911.898627596439,1700.0,983.3,608.1002453557659,3481.5006715916725,347.3,2
2023,Borba,51.7,911.898627596439,1100.0,1600.0,350.0,3481.5006715916725,233.2,2
2023,Boticas,18.2,911.898627596439,996.7853123977756,700.0,608.1002453557659,3481.5006715916725,109.5,2
2023,Braga,1115.8,816.7,775.0,2153.1,431.1,3481.5006715916725,5686.8,0
2023,Cabeceiras de Basto,102.1,911.898627596439,2500.0,2550.0,608.1002453557659,3481.5006715916725,634.4,3
2023,Cadaval,49.4,433.3,996.7853123977756,3600.0,608.1002453557659,3481.5006715916725,315.6,3
2023,Caldas da Rainha,273.3,636.4,1500.0,914.3,500.0,3481.5006715916725,1253.8,2
2023,Caminha,67.1,2800.0,1200.0,1160.0324398797595,600.0,3481.5006715916725,303.3,3
2023,Campo Maior,64.1,1800.0,900.0,600.0,608.1002453557659,3481.5006715916725,361.6,2
2023,Carrazeda de Ansiães,35.7,1000.0,996.7853123977756,2200.0,608.1002453557659,3481.5006715916725,187.6,2
2023,Carregal do Sal,53.1,911.898627596439,996.7853123977756,1160.0324398797595,608.1002453557659,3481.5006715916725,248.6,2
2023,Cartaxo,91.1,911.898627596439,1700.0,1244.4,1200.0,3481.5006715916725,492.6,3
2023,Cascais,967.8,188.5,430.6,697.1,356.8,3481.5006715916725,5589.2,0
2023,Castanheira de Pêra,15.8,911.898627596439,300.0,1000.0,608.1002453557659,3481.5006715916725,75.7,2
2023,Castelo de Paiva,78.2,911.898627596439,996.7853123977756,1160.0324398797595,2100.0,3481.5006715916725,558.3,3
2023,Castelo de Vide,10.9,911.898627596439,996.7853123977756,1160.0324398797595,608.1002453557659,3481.5006715916725,50.9,2
2023,Castro Daire,75.3,911.898627596439,996.7853123977756,2750.0,608.1002453557659,3481.5006715916725,478.0,3
2023,Castro Marim,39.2,366.7,900.0,1160.0324398797595,608.1002453557659,3481.5006715916725,159.2,2
2023,Castro Verde,28.7,911.898627596439,996.7853123977756,1333.3,608.1002453557659,3481.5006715916725,137.0,2
2023,Celorico da Beira,39.8,911.898627596439,1200.0,1266.7,608.1002453557659,3481.5006715916725,168.9,2
2023,Celorico de Basto,108.3,2700.0,996.7853123977756,840.0,608.1002453557659,3481.5006715916725,740.6,3
2023,Chamusca,27.1,911.898627596439,900.0,1950.0,608.1002453557659,3481.5006715916725,150.2,2
2023,Cinfães,100.6,911.898627596439,2100.0,771.4,1250.0,3481.5006715916725,891.1,3
2023,Coimbra,907.2,1188.2,1133.3,1564.8,403.6,3481.5006715916725,4028.7,0
2023,Constância,18.0,911.898627596439,996.7853123977756,2200.0,608.1002453557659,3481.5006715916725,102.6,2
2023,Coruche,113.0,620.0,2100.0,1400.0,608.1002453557659,3481.5006715916725,501.5,3
2023,Crato,22.1,911.898627596439,700.0,400.0,608.1002453557659,3481.5006715916725,98.1,2
2023,Cuba,36.6,911.898627596439,600.0,1160.0324398797595,608.1002453557659,3481.5006715916725,187.3,2
2023,Elvas,178.1,911.898627596439,660.0,680.0,608.1002453557659,3481.5006715916725,963.2,2
2023,Entroncamento,152.2,1033.3,875.0,3566.7,366.7,3481.5006715916725,632.8,3
2023,Estremoz,85.1,2400.0,766.7,1100.0,608.1002453557659,3481.5006715916725,318.5,2
2023,Fafe,306.4,1600.0,1014.3,1730.0,1433.3,3481.5006715916725,1853.8,3
2023,Faro,397.5,781.8,1140.0,1836.8,360.0,3481.5006715916725,1649.2,2
2023,Ferreira do Alentejo,50.5,911.898627596439,996.7853123977756,750.0,900.0,3481.5006715916725,236.5,2
2023,Ferreira do Zêzere,22.7,911.898627596439,996.7853123977756,1150.0,608.1002453557659,3481.5006715916725,115.4,2
2023,Figueira de Castelo Rodrigo,31.0,911.898627596439,996.7853123977756,1100.0,608.1002453557659,3481.5006715916725,138.8,2
2023,Figueiró dos Vinhos,28.5,911.898627596439,996.7853123977756,2700.0,500.0,3481.5006715916725,151.2,3
2023,Fornos de Algodres,21.8,911.898627596439,996.7853123977756,700.0,608.1002453557659,3481.5006715916725,131.3,2
2023,Freixo de Espada à Cinta,29.3,911.898627596439,500.0,250.0,608.1002453557659,3481.5006715916725,172.8,2
2023,Fronteira,13.3,911.898627596439,700.0,1160.0324398797595,300.0,3481.5006715916725,96.3,2
2023,Fundão,112.3,1633.3,2050.0,1671.4,775.0,3481.5006715916725,628.5,3
2023,Gavião,12.8,911.898627596439,996.7853123977756,1160.0324398797595,608.1002453557659,3481.5006715916725,76.5,2
2023,Golegã,19.2,1100.0,550.0,2900.0,608.1002453557659,3481.5006715916725,85.3,3
2023,Gondomar,993.6,1123.1,2262.5,2127.6,742.1,3481.5006715916725,5283.4,0
2023,Gouveia,58.0,911.898627596439,2100.0,3000.0,608.1002453557659,3481.5006715916725,307.9,3
2023,Grândola,28.3,700.0,833.3,1125.0,608.1002453557659,3481.5006715916725,164.6,2
2023,Góis,14.1,200.0,500.0,1100.0,608.1002453557659,3481.5006715916725,100.0,1
2023,Idanha-a-Nova,61.0,911.898627596439,996.7853123977756,2500.0,608.1002453557659,3481.5006715916725,358.3,3
2023,Lagoa,180.2,375.0,471.4,488.2,400.0,3481.5006715916725,776.2,1
2023,Lagos,211.2,350.0,628.6,1017.6,950.0,3481.5006715916725,950.6,2
2023,Lamego,227.9,911.898627596439,3400.0,1233.3,608.1002453557659,3481.5006715916725,1514.3,3
2023,Leiria,662.4,1127.8,2125.0,1647.1,583.3,3481.5006715916725,3122.1,3
2023,Loulé,470.2,606.7,735.7,684.1,627.3,3481.5006715916725,1961.4,1
2023,Loures,1260.4,250.0,434.1,735.5,496.6,3481.5006715916725,5637.2,0
2023,Lousada,218.3,2533.3,1500.0,634.6,644.4,3481.5006715916725,1244.7,3
2023,Lousã,99.8,2900.0,996.7853123977756,1760.0,608.1002453557659,3481.5006715916725,507.4,3
2023,Macedo de Cavaleiros,95.0,911.898627596439,996.7853123977756,1575.0,608.1002453557659,3481.5006715916725,504.2,2
2023,Mafra,258.6,890.9,766.7,1195.8,950.0,3481.5006715916725,1568.3,2
2023,Maia,611.2,1241.7,2983.3,2650.0,464.0,3481.5006715916725,3570.9,3
2023,Mangualde,76.3,911.898627596439,996.7853123977756,1160.0324398797595,608.1002453557659,3481.5006715916725,512.1,2
2023,Manteigas,7.2,911.898627596439,996.7853123977756,1160.0324398797595,608.1002453557659,3481.5006715916725,62.8,2
2023,Marvão,7.6,911.898627596439,800.0,233.3,608.1002453557659,3481.5006715916725,52.1,2
2023,Matosinhos,939.4,970.6,1000.0,3100.0,775.0,3481.5006715916725,5964.9,0
2023,Mação,17.7,911.898627596439,996.7853123977756,933.3,608.1002453557659,3481.5006715916725,117.0,2
2023,Melgaço,18.9,911.898627596439,600.0,1160.0324398797595,608.1002453557659,3481.5006715916725,107.6,2
2023,Mesão Frio,27.0,911.898627596439,996.7853123977756,1050.0,608.1002453557659,3481.5006715916725,200.8,2
2023,Mira,57.1,911.898627596439,900.0,3300.0,608.1002453557659,3481.5006715916725,258.4,3
2023,Miranda do Corvo,44.3,2300.0,996.7853123977756,1320.0,1500.0,3481.5006715916725,271.2,3
2023,Miranda do Douro,32.0,911.898627596439,996.7853123977756,1350.0,608.1002453557659,3481.5006715916725,147.3,2
2023,Mogadouro,41.3,911.898627596439,996.7853123977756,1033.3,608.1002453557659,3481.5006715916725,275.4,2
2023,Moimenta da Beira,109.3,911.898627596439,996.7853123977756,662.5,608.1002453557659,3481.5006715916725,654.7,2
2023,Moita,514.8,1380.0,810.0,1037.5,766.7,3481.5006715916725,2429.4,2
2023,Monchique,14.0,600.0,600.0,900.0,600.0,3481.5006715916725,120.8,2
2023,Mondim de Basto,39.7,1300.0,996.7853123977756,1500.0,608.1002453557659,3481.5006715916725,221.5,2
2023,Monforte,41.9,911.898627596439,500.0,225.0,608.1002453557659,3481.5006715916725,161.3,2
2023,Montalegre,38.3,1100.0,900.0,3000.0,608.1002453557659,3481.5006715916725,285.3,3
2023,Montemor-o-Novo,48.3,1150.0,2400.0,1650.0,1500.0,3481.5006715916725,241.4,3
2023,Montijo,479.6,1240.0,544.4,1666.7,925.0,3481.5006715916725,1995.5,3
2023,Monção,54.5,2000.0,1200.0,4300.0,1900.0,3481.5006715916725,282.0,3
2023,Mora,12.3,911.898627596439,996.7853123977756,600.0,608.1002453557659,3481.5006715916725,59.7,2
2023,Mortágua,25.9,911.898627596439,1600.0,4000.0,608.1002453557659,3481.5006715916725,120.1,3
2023,Moura,181.3,1300.0,2700.0,570.0,1900.0,3481.5006715916725,901.3,3
2023,Mourão,36.4,911.898627596439,400.0,200.0,608.1002453557659,3481.5006715916725,172.7,2
2023,Murtosa,43.7,911.898627596439,2200.0,1160.0324398797595,1000.0,3481.5006715916725,206.3,3
2023,Murça,43.9,900.0,996.7853123977756,725.0,608.1002453557659,3481.5006715916725,353.3,2
2023,Mértola,26.8,500.0,996.7853123977756,533.3,608.1002453557659,3481.5006715916725,163.2,2
2023,Mêda,15.1,911.898627596439,900.0,900.0,608.1002453557659,3481.5006715916725,55.1,2
2023,Nazaré,80.1,1900.0,466.7,3500.0,650.0,3481.5006715916725,406.3,3
2023,Nisa,30.6,1000.0,500.0,633.3,608.1002453557659,3481.5006715916725,152.8,2
2023,Odemira,777.9,680.0,640.0,576.9,500.0,3481.5006715916725,2092.8,1
2023,Odivelas,816.4,459.4,360.6,854.4,307.1,3481.5006715916725,3762.7,0
2023,Oeiras,667.9,208.7,512.1,1166.2,588.0,3481.5006715916725,3779.0,0
2023,Oleiros,12.8,500.0,700.0,280.0,608.1002453557659,3481.5006715916725,72.3,2
2023,Olhão,251.0,825.0,1700.0,900.0,775.0,3481.5006715916725,1191.4,2
2023,Oliveira de Frades,55.1,911.898627596439,1150.0,1160.0324398797595,608.1002453557659,3481.5006715916725,264.7,2
2023,Oliveira do Bairro,120.1,3800.0,2600.0,1160.0324398797595,608.1002453557659,3481.5006715916725,491.2,3
2023,Oliveira do Hospital,116.2,911.898627596439,996.7853123977756,1820.0,1200.0,3481.5006715916725,560.5,3
2023,Ourique,18.3,911.898627596439,996.7853123977756,433.3,608.1002453557659,3481.5006715916725,107.3,2
2023,Ourém,148.3,3900.0,2100.0,3133.3,1700.0,3481.5006715916725,688.1,3
2023,Ovar,258.3,1725.0,3650.0,2611.1,608.1002453557659,3481.5006715916725,1405.1,3
2023,Palmela,291.8,715.4,800.0,665.9,353.8,3481.5006715916725,1594.3,1
2023,Pampilhosa da Serra,5.5,400.0,996.7853123977756,1000.0,300.0,3481.5006715916725,72.1,2
2023,Paredes,421.8,1287.5,1714.3,1631.6,1350.0,3481.5006715916725,2545.1,3
2023,Paredes de Coura,32.8,911.898627596439,996.7853123977756,2500.0,608.1002453557659,3481.5006715916725,192.3,3
2023,Paços de Ferreira,259.7,871.4,1400.0,1168.2,714.3,3481.5006715916725,1695.8,2
2023,Pedrógão Grande,14.7,911.898627596439,996.7853123977756,450.0,608.1002453557659,3481.5006715916725,106.4,2
2023,Penacova,26.4,911.898627596439,996.7853123977756,6000.0,608.1002453557659,3481.5006715916725,180.2,3
2023,Penafiel,367.9,911.898627596439,2833.3,3950.0,1012.5,3481.5006715916725,2186.8,3
2023,Penalva do Castelo,24.8,911.898627596439,996.7853123977756,4000.0,608.1002453557659,3481.5006715916725,197.5,3
2023,Penamacor,28.2,911.898627596439,996.7853123977756,2200.0,300.0,3481.5006715916725,128.9,2
2023,Penedono,18.1,911.898627596439,996.7853123977756,1160.0324398797595,608.1002453557659,3481.5006715916725,87.1,2
2023,Penela,13.7,911.898627596439,996.7853123977756,1160.0324398797595,608.1002453557659,3481.5006715916725,97.9,2
2023,Peso da Régua,142.7,911.898627596439,1300.0,2800.0,608.1002453557659,3481.5006715916725,876.8,3
2023,Pinhel,16.7,911.898627596439,996.7853123977756,1160.0324398797595,608.1002453557659,3481.5006715916725,96.7,2
2023,Ponte da Barca,36.3,911.898627596439,996.7853123977756,1160.0324398797595,400.0,3481.5006715916725,193.3,2
2023,Ponte de Sor,83.4,1400.0,1350.0,1283.3,1150.0,3481.5006715916725,433.8,3
2023,Portalegre,112.4,2600.0,1900.0,1857.1,1350.0,3481.5006715916725,521.7,3
2023,Portel,46.8,911.898627596439,500.0,600.0,500.0,3481.5006715916725,187.0,2
2023,Portimão,639.9,491.7,850.0,672.1,400.0,3481.5006715916725,2615.3,1
2023,Porto de Mós,85.6,1500.0,933.3,1075.0,966.7,3481.5006715916725,461.7,2
2023,Proença-a-Nova,18.8,911.898627596439,996.7853123977756,1200.0,608.1002453557659,3481.5006715916725,121.9,2
2023,Póvoa de Lanhoso,104.8,3300.0,996.7853123977756,1170.0,608.1002453557659,3481.5006715916725,675.3,3
2023,Póvoa de Varzim,343.1,955.6,2020.0,3354.5,204.8,3481.5006715916725,2043.4,3
2023,Redondo,32.6,911.898627596439,800.0,675.0,608.1002453557659,3481.5006715916725,201.2,2
2023,Reguengos de Monsaraz,87.9,2300.0,1900.0,1733.3,608.1002453557659,3481.5006715916725,367.8,3
2023,Resende,91.6,1600.0,996.7853123977756,1333.3,608.1002453557659,3481.5006715916725,586.4,2
2023,Ribeira de Pena,36.2,911.898627596439,996.7853123977756,1200.0,608.1002453557659,3481.5006715916725,288.5,2
2023,Rio Maior,93.5,312.5,996.7853123977756,1528.6,1300.0,3481.5006715916725,415.8,2
2023,Sabrosa,28.6,1200.0,996.7853123977756,1160.0324398797595,608.1002453557659,3481.5006715916725,231.9,2
2023,Sabugal,41.2,911.898627596439,996.7853123977756,1160.0324398797595,800.0,3481.5006715916725,187.5,2
2023,Salvaterra de Magos,112.4,866.7,575.0,888.9,800.0,3481.5006715916725,665.6,2
2023,Santa Comba Dão,49.8,911.898627596439,996.7853123977756,2350.0,608.1002453557659,3481.5006715916725,287.9,2
2023,Santa Maria da Feira,657.4,2925.0,1620.0,2787.5,700.0,3481.5006715916725,3759.1,3
2023,Santa Marta de Penaguião,53.3,911.898627596439,996.7853123977756,650.0,400.0,3481.5006715916725,379.3,2
2023,Santarém,337.2,1566.7,2325.0,2833.3,1200.0,3481.5006715916725,1387.9,3
2023,Santiago do Cacém,91.6,1025.0,1066.7,1100.0,1600.0,3481.5006715916725,510.3,3
2023,Santo Tirso,287.4,1375.0,925.0,1781.3,1016.7,3481.5006715916725,2218.1,3
2023,Sardoal,17.8,911.898627596439,996.7853123977756,2300.0,608.1002453557659,3481.5006715916725,93.8,2
2023,Seia,112.7,911.898627596439,3200.0,2040.0,2200.0,3481.5006715916725,589.1,3
2023,Seixal,1044.1,533.3,669.2,1095.1,396.2,3481.5006715916725,4622.7,0
2023,Sernancelhe,30.7,911.898627596439,996.7853123977756,1160.0324398797595,608.1002453557659,3481.5006715916725,174.5,2
2023,Serpa,112.8,600.0,866.7,1633.3,1800.0,3481.5006715916725,579.2,3
2023,Sertã,80.9,2600.0,996.7853123977756,733.3,608.1002453557659,3481.5006715916725,428.7,2
2023,Sesimbra,233.3,942.9,1825.0,760.7,800.0,3481.5006715916725,1201.1,2
2023,Setúbal,877.8,944.4,1081.3,1054.7,505.9,3481.5006715916725,4166.8,0
2023,Sever do Vouga,22.2,911.898627596439,996.7853123977756,6000.0,608.1002453557659,3481.5006715916725,145.2,3
2023,Silves,282.4,315.4,733.3,942.9,500.0,3481.5006715916725,1207.8,1
2023,Sines,98.4,600.0,1500.0,983.3,666.7,3481.5006715916725,417.7,2
2023,Sobral de Monte Agraço,34.9,911.898627596439,700.0,1666.7,608.1002453557659,3481.5006715916725,192.7,2
2023,Soure,53.7,911.898627596439,850.0,3950.0,800.0,3481.5006715916725,346.4,3
2023,Sousel,31.1,911.898627596439,996.7853123977756,300.0,608.1002453557659,3481.5006715916725,151.8,2
2023,Sátão,58.9,911.898627596439,2100.0,3000.0,608.1002453557659,3481.5006715916725,371.0,3
2023,São Brás de Alportel,44.8,911.898627596439,1200.0,585.7,650.0,3481.5006715916725,203.7,2
2023,São João da Pesqueira,36.4,911.898627596439,550.0,1700.0,608.1002453557659,3481.5006715916725,193.7,2
2023,São Pedro do Sul,98.6,911.898627596439,3000.0,2333.3,2100.0,3481.5006715916725,496.3,3
2023,Tabuaço,43.4,1100.0,996.7853123977756,1700.0,608.1002453557659,3481.5006715916725,276.6,2
2023,Tarouca,60.0,911.898627596439,996.7853123977756,3000.0,1100.0,3481.5006715916725,441.4,3
2023,Tavira,121.3,525.0,1000.0,861.5,312.5,3481.5006715916725,556.0,2
2023,Terras de Bouro,35.8,911.898627596439,996.7853123977756,2300.0,608.1002453557659,3481.5006715916725,215.4,2
2023,Tomar,192.3,1066.7,516.7,1421.4,1850.0,3481.5006715916725,775.9,3
2023,Torre de Moncorvo,50.4,911.898627596439,1000.0,1160.0324398797595,608.1002453557659,3481.5006715916725,336.8,2
2023,Torres Novas,156.3,911.898627596439,996.7853123977756,1840.0,1133.3,3481.5006715916725,767.8,3
2023,Torres Vedras,449.9,606.3,2080.0,1508.7,558.3,3481.5006715916725,2077.8,3
2023,Trancoso,21.9,911.898627596439,996.7853123977756,2900.0,608.1002453557659,3481.5006715916725,111.3,3
2023,Trofa,175.0,1000.0,2400.0,1722.2,933.3,3481.5006715916725,1012.5,3
2023,Tábua,54.5,911.898627596439,996.7853123977756,3400.0,608.1002453557659,3481.5006715916725,326.4,3
2023,Vagos,81.0,3600.0,2900.0,1485.7,608.1002453557659,3481.5006715916725,395.5,3
2023,Vale de Cambra,58.0,911.898627596439,1050.0,1160.0324398797595,608.1002453557659,3481.5006715916725,376.4,2
2023,Valença,103.9,911.898627596439,996.7853123977756,2166.7,608.1002453557659,3481.5006715916725,406.8,2
2023,Valongo,537.8,1940.0,1714.3,3775.0,693.3,3481.5006715916725,3044.8,3
2023,Valpaços,86.1,911.898627596439,1150.0,1150.0,608.1002453557659,3481.5006715916725,503.6,2
2023,Vendas Novas,56.4,600.0,400.0,1966.7,450.0,3481.5006715916725,233.6,2
2023,Viana do Alentejo,31.8,900.0,996.7853123977756,725.0,350.0,3481.5006715916725,130.3,2
2023,Vidigueira,61.8,800.0,996.7853123977756,200.0,608.1002453557659,3481.5006715916725,244.6,2
2023,Vieira do Minho,73.1,911.898627596439,1900.0,2350.0,608.1002453557659,3481.5006715916725,480.3,3
2023,Vila Flor,36.8,911.898627596439,1100.0,2200.0,608.1002453557659,3481.5006715916725,198.2,2
2023,Vila Franca de Xira,850.1,560.0,953.3,937.3,612.5,3481.5006715916725,3896.8,0
2023,Vila Nova da Barquinha,38.3,911.898627596439,1600.0,1160.0324398797595,608.1002453557659,3481.5006715916725,159.3,2
2023,Vila Nova de Cerveira,48.8,911.898627596439,996.7853123977756,2800.0,608.1002453557659,3481.5006715916725,227.2,3
2023,Vila Nova de Foz Côa,37.3,911.898627596439,996.7853123977756,1160.0324398797595,608.1002453557659,3481.5006715916725,192.6,2
2023,Vila Nova de Gaia,1769.7,1627.8,1365.4,2223.6,546.8,3481.5006715916725,10555.3,0
2023,Vila Nova de Paiva,16.3,911.898627596439,996.7853123977756,1160.0324398797595,608.1002453557659,3481.5006715916725,115.3,2
2023,Vila Nova de Poiares,33.1,911.898627596439,996.7853123977756,3700.0,608.1002453557659,3481.5006715916725,191.8,3
2023,Vila Pouca de Aguiar,66.4,911.898627596439,996.7853123977756,2450.0,608.1002453557659,3481.5006715916725,416.9,3
2023,Vila Real de Santo António,130.3,3300.0,780.0,1140.0,1000.0,3481.5006715916725,571.0,3
2023,Vila Velha de Ródão,9.6,911.898627596439,700.0,800.0,608.1002453557659,3481.5006715916725,61.3,2
2023,Vila Viçosa,27.2,911.898627596439,996.7853123977756,2150.0,608.1002453557659,3481.5006715916725,157.9,2
2023,Vila de Rei,12.8,911.898627596439,996.7853123977756,1400.0,608.1002453557659,3481.5006715916725,68.8,2
2023,Vila do Bispo,36.1,200.0,233.3,1300.0,608.1002453557659,3481.5006715916725,144.1,1
2023,Vila do Conde,373.4,966.7,991.7,3611.1,1057.1,3481.5006715916725,2296.4,3
2023,Vimioso,12.3,911.898627596439,996.7853123977756,1160.0324398797595,608.1002453557659,3481.5006715916725,108.2,2
2023,Vinhais,32.7,911.898627596439,996.7853123977756,950.0,608.1002453557659,3481.5006715916725,235.1,2
2023,Vouzela,36.5,911.898627596439,2300.0,1033.3,1600.0,3481.5006715916725,215.5,3
2023,Évora,301.8,1866.7,1820.0,2225.0,340.0,3481.5006715916725,1264.3,3
2023,Óbidos,26.6,1400.0,1100.0,1333.3,608.1002453557659,3481.5006715916725,208.4,2
