Ano;Território;Total
2009;Abrantes;2164.1
2009;Aguiar da Beira;168.1
2009;Alandroal;240.8
2009;Albergaria-a-Velha;1153.9
2009;Albufeira;2292.0
2009;Alcanena;465.1
2009;Alcobaça;2435.1
2009;Alcochete;578.6
2009;Alcoutim;35.6
2009;Alcácer do Sal;430.1
2009;Alenquer;1900.2
2009;Alfândega da Fé;245.3
2009;Alijó;624.8
2009;Aljezur;130.5
2009;Aljustrel;382.5
2009;Almada;6803.9
2009;Almeida;158.3
2009;Almeirim;1002.4
2009;Almodôvar;482.9
2009;Alpiarça;328.4
2009;Alter do Chão;130.2
2009;Alvaiázere;234.4
2009;Alvito;75.8
2009;Amadora;8530.0
2009;Amarante;3781.1
2009;Amares;914.8
2009;Anadia;1083.9
2009;Ansião;530.4
2009;Arcos de Valdevez;790.9
2009;Arganil;382.3
2009;Armamar;264.9
2009;Arouca;710.0
2009;Arraiolos;237.0
2009;Arronches;101.6
2009;Arruda dos Vinhos;358.3
2009;Aveiro;3651.3
2009;Avis;232.3
2009;Azambuja;980.5
2009;Baião;1759.2
2009;Barcelos;5026.9
2009;Barrancos;90.5
2009;Barreiro;3986.7
2009;Batalha;494.9
2009;Beja;1220.8
2009;Belmonte;356.1
2009;Benavente;1328.0
2009;Bombarral;486.8
2009;Borba;295.3
2009;Boticas;205.0
2009;Braga;9570.1
2009;Bragança;1519.3
2009;Cabeceiras de Basto;1120.1
2009;Cadaval;508.3
2009;Caldas da Rainha;2479.1
2009;Caminha;584.3
2009;Campo Maior;383.2
2009;Cantanhede;1210.9
2009;Carrazeda de Ansiães;236.8
2009;Carregal do Sal;386.0
2009;Cartaxo;939.8
2009;Cascais;7464.1
2009;Castanheira de Pêra;187.0
2009;Castelo Branco;2654.8
2009;Castelo de Paiva;1323.5
2009;Castelo de Vide;112.8
2009;Castro Daire;498.1
2009;Castro Marim;220.8
2009;Castro Verde;302.1
2009;Celorico da Beira;264.4
2009;Celorico de Basto;1349.8
2009;Chamusca;455.2
2009;Chaves;2042.3
2009;Cinfães;1278.3
2009;Coimbra;5703.4
2009;Condeixa-a-Nova;463.0
2009;Constância;168.7
2009;Coruche;1160.3
2009;Covilhã;3395.2
2009;Crato;146.0
2009;Cuba;193.8
2009;Elvas;1205.4
2009;Entroncamento;670.8
2009;Espinho;3060.3
2009;Esposende;1189.3
2009;Estarreja;1314.6
2009;Estremoz;471.2
2009;Fafe;3651.6
2009;Faro;2495.8
2009;Felgueiras;3672.7
2009;Ferreira do Alentejo;346.9
2009;Ferreira do Zêzere;217.9
2009;Figueira da Foz;3111.2
2009;Figueira de Castelo Rodrigo;181.4
2009;Figueiró dos Vinhos;325.3
2009;Fornos de Algodres;237.1
2009;Freixo de Espada à Cinta;208.1
2009;Fronteira;180.6
2009;Fundão;1455.5
2009;Gavião;169.4
2009;Golegã;193.3
2009;Gondomar;10911.5
2009;Gouveia;829.8
2009;Grândola;336.0
2009;Guarda;1804.1
2009;Guimarães;12479.8
2009;Góis;138.0
2009;Idanha-a-Nova;316.0
2009;Lagoa;1124.1
2009;Lagos;1409.3
2009;Lamego;1496.1
2009;Leiria;4222.8
2009;Lisboa;20888.8
2009;Loulé;2773.3
2009;Loures;7309.5
2009;Lourinhã;955.5
2009;Lousada;2487.4
2009;Lousã;755.8
2009;Macedo de Cavaleiros;702.3
2009;Mafra;2339.3
2009;Maia;7850.2
2009;Mangualde;1082.8
2009;Manteigas;204.1
2009;Marco de Canaveses;3365.8
2009;Marinha Grande;1799.8
2009;Marvão;98.8
2009;Matosinhos;8388.8
2009;Mação;140.3
2009;Mealhada;732.8
2009;Melgaço;137.9
2009;Mesão Frio;397.7
2009;Mira;533.3
2009;Miranda do Corvo;421.3
2009;Miranda do Douro;173.7
2009;Mirandela;1182.3
2009;Mogadouro;315.2
2009;Moimenta da Beira;508.8
2009;Moita;3836.8
2009;Monchique;186.8
2009;Mondim de Basto;436.5
2009;Monforte;139.2
2009;Montalegre;283.3
2009;Montemor-o-Novo;521.8
2009;Montemor-o-Velho;990.6
2009;Montijo;2132.6
2009;Monção;580.6
2009;Mora;181.8
2009;Mortágua;227.2
2009;Moura;999.8
2009;Mourão;91.8
2009;Murtosa;414.4
2009;Murça;277.1
2009;Mértola;212.0
2009;Mêda;86.8
2009;Nazaré;764.7
2009;Nelas;812.7
2009;Nisa;225.3
2009;Odemira;1123.5
2009;Odivelas;4662.1
2009;Oeiras;5111.8
2009;Oleiros;91.3
2009;Olhão;2138.1
2009;Oliveira de Azeméis;2753.4
2009;Oliveira de Frades;286.1
2009;Oliveira do Bairro;803.4
2009;Oliveira do Hospital;754.8
2009;Ourique;260.1
2009;Ourém;1272.0
2009;Ovar;3669.4
2009;Palmela;2743.7
2009;Pampilhosa da Serra;88.4
2009;Paredes;5078.6
2009;Paredes de Coura;397.7
2009;Paços de Ferreira;3131.3
2009;Pedrógão Grande;160.9
2009;Penacova;469.1
2009;Penafiel;3303.6
2009;Penalva do Castelo;397.8
2009;Penamacor;139.1
2009;Penedono;92.0
2009;Penela;167.9
2009;Peniche;1494.8
2009;Peso da Régua;1048.6
2009;Pinhel;373.1
2009;Pombal;1533.7
2009;Ponte da Barca;464.1
2009;Ponte de Lima;1687.6
2009;Ponte de Sor;1021.5
2009;Portalegre;1127.3
2009;Portel;362.4
2009;Portimão;3346.9
2009;Porto;14276.6
2009;Porto de Mós;804.8
2009;Proença-a-Nova;218.7
2009;Póvoa de Lanhoso;990.3
2009;Póvoa de Varzim;3878.2
2009;Redondo;343.9
2009;Reguengos de Monsaraz;637.2
2009;Resende;678.7
2009;Ribeira de Pena;425.5
2009;Rio Maior;557.5
2009;Sabrosa;319.9
2009;Sabugal;287.0
2009;Salvaterra de Magos;1481.9
2009;Santa Comba Dão;385.3
2009;Santa Maria da Feira;8319.0
2009;Santa Marta de Penaguião;458.3
2009;Santarém;2016.3
2009;Santiago do Cacém;1230.2
2009;Santo Tirso;6759.3
2009;Sardoal;179.7
2009;Seia;1582.7
2009;Seixal;6699.3
2009;Sernancelhe;186.0
2009;Serpa;742.3
2009;Sertã;555.8
2009;Sesimbra;1603.8
2009;Setúbal;6312.3
2009;Sever do Vouga;444.7
2009;Silves;1572.5
2009;Sines;765.3
2009;Sintra;16295.3
2009;Sobral de Monte Agraço;322.7
2009;Soure;675.8
2009;Sousel;163.0
2009;Sátão;577.5
2009;São Brás de Alportel;233.3
2009;São João da Madeira;1203.8
2009;São João da Pesqueira;287.2
2009;São Pedro do Sul;649.4
2009;Tabuaço;333.8
2009;Tarouca;414.6
2009;Tavira;834.3
2009;Terras de Bouro;377.8
2009;Tomar;1577.9
2009;Tondela;825.5
2009;Torre de Moncorvo;470.3
2009;Torres Novas;1152.5
2009;Torres Vedras;2732.8
2009;Trancoso;197.8
2009;Trofa;3463.2
2009;Tábua;446.9
2009;Vagos;744.8
2009;Vale de Cambra;715.6
2009;Valença;626.8
2009;Valongo;6917.7
2009;Valpaços;710.5
2009;Vendas Novas;398.1
2009;Viana do Alentejo;223.8
2009;Viana do Castelo;3818.6
2009;Vidigueira;246.6
2009;Vieira do Minho;863.3
2009;Vila Flor;333.7
2009;Vila Franca de Xira;5869.9
2009;Vila Nova da Barquinha;234.4
2009;Vila Nova de Cerveira;384.7
2009;Vila Nova de Famalicão;8429.3
2009;Vila Nova de Foz Côa;269.1
2009;Vila Nova de Gaia;23979.7
2009;Vila Nova de Paiva;322.9
2009;Vila Nova de Poiares;257.2
2009;Vila Pouca de Aguiar;626.8
2009;Vila Real;2734.3
2009;Vila Real de Santo António;964.0
2009;Vila Velha de Ródão;76.3
2009;Vila Verde;2026.3
2009;Vila Viçosa;273.3
2009;Vila de Rei;85.3
2009;Vila do Bispo;136.4
2009;Vila do Conde;5055.0
2009;Vimioso;140.5
2009;Vinhais;344.0
2009;Viseu;5060.6
2009;Vizela;1846.4
2009;Vouzela;349.6
2009;Águeda;2084.3
2009;Évora;2539.5
2009;Ílhavo;1790.7
2009;Óbidos;446.9
2010;Abrantes;2160.4
2010;Aguiar da Beira;199.8
2010;Alandroal;315.4
2010;Albergaria-a-Velha;1203.8
2010;Albufeira;2920.2
2010;Alcanena;505.8
2010;Alcobaça;2568.8
2010;Alcochete;665.6
2010;Alcoutim;46.0
2010;Alcácer do Sal;447.7
2010;Alenquer;2036.3
2010;Alfândega da Fé;273.9
2010;Alijó;668.1
2010;Aljezur;205.4
2010;Aljustrel;392.7
2010;Almada;8082.3
2010;Almeida;178.2
2010;Almeirim;1014.7
2010;Almodôvar;504.1
2010;Alpiarça;376.5
2010;Alter do Chão;150.3
2010;Alvaiázere;240.6
2010;Alvito;80.8
2010;Amadora;9645.2
2010;Amarante;4210.1
2010;Amares;1139.9
2010;Anadia;1153.0
2010;Ansião;579.9
2010;Arcos de Valdevez;866.0
2010;Arganil;488.4
2010;Armamar;308.1
2010;Arouca;759.9
2010;Arraiolos;272.0
2010;Arronches;120.1
2010;Arruda dos Vinhos;434.4
2010;Aveiro;4047.2
2010;Avis;261.8
2010;Azambuja;1001.5
2010;Baião;1925.7
2010;Barcelos;5842.8
2010;Barrancos;124.1
2010;Barreiro;4316.3
2010;Batalha;503.6
2010;Beja;1408.8
2010;Belmonte;420.7
2010;Benavente;1511.2
2010;Bombarral;580.0
2010;Borba;346.5
2010;Boticas;282.7
2010;Braga;10525.5
2010;Bragança;1771.7
2010;Cabeceiras de Basto;1386.1
2010;Cadaval;535.3
2010;Caldas da Rainha;2782.1
2010;Caminha;708.2
2010;Campo Maior;415.7
2010;Cantanhede;1300.3
2010;Carrazeda de Ansiães;291.4
2010;Carregal do Sal;406.5
2010;Cartaxo;916.8
2010;Cascais;9062.9
2010;Castanheira de Pêra;179.9
2010;Castelo Branco;2984.8
2010;Castelo de Paiva;1600.3
2010;Castelo de Vide;121.5
2010;Castro Daire;564.1
2010;Castro Marim;269.2
2010;Castro Verde;335.7
2010;Celorico da Beira;292.3
2010;Celorico de Basto;1436.7
2010;Chamusca;461.9
2010;Chaves;2416.8
2010;Cinfães;1470.1
2010;Coimbra;6065.8
2010;Condeixa-a-Nova;532.4
2010;Constância;166.9
2010;Coruche;1163.0
2010;Covilhã;3580.8
2010;Crato;177.6
2010;Cuba;218.0
2010;Elvas;1450.8
2010;Entroncamento;721.8
2010;Espinho;3441.3
2010;Esposende;1390.7
2010;Estarreja;1312.4
2010;Estremoz;550.8
2010;Fafe;3835.3
2010;Faro;3149.4
2010;Felgueiras;3504.8
2010;Ferreira do Alentejo;481.8
2010;Ferreira do Zêzere;218.8
2010;Figueira da Foz;3399.5
2010;Figueira de Castelo Rodrigo;210.3
2010;Figueiró dos Vinhos;374.4
2010;Fornos de Algodres;245.8
2010;Freixo de Espada à Cinta;220.3
2010;Fronteira;194.4
2010;Fundão;1593.5
2010;Gavião;203.7
2010;Golegã;203.6
2010;Gondomar;12036.8
2010;Gouveia;843.7
2010;Grândola;378.7
2010;Guarda;2120.1
2010;Guimarães;12854.7
2010;Góis;128.2
2010;Idanha-a-Nova;385.8
2010;Lagoa;1386.3
2010;Lagos;1790.8
2010;Lamego;1772.0
2010;Leiria;4490.2
2010;Lisboa;23715.9
2010;Loulé;3699.3
2010;Loures;8663.3
2010;Lourinhã;1059.0
2010;Lousada;2806.9
2010;Lousã;762.5
2010;Macedo de Cavaleiros;814.3
2010;Mafra;2583.8
2010;Maia;8468.8
2010;Mangualde;1145.2
2010;Manteigas;212.0
2010;Marco de Canaveses;3993.9
2010;Marinha Grande;1835.8
2010;Marvão;109.8
2010;Matosinhos;9156.3
2010;Mação;130.2
2010;Mealhada;746.8
2010;Melgaço;112.3
2010;Mesão Frio;464.6
2010;Mira;587.8
2010;Miranda do Corvo;481.8
2010;Miranda do Douro;250.4
2010;Mirandela;1507.6
2010;Mogadouro;397.7
2010;Moimenta da Beira;564.3
2010;Moita;4197.8
2010;Monchique;210.3
2010;Mondim de Basto;455.3
2010;Monforte;181.5
2010;Montalegre;368.0
2010;Montemor-o-Novo;525.3
2010;Montemor-o-Velho;1105.8
2010;Montijo;2528.7
2010;Monção;586.8
2010;Mora;170.7
2010;Mortágua;228.9
2010;Moura;1077.7
2010;Mourão;141.3
2010;Murtosa;449.8
2010;Murça;294.8
2010;Mértola;271.6
2010;Mêda;117.1
2010;Nazaré;793.3
2010;Nelas;757.8
2010;Nisa;253.3
2010;Odemira;1287.8
2010;Odivelas;5574.4
2010;Oeiras;6027.8
2010;Oleiros;93.0
2010;Olhão;2548.3
2010;Oliveira de Azeméis;2828.3
2010;Oliveira de Frades;298.0
2010;Oliveira do Bairro;900.2
2010;Oliveira do Hospital;873.1
2010;Ourique;350.3
2010;Ourém;1460.8
2010;Ovar;3806.7
2010;Palmela;2928.3
2010;Pampilhosa da Serra;91.5
2010;Paredes;5719.5
2010;Paredes de Coura;437.3
2010;Paços de Ferreira;3601.8
2010;Pedrógão Grande;183.3
2010;Penacova;526.7
2010;Penafiel;3868.9
2010;Penalva do Castelo;454.9
2010;Penamacor;153.2
2010;Penedono;112.8
2010;Penela;172.5
2010;Peniche;1518.3
2010;Peso da Régua;1143.9
2010;Pinhel;400.8
2010;Pombal;1665.9
2010;Ponte da Barca;567.4
2010;Ponte de Lima;1932.8
2010;Ponte de Sor;1344.7
2010;Portalegre;1243.5
2010;Portel;401.7
2010;Portimão;4035.9
2010;Porto;15460.8
2010;Porto de Mós;869.8
2010;Proença-a-Nova;258.1
2010;Póvoa de Lanhoso;1178.0
2010;Póvoa de Varzim;4313.8
2010;Redondo;404.6
2010;Reguengos de Monsaraz;660.8
2010;Resende;777.0
2010;Ribeira de Pena;398.8
2010;Rio Maior;693.1
2010;Sabrosa;336.8
2010;Sabugal;344.9
2010;Salvaterra de Magos;1581.9
2010;Santa Comba Dão;450.9
2010;Santa Maria da Feira;9609.1
2010;Santa Marta de Penaguião;487.8
2010;Santarém;2220.9
2010;Santiago do Cacém;1109.8
2010;Santo Tirso;7090.0
2010;Sardoal;196.8
2010;Seia;1650.3
2010;Seixal;7362.6
2010;Sernancelhe;218.8
2010;Serpa;909.3
2010;Sertã;584.6
2010;Sesimbra;1832.1
2010;Setúbal;6851.6
2010;Sever do Vouga;474.6
2010;Silves;2017.8
2010;Sines;672.8
2010;Sintra;18592.0
2010;Sobral de Monte Agraço;346.2
2010;Soure;716.2
2010;Sousel;217.2
2010;Sátão;650.7
2010;São Brás de Alportel;316.5
2010;São João da Madeira;1249.3
2010;São João da Pesqueira;280.8
2010;São Pedro do Sul;665.4
2010;Tabuaço;379.9
2010;Tarouca;486.5
2010;Tavira;1146.1
2010;Terras de Bouro;420.3
2010;Tomar;1830.3
2010;Tondela;897.3
2010;Torre de Moncorvo;523.3
2010;Torres Novas;1231.3
2010;Torres Vedras;3072.3
2010;Trancoso;224.9
2010;Trofa;3747.8
2010;Tábua;487.4
2010;Vagos;844.8
2010;Vale de Cambra;774.1
2010;Valença;646.1
2010;Valongo;7751.2
2010;Valpaços;927.2
2010;Vendas Novas;386.3
2010;Viana do Alentejo;213.8
2010;Viana do Castelo;4627.8
2010;Vidigueira;284.1
2010;Vieira do Minho;952.5
2010;Vila Flor;342.8
2010;Vila Franca de Xira;6575.8
2010;Vila Nova da Barquinha;241.2
2010;Vila Nova de Cerveira;370.3
2010;Vila Nova de Famalicão;9099.8
2010;Vila Nova de Foz Côa;288.4
2010;Vila Nova de Gaia;27752.9
2010;Vila Nova de Paiva;358.4
2010;Vila Nova de Poiares;281.8
2010;Vila Pouca de Aguiar;759.3
2010;Vila Real;2882.0
2010;Vila Real de Santo António;1208.0
2010;Vila Velha de Ródão;81.9
2010;Vila Verde;2248.9
2010;Vila Viçosa;357.0
2010;Vila de Rei;101.8
2010;Vila do Bispo;174.8
2010;Vila do Conde;5704.8
2010;Vimioso;178.5
2010;Vinhais;392.9
2010;Viseu;5390.9
2010;Vizela;2011.7
2010;Vouzela;322.7
2010;Águeda;2146.8
2010;Évora;2655.1
2010;Ílhavo;2044.6
2010;Óbidos;497.5
2011;Abrantes;2284.0
2011;Aguiar da Beira;174.8
2011;Alandroal;300.0
2011;Albergaria-a-Velha;1113.5
2011;Albufeira;2829.3
2011;Alcanena;496.8
2011;Alcobaça;2579.6
2011;Alcochete;734.3
2011;Alcoutim;57.4
2011;Alcácer do Sal;408.5
2011;Alenquer;1898.9
2011;Alfândega da Fé;274.0
2011;Alijó;647.7
2011;Aljezur;223.9
2011;Aljustrel;325.5
2011;Almada;8149.0
2011;Almeida;165.8
2011;Almeirim;1100.8
2011;Almodôvar;429.0
2011;Alpiarça;353.8
2011;Alter do Chão;152.7
2011;Alvaiázere;232.0
2011;Alvito;73.5
2011;Amadora;10180.8
2011;Amarante;4274.9
2011;Amares;1118.6
2011;Anadia;1017.7
2011;Ansião;541.7
2011;Arcos de Valdevez;900.5
2011;Arganil;453.1
2011;Armamar;327.1
2011;Arouca;659.3
2011;Arraiolos;258.5
2011;Arronches;110.5
2011;Arruda dos Vinhos;400.1
2011;Aveiro;3803.2
2011;Avis;209.1
2011;Azambuja;916.6
2011;Baião;1823.5
2011;Barcelos;5556.8
2011;Barrancos;140.5
2011;Barreiro;4361.4
2011;Batalha;492.0
2011;Beja;1513.8
2011;Belmonte;412.7
2011;Benavente;1530.8
2011;Bombarral;575.0
2011;Borba;305.1
2011;Boticas;286.3
2011;Braga;10958.9
2011;Bragança;1715.1
2011;Cabeceiras de Basto;1332.1
2011;Cadaval;511.9
2011;Caldas da Rainha;2740.8
2011;Caminha;729.9
2011;Campo Maior;426.4
2011;Cantanhede;1243.8
2011;Carrazeda de Ansiães;293.8
2011;Carregal do Sal;380.3
2011;Cartaxo;1024.4
2011;Cascais;8948.3
2011;Castanheira de Pêra;173.9
2011;Castelo Branco;2679.3
2011;Castelo de Paiva;1426.1
2011;Castelo de Vide;101.8
2011;Castro Daire;556.0
2011;Castro Marim;316.5
2011;Castro Verde;316.2
2011;Celorico da Beira;326.2
2011;Celorico de Basto;1397.9
2011;Chamusca;418.7
2011;Chaves;2565.8
2011;Cinfães;1620.8
2011;Coimbra;6249.1
2011;Condeixa-a-Nova;582.2
2011;Constância;191.0
2011;Coruche;1026.3
2011;Covilhã;3315.5
2011;Crato;178.0
2011;Cuba;217.2
2011;Elvas;1410.7
2011;Entroncamento;731.3
2011;Espinho;3308.5
2011;Esposende;1438.9
2011;Estarreja;1208.3
2011;Estremoz;573.2
2011;Fafe;3772.7
2011;Faro;3412.8
2011;Felgueiras;2847.8
2011;Ferreira do Alentejo;456.7
2011;Ferreira do Zêzere;222.2
2011;Figueira da Foz;3272.8
2011;Figueira de Castelo Rodrigo;192.7
2011;Figueiró dos Vinhos;370.6
2011;Fornos de Algodres;240.7
2011;Freixo de Espada à Cinta;241.1
2011;Fronteira;189.7
2011;Fundão;1537.7
2011;Gavião;204.2
2011;Golegã;196.3
2011;Gondomar;12252.0
2011;Gouveia;801.0
2011;Grândola;338.7
2011;Guarda;2331.6
2011;Guimarães;12222.7
2011;Góis;124.3
2011;Idanha-a-Nova;353.6
2011;Lagoa;1361.8
2011;Lagos;1921.4
2011;Lamego;2101.2
2011;Leiria;4737.2
2011;Lisboa;23486.4
2011;Loulé;3625.8
2011;Loures;9147.3
2011;Lourinhã;993.5
2011;Lousada;2705.5
2011;Lousã;823.9
2011;Macedo de Cavaleiros;817.8
2011;Mafra;2475.8
2011;Maia;8335.4
2011;Mangualde;1035.8
2011;Manteigas;190.9
2011;Marco de Canaveses;3833.3
2011;Marinha Grande;1807.5
2011;Marvão;91.8
2011;Matosinhos;9145.1
2011;Mação;184.8
2011;Mealhada;699.8
2011;Melgaço;165.7
2011;Mesão Frio;434.7
2011;Mira;500.3
2011;Miranda do Corvo;482.9
2011;Miranda do Douro;273.4
2011;Mirandela;1523.0
2011;Mogadouro;376.9
2011;Moimenta da Beira;535.9
2011;Moita;4098.6
2011;Monchique;262.2
2011;Mondim de Basto;438.1
2011;Monforte;181.2
2011;Montalegre;376.8
2011;Montemor-o-Novo;478.3
2011;Montemor-o-Velho;1085.0
2011;Montijo;2652.3
2011;Monção;501.7
2011;Mora;194.9
2011;Mortágua;213.5
2011;Moura;1088.1
2011;Mourão;165.7
2011;Murtosa;402.0
2011;Murça;280.8
2011;Mértola;266.6
2011;Mêda;106.5
2011;Nazaré;828.0
2011;Nelas;610.6
2011;Nisa;270.7
2011;Odemira;1248.7
2011;Odivelas;5923.4
2011;Oeiras;6199.6
2011;Oleiros;85.1
2011;Olhão;2594.3
2011;Oliveira de Azeméis;2543.7
2011;Oliveira de Frades;306.7
2011;Oliveira do Bairro;886.3
2011;Oliveira do Hospital;844.7
2011;Ourique;326.8
2011;Ourém;1405.7
2011;Ovar;3525.3
2011;Palmela;2705.2
2011;Pampilhosa da Serra;120.2
2011;Paredes;5954.8
2011;Paredes de Coura;398.6
2011;Paços de Ferreira;3635.4
2011;Pedrógão Grande;189.9
2011;Penacova;494.2
2011;Penafiel;4112.4
2011;Penalva do Castelo;369.8
2011;Penamacor;144.1
2011;Penedono;95.2
2011;Penela;175.1
2011;Peniche;1459.6
2011;Peso da Régua;1110.1
2011;Pinhel;356.8
2011;Pombal;1636.5
2011;Ponte da Barca;581.7
2011;Ponte de Lima;1969.3
2011;Ponte de Sor;1309.8
2011;Portalegre;1217.6
2011;Portel;347.5
2011;Portimão;3828.7
2011;Porto;15199.0
2011;Porto de Mós;902.1
2011;Proença-a-Nova;244.5
2011;Póvoa de Lanhoso;1090.6
2011;Póvoa de Varzim;3941.2
2011;Redondo;324.8
2011;Reguengos de Monsaraz;554.6
2011;Resende;810.6
2011;Ribeira de Pena;412.1
2011;Rio Maior;760.5
2011;Sabrosa;331.4
2011;Sabugal;318.8
2011;Salvaterra de Magos;1497.8
2011;Santa Comba Dão;406.8
2011;Santa Maria da Feira;8776.5
2011;Santa Marta de Penaguião;466.3
2011;Santarém;2439.3
2011;Santiago do Cacém;969.8
2011;Santo Tirso;6661.8
2011;Sardoal;201.3
2011;Seia;1458.8
2011;Seixal;7287.1
2011;Sernancelhe;219.0
2011;Serpa;920.7
2011;Sertã;622.3
2011;Sesimbra;1983.4
2011;Setúbal;6258.0
2011;Sever do Vouga;479.0
2011;Silves;1796.5
2011;Sines;613.1
2011;Sintra;18408.5
2011;Sobral de Monte Agraço;330.3
2011;Soure;696.8
2011;Sousel;173.9
2011;Sátão;583.3
2011;São Brás de Alportel;370.1
2011;São João da Madeira;1069.7
2011;São João da Pesqueira;297.1
2011;São Pedro do Sul;672.0
2011;Tabuaço;377.3
2011;Tarouca;499.7
2011;Tavira;1200.9
2011;Terras de Bouro;423.0
2011;Tomar;1790.4
2011;Tondela;861.7
2011;Torre de Moncorvo;471.8
2011;Torres Novas;1371.3
2011;Torres Vedras;3050.3
2011;Trancoso;202.5
2011;Trofa;3556.0
2011;Tábua;517.0
2011;Vagos;818.8
2011;Vale de Cambra;672.6
2011;Valença;657.8
2011;Valongo;7708.3
2011;Valpaços;995.3
2011;Vendas Novas;359.8
2011;Viana do Alentejo;215.8
2011;Viana do Castelo;4746.7
2011;Vidigueira;290.3
2011;Vieira do Minho;865.4
2011;Vila Flor;359.4
2011;Vila Franca de Xira;6540.7
2011;Vila Nova da Barquinha;236.1
2011;Vila Nova de Cerveira;321.5
2011;Vila Nova de Famalicão;8558.0
2011;Vila Nova de Foz Côa;288.0
2011;Vila Nova de Gaia;28491.3
2011;Vila Nova de Paiva;301.2
2011;Vila Nova de Poiares;297.4
2011;Vila Pouca de Aguiar;716.4
2011;Vila Real;2788.8
2011;Vila Real de Santo António;1258.6
2011;Vila Velha de Ródão;81.1
2011;Vila Verde;2267.8
2011;Vila Viçosa;343.2
2011;Vila de Rei;80.8
2011;Vila do Bispo;167.3
2011;Vila do Conde;4942.7
2011;Vimioso;165.3
2011;Vinhais;370.0
2011;Viseu;5014.8
2011;Vizela;1731.0
2011;Vouzela;333.3
2011;Águeda;2044.6
2011;Évora;2607.1
2011;Ílhavo;1965.4
2011;Óbidos;479.6
2012;Abrantes;2685.8
2012;Aguiar da Beira;183.9
2012;Alandroal;358.4
2012;Albergaria-a-Velha;1256.4
2012;Albufeira;3334.8
2012;Alcanena;568.8
2012;Alcobaça;2987.0
2012;Alcochete;905.2
2012;Alcoutim;65.1
2012;Alcácer do Sal;600.2
2012;Alenquer;2449.3
2012;Alfândega da Fé;330.1
2012;Alijó;726.9
2012;Aljezur;301.3
2012;Aljustrel;367.6
2012;Almada;9882.6
2012;Almeida;211.0
2012;Almeirim;1509.0
2012;Almodôvar;484.6
2012;Alpiarça;471.3
2012;Alter do Chão;173.8
2012;Alvaiázere;284.6
2012;Alvito;115.4
2012;Amadora;11924.8
2012;Amarante;4833.4
2012;Amares;1440.6
2012;Anadia;1297.8
2012;Ansião;626.1
2012;Arcos de Valdevez;1077.0
2012;Arganil;584.6
2012;Armamar;414.4
2012;Arouca;860.8
2012;Arraiolos;384.6
2012;Arronches;144.3
2012;Arruda dos Vinhos;569.4
2012;Aveiro;4342.1
2012;Avis;223.6
2012;Azambuja;1075.9
2012;Baião;1996.7
2012;Barcelos;6828.8
2012;Barrancos;175.3
2012;Barreiro;4963.5
2012;Batalha;680.8
2012;Beja;2078.2
2012;Belmonte;454.3
2012;Benavente;1978.1
2012;Bombarral;721.3
2012;Borba;436.3
2012;Boticas;304.9
2012;Braga;13954.6
2012;Bragança;2088.0
2012;Cabeceiras de Basto;1405.3
2012;Cadaval;667.8
2012;Caldas da Rainha;3124.9
2012;Caminha;913.8
2012;Campo Maior;515.8
2012;Cantanhede;1628.8
2012;Carrazeda de Ansiães;305.4
2012;Carregal do Sal;477.3
2012;Cartaxo;1358.8
2012;Cascais;10621.6
2012;Castanheira de Pêra;211.9
2012;Castelo Branco;3508.1
2012;Castelo de Paiva;1567.2
2012;Castelo de Vide;126.3
2012;Castro Daire;717.1
2012;Castro Marim;403.8
2012;Castro Verde;398.7
2012;Celorico da Beira;440.7
2012;Celorico de Basto;1583.6
2012;Chamusca;533.3
2012;Chaves;2799.1
2012;Cinfães;1942.7
2012;Coimbra;8171.4
2012;Condeixa-a-Nova;761.3
2012;Constância;227.7
2012;Coruche;1192.9
2012;Covilhã;3696.7
2012;Crato;196.2
2012;Cuba;276.2
2012;Elvas;1668.6
2012;Entroncamento;930.8
2012;Espinho;3348.1
2012;Esposende;1822.8
2012;Estarreja;1448.0
2012;Estremoz;796.3
2012;Fafe;4106.0
2012;Faro;4200.9
2012;Felgueiras;3121.8
2012;Ferreira do Alentejo;594.2
2012;Ferreira do Zêzere;287.3
2012;Figueira da Foz;4088.8
2012;Figueira de Castelo Rodrigo;254.2
2012;Figueiró dos Vinhos;405.8
2012;Fornos de Algodres;278.0
2012;Freixo de Espada à Cinta;264.9
2012;Fronteira;195.8
2012;Fundão;1740.2
2012;Gavião;209.8
2012;Golegã;238.1
2012;Gondomar;15159.7
2012;Gouveia;881.4
2012;Grândola;579.2
2012;Guarda;2771.0
2012;Guimarães;13868.1
2012;Góis;164.9
2012;Idanha-a-Nova;436.0
2012;Lagoa;1591.9
2012;Lagos;2458.3
2012;Lamego;2711.4
2012;Leiria;6178.5
2012;Lisboa;28382.8
2012;Loulé;4436.3
2012;Loures;11196.0
2012;Lourinhã;1331.8
2012;Lousada;3358.2
2012;Lousã;1010.3
2012;Macedo de Cavaleiros;965.5
2012;Mafra;3174.0
2012;Maia;10196.3
2012;Mangualde;1264.8
2012;Manteigas;219.7
2012;Marco de Canaveses;4656.3
2012;Marinha Grande;2137.1
2012;Marvão;124.3
2012;Matosinhos;11853.1
2012;Mação;295.9
2012;Mealhada;971.3
2012;Melgaço;198.9
2012;Mesão Frio;480.9
2012;Mira;597.9
2012;Miranda do Corvo;572.3
2012;Miranda do Douro;325.7
2012;Mirandela;1744.6
2012;Mogadouro;485.8
2012;Moimenta da Beira;679.3
2012;Moita;4626.9
2012;Monchique;315.5
2012;Mondim de Basto;517.0
2012;Monforte;193.2
2012;Montalegre;374.8
2012;Montemor-o-Novo;684.2
2012;Montemor-o-Velho;1492.9
2012;Montijo;3421.8
2012;Monção;620.4
2012;Mora;230.2
2012;Mortágua;301.7
2012;Moura;1346.8
2012;Mourão;209.3
2012;Murtosa;482.7
2012;Murça;322.1
2012;Mértola;338.0
2012;Mêda;134.0
2012;Nazaré;921.3
2012;Nelas;801.8
2012;Nisa;335.4
2012;Odemira;1527.3
2012;Odivelas;7505.1
2012;Oeiras;7659.5
2012;Oleiros;132.6
2012;Olhão;3138.9
2012;Oliveira de Azeméis;3148.9
2012;Oliveira de Frades;449.5
2012;Oliveira do Bairro;1110.3
2012;Oliveira do Hospital;1014.1
2012;Ourique;385.4
2012;Ourém;1775.3
2012;Ovar;4101.2
2012;Palmela;3272.9
2012;Pampilhosa da Serra;127.1
2012;Paredes;7447.9
2012;Paredes de Coura;504.2
2012;Paços de Ferreira;4705.2
2012;Pedrógão Grande;193.8
2012;Penacova;630.7
2012;Penafiel;5297.5
2012;Penalva do Castelo;412.5
2012;Penamacor;178.3
2012;Penedono;139.1
2012;Penela;211.5
2012;Peniche;1634.3
2012;Peso da Régua;1247.0
2012;Pinhel;413.9
2012;Pombal;2037.8
2012;Ponte da Barca;717.9
2012;Ponte de Lima;2335.6
2012;Ponte de Sor;1406.4
2012;Portalegre;1357.0
2012;Portel;434.4
2012;Portimão;4710.8
2012;Porto;18084.0
2012;Porto de Mós;1214.5
2012;Proença-a-Nova;303.5
2012;Póvoa de Lanhoso;1301.2
2012;Póvoa de Varzim;4602.8
2012;Redondo;456.3
2012;Reguengos de Monsaraz;683.1
2012;Resende;957.7
2012;Ribeira de Pena;436.3
2012;Rio Maior;1022.7
2012;Sabrosa;393.5
2012;Sabugal;402.4
2012;Salvaterra de Magos;1709.2
2012;Santa Comba Dão;528.2
2012;Santa Maria da Feira;9788.3
2012;Santa Marta de Penaguião;487.1
2012;Santarém;3207.8
2012;Santiago do Cacém;1588.1
2012;Santo Tirso;7083.7
2012;Sardoal;230.0
2012;Seia;1541.5
2012;Seixal;9312.4
2012;Sernancelhe;277.1
2012;Serpa;1058.4
2012;Sertã;783.3
2012;Sesimbra;2586.0
2012;Setúbal;7251.9
2012;Sever do Vouga;569.8
2012;Silves;2155.4
2012;Sines;1204.5
2012;Sintra;21835.0
2012;Sobral de Monte Agraço;457.2
2012;Soure;848.8
2012;Sousel;236.0
2012;Sátão;646.4
2012;São Brás de Alportel;462.4
2012;São João da Madeira;1351.9
2012;São João da Pesqueira;383.6
2012;São Pedro do Sul;810.3
2012;Tabuaço;519.8
2012;Tarouca;600.3
2012;Tavira;1604.3
2012;Terras de Bouro;466.5
2012;Tomar;2052.1
2012;Tondela;1057.4
2012;Torre de Moncorvo;451.1
2012;Torres Novas;1672.3
2012;Torres Vedras;4138.2
2012;Trancoso;282.9
2012;Trofa;3987.9
2012;Tábua;685.0
2012;Vagos;946.8
2012;Vale de Cambra;852.3
2012;Valença;804.5
2012;Valongo;9063.3
2012;Valpaços;1020.3
2012;Vendas Novas;526.8
2012;Viana do Alentejo;308.7
2012;Viana do Castelo;5421.0
2012;Vidigueira;350.2
2012;Vieira do Minho;926.6
2012;Vila Flor;396.6
2012;Vila Franca de Xira;7898.0
2012;Vila Nova da Barquinha;290.6
2012;Vila Nova de Cerveira;427.2
2012;Vila Nova de Famalicão;10283.5
2012;Vila Nova de Foz Côa;321.1
2012;Vila Nova de Gaia;32193.6
2012;Vila Nova de Paiva;297.8
2012;Vila Nova de Poiares;376.9
2012;Vila Pouca de Aguiar;756.4
2012;Vila Real;3274.3
2012;Vila Real de Santo António;1539.7
2012;Vila Velha de Ródão;114.6
2012;Vila Verde;2949.2
2012;Vila Viçosa;460.0
2012;Vila de Rei;116.7
2012;Vila do Bispo;229.2
2012;Vila do Conde;5821.4
2012;Vimioso;177.2
2012;Vinhais;399.5
2012;Viseu;5799.8
2012;Vizela;2007.9
2012;Vouzela;450.3
2012;Águeda;2581.0
2012;Évora;3431.8
2012;Ílhavo;2300.5
2012;Óbidos;580.4
2013;Abrantes;2649.0
2013;Aguiar da Beira;222.4
2013;Alandroal;338.6
2013;Albergaria-a-Velha;1321.9
2013;Albufeira;3353.4
2013;Alcanena;513.7
2013;Alcobaça;2966.0
2013;Alcochete;1026.4
2013;Alcoutim;83.5
2013;Alcácer do Sal;582.8
2013;Alenquer;2528.4
2013;Alfândega da Fé;319.4
2013;Alijó;777.8
2013;Aljezur;301.0
2013;Aljustrel;438.6
2013;Almada;10317.3
2013;Almeida;261.8
2013;Almeirim;1470.6
2013;Almodôvar;473.4
2013;Alpiarça;456.1
2013;Alter do Chão;214.8
2013;Alvaiázere;315.8
2013;Alvito;135.7
2013;Amadora;12225.3
2013;Amarante;4921.3
2013;Amares;1532.1
2013;Anadia;1406.4
2013;Ansião;686.8
2013;Arcos de Valdevez;1179.8
2013;Arganil;676.1
2013;Armamar;446.0
2013;Arouca;1034.5
2013;Arraiolos;392.3
2013;Arronches;140.3
2013;Arruda dos Vinhos;610.9
2013;Aveiro;4722.8
2013;Avis;271.9
2013;Azambuja;1175.0
2013;Baião;2111.3
2013;Barcelos;6514.9
2013;Barrancos;171.2
2013;Barreiro;5344.1
2013;Batalha;668.9
2013;Beja;2301.6
2013;Belmonte;498.7
2013;Benavente;2102.1
2013;Bombarral;730.0
2013;Borba;474.3
2013;Boticas;331.4
2013;Braga;14454.8
2013;Bragança;2258.7
2013;Cabeceiras de Basto;1488.3
2013;Cadaval;768.8
2013;Caldas da Rainha;3101.1
2013;Calheta [R.A.M.];1342.0
2013;Caminha;963.0
2013;Campo Maior;605.5
2013;Cantanhede;1816.0
2013;Carrazeda de Ansiães;323.0
2013;Carregal do Sal;581.5
2013;Cartaxo;1355.9
2013;Cascais;11941.7
2013;Castanheira de Pêra;205.6
2013;Castelo Branco;3830.0
2013;Castelo de Paiva;1413.2
2013;Castelo de Vide;160.3
2013;Castro Daire;915.4
2013;Castro Marim;445.7
2013;Castro Verde;398.9
2013;Celorico da Beira;484.8
2013;Celorico de Basto;1781.9
2013;Chamusca;516.3
2013;Chaves;2656.5
2013;Cinfães;2144.2
2013;Coimbra;8692.3
2013;Condeixa-a-Nova;822.3
2013;Constância;232.0
2013;Coruche;1162.8
2013;Covilhã;3589.8
2013;Crato;197.2
2013;Cuba;274.8
2013;Câmara de Lobos;1948.0
2013;Elvas;1840.1
2013;Entroncamento;959.4
2013;Espinho;3408.1
2013;Esposende;1820.4
2013;Estarreja;1533.5
2013;Estremoz;868.7
2013;Fafe;4039.2
2013;Faro;4169.7
2013;Felgueiras;2923.6
2013;Ferreira do Alentejo;596.5
2013;Ferreira do Zêzere;305.0
2013;Figueira da Foz;4374.1
2013;Figueira de Castelo Rodrigo;265.6
2013;Figueiró dos Vinhos;444.2
2013;Fornos de Algodres;278.5
2013;Freixo de Espada à Cinta;268.9
2013;Fronteira;222.0
2013;Funchal;27420.0
2013;Fundão;1892.0
2013;Gavião;217.4
2013;Golegã;249.2
2013;Gondomar;16703.3
2013;Gouveia;864.9
2013;Grândola;644.3
2013;Guarda;2770.9
2013;Guimarães;13287.5
2013;Góis;187.2
2013;Idanha-a-Nova;466.1
2013;Lagoa;1651.3
2013;Lagos;2197.1
2013;Lamego;3181.2
2013;Leiria;6642.8
2013;Lisboa;31934.3
2013;Loulé;4629.8
2013;Loures;11562.8
2013;Lourinhã;1435.8
2013;Lousada;3757.9
2013;Lousã;1128.0
2013;Macedo de Cavaleiros;994.9
2013;Machico;2059.0
2013;Mafra;3686.4
2013;Maia;11617.4
2013;Mangualde;1303.6
2013;Manteigas;216.1
2013;Marco de Canaveses;5222.1
2013;Marinha Grande;2131.0
2013;Marvão;153.8
2013;Matosinhos;13237.2
2013;Mação;283.8
2013;Mealhada;1011.3
2013;Melgaço;250.6
2013;Mesão Frio;446.3
2013;Mira;723.9
2013;Miranda do Corvo;669.9
2013;Miranda do Douro;325.2
2013;Mirandela;1881.8
2013;Mogadouro;503.2
2013;Moimenta da Beira;779.3
2013;Moita;4939.8
2013;Monchique;367.5
2013;Mondim de Basto;548.8
2013;Monforte;230.5
2013;Montalegre;439.6
2013;Montemor-o-Novo;795.8
2013;Montemor-o-Velho;1716.3
2013;Montijo;3672.8
2013;Monção;727.2
2013;Mora;254.2
2013;Mortágua;321.1
2013;Moura;1528.6
2013;Mourão;231.2
2013;Murtosa;492.3
2013;Murça;395.5
2013;Mértola;374.5
2013;Mêda;155.1
2013;Nazaré;875.7
2013;Nelas;893.4
2013;Nisa;377.6
2013;Odemira;1488.8
2013;Odivelas;7981.9
2013;Oeiras;8459.5
2013;Oleiros;224.9
2013;Olhão;3117.5
2013;Oliveira de Azeméis;3246.1
2013;Oliveira de Frades;494.1
2013;Oliveira do Bairro;1234.1
2013;Oliveira do Hospital;1127.5
2013;Ourique;321.0
2013;Ourém;1901.5
2013;Ovar;4230.4
2013;Palmela;3396.0
2013;Pampilhosa da Serra;128.3
2013;Paredes;8583.3
2013;Paredes de Coura;613.9
2013;Paços de Ferreira;5482.9
2013;Pedrógão Grande;199.3
2013;Penacova;630.8
2013;Penafiel;6045.0
2013;Penalva do Castelo;435.6
2013;Penamacor;203.7
2013;Penedono;145.4
2013;Penela;276.1
2013;Peniche;1682.3
2013;Peso da Régua;1428.1
2013;Pinhel;390.8
2013;Pombal;2367.7
2013;Ponta do Sol;592.0
2013;Ponte da Barca;798.5
2013;Ponte de Lima;2443.8
2013;Ponte de Sor;1271.7
2013;Portalegre;1484.8
2013;Portel;463.8
2013;Portimão;4915.4
2013;Porto;21335.0
2013;Porto Moniz;214.0
2013;Porto Santo;805.0
2013;Porto de Mós;1263.1
2013;Proença-a-Nova;361.2
2013;Póvoa de Lanhoso;1467.9
2013;Póvoa de Varzim;4429.3
2013;Redondo;483.8
2013;Reguengos de Monsaraz;826.6
2013;Resende;1085.7
2013;Ribeira Brava;1260.0
2013;Ribeira de Pena;489.1
2013;Rio Maior;1069.2
2013;Sabrosa;426.2
2013;Sabugal;444.6
2013;Salvaterra de Magos;1680.5
2013;Santa Comba Dão;601.6
2013;Santa Cruz;4696.0
2013;Santa Maria da Feira;9783.7
2013;Santa Marta de Penaguião;508.2
2013;Santana;456.0
2013;Santarém;3364.1
2013;Santiago do Cacém;1658.8
2013;Santo Tirso;7025.3
2013;Sardoal;253.4
2013;Seia;1482.8
2013;Seixal;10116.1
2013;Sernancelhe;326.8
2013;Serpa;1182.2
2013;Sertã;897.3
2013;Sesimbra;2818.0
2013;Setúbal;8027.9
2013;Sever do Vouga;608.5
2013;Silves;2077.3
2013;Sines;1274.9
2013;Sintra;22388.3
2013;Sobral de Monte Agraço;531.4
2013;Soure;911.4
2013;Sousel;263.8
2013;Sátão;690.5
2013;São Brás de Alportel;523.5
2013;São João da Madeira;1430.5
2013;São João da Pesqueira;396.4
2013;São Pedro do Sul;881.8
2013;São Vicente;425.0
2013;Tabuaço;570.1
2013;Tarouca;648.0
2013;Tavira;1556.7
2013;Terras de Bouro;499.8
2013;Tomar;2038.5
2013;Tondela;1149.2
2013;Torre de Moncorvo;500.8
2013;Torres Novas;1658.8
2013;Torres Vedras;4587.8
2013;Trancoso;355.2
2013;Trofa;4042.3
2013;Tábua;723.7
2013;Vagos;1026.5
2013;Vale de Cambra;864.8
2013;Valença;878.8
2013;Valongo;9294.1
2013;Valpaços;980.7
2013;Vendas Novas;514.2
2013;Viana do Alentejo;305.9
2013;Viana do Castelo;5607.8
2013;Vidigueira;391.8
2013;Vieira do Minho;973.7
2013;Vila Flor;422.3
2013;Vila Franca de Xira;7575.0
2013;Vila Nova da Barquinha;307.7
2013;Vila Nova de Cerveira;431.6
2013;Vila Nova de Famalicão;10391.7
2013;Vila Nova de Foz Côa;340.8
2013;Vila Nova de Gaia;33342.4
2013;Vila Nova de Paiva;333.6
2013;Vila Nova de Poiares;439.9
2013;Vila Pouca de Aguiar;784.9
2013;Vila Real;3719.7
2013;Vila Real de Santo António;1645.5
2013;Vila Velha de Ródão;127.5
2013;Vila Verde;2964.0
2013;Vila Viçosa;442.0
2013;Vila de Rei;109.2
2013;Vila do Bispo;246.3
2013;Vila do Conde;5740.8
2013;Vimioso;188.6
2013;Vinhais;455.8
2013;Viseu;6187.1
2013;Vizela;1808.0
2013;Vouzela;515.5
2013;Águeda;2719.2
2013;Évora;3838.9
2013;Ílhavo;2428.4
2013;Óbidos;624.2
2014;Abrantes;2340.3
2014;Aguiar da Beira;230.3
2014;Alandroal;303.4
2014;Albergaria-a-Velha;1173.8
2014;Albufeira;2697.9
2014;Alcanena;434.7
2014;Alcobaça;2347.8
2014;Alcochete;912.2
2014;Alcoutim;75.0
2014;Alcácer do Sal;517.3
2014;Alenquer;1941.7
2014;Alfândega da Fé;337.7
2014;Alijó;686.4
2014;Aljezur;262.7
2014;Aljustrel;391.4
2014;Almada;9559.5
2014;Almeida;214.9
2014;Almeirim;1263.5
2014;Almodôvar;377.0
2014;Alpiarça;410.4
2014;Alter do Chão;187.5
2014;Alvaiázere;329.8
2014;Alvito;117.1
2014;Amadora;10725.6
2014;Amarante;4469.1
2014;Amares;1393.3
2014;Anadia;1160.4
2014;Ansião;667.8
2014;Arcos de Valdevez;963.3
2014;Arganil;610.6
2014;Armamar;407.7
2014;Arouca;827.4
2014;Arraiolos;376.7
2014;Arronches;133.6
2014;Arruda dos Vinhos;515.5
2014;Aveiro;4191.8
2014;Avis;225.5
2014;Azambuja;936.1
2014;Baião;1989.6
2014;Barcelos;5642.0
2014;Barrancos;133.0
2014;Barreiro;5073.0
2014;Batalha;573.3
2014;Beja;1915.0
2014;Belmonte;495.3
2014;Benavente;1762.5
2014;Bombarral;563.5
2014;Borba;396.3
2014;Boticas;315.8
2014;Braga;13443.9
2014;Bragança;1754.3
2014;Cabeceiras de Basto;1407.5
2014;Cadaval;596.1
2014;Caldas da Rainha;2436.8
2014;Calheta [R.A.M.];1322.0
2014;Caminha;906.0
2014;Campo Maior;510.0
2014;Cantanhede;1616.8
2014;Carrazeda de Ansiães;328.9
2014;Carregal do Sal;564.8
2014;Cartaxo;1103.8
2014;Cascais;11030.8
2014;Castanheira de Pêra;220.2
2014;Castelo Branco;3263.5
2014;Castelo de Paiva;1309.8
2014;Castelo de Vide;154.2
2014;Castro Daire;935.8
2014;Castro Marim;347.0
2014;Castro Verde;315.4
2014;Celorico da Beira;446.4
2014;Celorico de Basto;1580.8
2014;Chamusca;425.2
2014;Chaves;2555.3
2014;Cinfães;2315.5
2014;Coimbra;7797.9
2014;Condeixa-a-Nova;726.4
2014;Constância;232.3
2014;Coruche;944.1
2014;Covilhã;3189.2
2014;Crato;177.0
2014;Cuba;253.7
2014;Câmara de Lobos;2037.0
2014;Elvas;1779.1
2014;Entroncamento;859.3
2014;Espinho;3107.8
2014;Esposende;1578.8
2014;Estarreja;1448.3
2014;Estremoz;767.5
2014;Fafe;3461.2
2014;Faro;3393.1
2014;Felgueiras;2446.5
2014;Ferreira do Alentejo;487.8
2014;Ferreira do Zêzere;250.4
2014;Figueira da Foz;3973.4
2014;Figueira de Castelo Rodrigo;268.2
2014;Figueiró dos Vinhos;411.4
2014;Fornos de Algodres;217.3
2014;Freixo de Espada à Cinta;276.8
2014;Fronteira;187.0
2014;Funchal;27124.0
2014;Fundão;1621.9
2014;Gavião;195.5
2014;Golegã;217.8
2014;Gondomar;15647.8
2014;Gouveia;720.3
2014;Grândola;558.8
2014;Guarda;2412.1
2014;Guimarães;11277.7
2014;Góis;184.5
2014;Idanha-a-Nova;437.3
2014;Lagoa;1527.7
2014;Lagos;1726.5
2014;Lamego;2930.0
2014;Leiria;5696.1
2014;Lisboa;31190.8
2014;Loulé;3962.1
2014;Loures;10563.5
2014;Lourinhã;1226.6
2014;Lousada;3467.2
2014;Lousã;948.3
2014;Macedo de Cavaleiros;910.1
2014;Machico;2082.0
2014;Mafra;3254.3
2014;Maia;11091.4
2014;Mangualde;1153.3
2014;Manteigas;197.8
2014;Marco de Canaveses;5030.6
2014;Marinha Grande;1966.8
2014;Marvão;128.7
2014;Matosinhos;13093.6
2014;Mação;268.8
2014;Mealhada;831.9
2014;Melgaço;195.7
2014;Mesão Frio;415.2
2014;Mira;653.3
2014;Miranda do Corvo;588.0
2014;Miranda do Douro;248.4
2014;Mirandela;1725.5
2014;Mogadouro;529.9
2014;Moimenta da Beira;701.9
2014;Moita;4848.8
2014;Monchique;320.7
2014;Mondim de Basto;560.3
2014;Monforte;214.0
2014;Montalegre;423.3
2014;Montemor-o-Novo;717.7
2014;Montemor-o-Velho;1509.1
2014;Montijo;3253.8
2014;Monção;662.9
2014;Mora;210.1
2014;Mortágua;335.6
2014;Moura;1389.9
2014;Mourão;279.4
2014;Murtosa;442.3
2014;Murça;382.8
2014;Mértola;371.3
2014;Mêda;124.0
2014;Nazaré;712.5
2014;Nelas;855.8
2014;Nisa;335.7
2014;Odemira;1250.2
2014;Odivelas;7498.0
2014;Oeiras;7497.7
2014;Oleiros;222.6
2014;Olhão;2532.1
2014;Oliveira de Azeméis;2686.9
2014;Oliveira de Frades;434.3
2014;Oliveira do Bairro;1017.3
2014;Oliveira do Hospital;1094.8
2014;Ourique;248.0
2014;Ourém;1675.4
2014;Ovar;3919.6
2014;Palmela;2926.2
2014;Pampilhosa da Serra;113.0
2014;Paredes;7803.0
2014;Paredes de Coura;479.5
2014;Paços de Ferreira;5113.2
2014;Pedrógão Grande;212.3
2014;Penacova;592.2
2014;Penafiel;5611.6
2014;Penalva do Castelo;444.1
2014;Penamacor;237.9
2014;Penedono;144.2
2014;Penela;251.4
2014;Peniche;1432.9
2014;Peso da Régua;1454.3
2014;Pinhel;301.9
2014;Pombal;2056.2
2014;Ponta do Sol;553.0
2014;Ponte da Barca;671.0
2014;Ponte de Lima;2094.7
2014;Ponte de Sor;997.4
2014;Portalegre;1232.0
2014;Portel;373.7
2014;Portimão;4312.1
2014;Porto;21192.8
2014;Porto Moniz;221.0
2014;Porto Santo;904.0
2014;Porto de Mós;1057.7
2014;Proença-a-Nova;319.9
2014;Póvoa de Lanhoso;1422.3
2014;Póvoa de Varzim;3965.2
2014;Redondo;403.7
2014;Reguengos de Monsaraz;702.6
2014;Resende;1018.4
2014;Ribeira Brava;1500.0
2014;Ribeira de Pena;505.2
2014;Rio Maior;805.8
2014;Sabrosa;402.3
2014;Sabugal;392.3
2014;Salvaterra de Magos;1251.8
2014;Santa Comba Dão;561.3
2014;Santa Cruz;4648.0
2014;Santa Maria da Feira;8725.6
2014;Santa Marta de Penaguião;541.7
2014;Santana;459.0
2014;Santarém;2765.3
2014;Santiago do Cacém;1562.5
2014;Santo Tirso;5893.3
2014;Sardoal;217.5
2014;Seia;1228.2
2014;Seixal;8637.9
2014;Sernancelhe;296.8
2014;Serpa;1032.2
2014;Sertã;811.7
2014;Sesimbra;2237.3
2014;Setúbal;7149.6
2014;Sever do Vouga;522.2
2014;Silves;1686.3
2014;Sines;1145.9
2014;Sintra;19252.7
2014;Sobral de Monte Agraço;423.7
2014;Soure;820.9
2014;Sousel;220.5
2014;Sátão;681.1
2014;São Brás de Alportel;442.8
2014;São João da Madeira;1324.8
2014;São João da Pesqueira;377.1
2014;São Pedro do Sul;831.5
2014;São Vicente;404.0
2014;Tabuaço;552.8
2014;Tarouca;655.4
2014;Tavira;1175.6
2014;Terras de Bouro;497.4
2014;Tomar;1801.7
2014;Tondela;992.7
2014;Torre de Moncorvo;498.6
2014;Torres Novas;1455.3
2014;Torres Vedras;3940.1
2014;Trancoso;302.7
2014;Trofa;3339.3
2014;Tábua;614.4
2014;Vagos;862.3
2014;Vale de Cambra;784.3
2014;Valença;775.9
2014;Valongo;8680.8
2014;Valpaços;925.0
2014;Vendas Novas;415.4
2014;Viana do Alentejo;297.6
2014;Viana do Castelo;5108.9
2014;Vidigueira;382.0
2014;Vieira do Minho;1074.9
2014;Vila Flor;411.8
2014;Vila Franca de Xira;6658.2
2014;Vila Nova da Barquinha;288.8
2014;Vila Nova de Cerveira;373.2
2014;Vila Nova de Famalicão;8804.0
2014;Vila Nova de Foz Côa;323.2
2014;Vila Nova de Gaia;30354.3
2014;Vila Nova de Paiva;320.3
2014;Vila Nova de Poiares;401.2
2014;Vila Pouca de Aguiar;765.2
2014;Vila Real;3531.1
2014;Vila Real de Santo António;1415.3
2014;Vila Velha de Ródão;114.8
2014;Vila Verde;2754.2
2014;Vila Viçosa;415.3
2014;Vila de Rei;107.8
2014;Vila do Bispo;203.5
2014;Vila do Conde;4892.8
2014;Vimioso;182.8
2014;Vinhais;478.7
2014;Viseu;5791.2
2014;Vizela;1476.8
2014;Vouzela;512.1
2014;Águeda;2227.4
2014;Évora;3464.7
2014;Ílhavo;2088.5
2014;Óbidos;489.3
2015;Abrantes;2038.6
2015;Aguiar da Beira;201.5
2015;Alandroal;278.3
2015;Albergaria-a-Velha;1031.2
2015;Albufeira;2447.6
2015;Alcanena;396.3
2015;Alcobaça;1883.9
2015;Alcochete;841.7
2015;Alcoutim;64.2
2015;Alcácer do Sal;405.8
2015;Alenquer;1483.4
2015;Alfândega da Fé;413.8
2015;Alijó;631.5
2015;Aljezur;218.6
2015;Aljustrel;353.8
2015;Almada;8429.4
2015;Almeida;176.1
2015;Almeirim;1093.8
2015;Almodôvar;321.6
2015;Alpiarça;357.7
2015;Alter do Chão;188.2
2015;Alvaiázere;301.9
2015;Alvito;121.7
2015;Amadora;8841.1
2015;Amarante;3841.7
2015;Amares;1199.9
2015;Anadia;1065.7
2015;Angra do Heroísmo;4551.0
2015;Ansião;614.4
2015;Arcos de Valdevez;876.0
2015;Arganil;492.8
2015;Armamar;362.9
2015;Arouca;719.5
2015;Arraiolos;336.8
2015;Arronches;140.3
2015;Arruda dos Vinhos;417.7
2015;Aveiro;3774.0
2015;Avis;232.5
2015;Azambuja;675.3
2015;Baião;1883.0
2015;Barcelos;4608.5
2015;Barrancos;153.4
2015;Barreiro;4672.9
2015;Batalha;480.0
2015;Beja;1771.8
2015;Belmonte;415.1
2015;Benavente;1645.3
2015;Bombarral;474.8
2015;Borba;374.7
2015;Boticas;267.9
2015;Braga;11367.4
2015;Bragança;1601.5
2015;Cabeceiras de Basto;1310.5
2015;Cadaval;505.8
2015;Caldas da Rainha;2134.3
2015;Calheta [R.A.A.];390.0
2015;Calheta [R.A.M.];1355.0
2015;Caminha;731.8
2015;Campo Maior;491.4
2015;Cantanhede;1322.1
2015;Carrazeda de Ansiães;309.5
2015;Carregal do Sal;447.7
2015;Cartaxo;866.5
2015;Cascais;9727.3
2015;Castanheira de Pêra;197.3
2015;Castelo Branco;2739.1
2015;Castelo de Paiva;1178.7
2015;Castelo de Vide;143.5
2015;Castro Daire;832.7
2015;Castro Marim;320.0
2015;Castro Verde;277.6
2015;Celorico da Beira;410.5
2015;Celorico de Basto;1257.6
2015;Chamusca;333.1
2015;Chaves;2318.1
2015;Cinfães;1853.3
2015;Coimbra;6855.7
2015;Condeixa-a-Nova;622.0
2015;Constância;192.2
2015;Coruche;855.1
2015;Corvo;57.0
2015;Covilhã;3010.9
2015;Crato;189.1
2015;Cuba;238.9
2015;Câmara de Lobos;2066.0
2015;Elvas;1695.1
2015;Entroncamento;790.8
2015;Espinho;2749.6
2015;Esposende;1357.3
2015;Estarreja;1177.0
2015;Estremoz;700.4
2015;Fafe;3191.6
2015;Faro;2927.3
2015;Felgueiras;2188.1
2015;Ferreira do Alentejo;467.1
2015;Ferreira do Zêzere;206.6
2015;Figueira da Foz;3324.1
2015;Figueira de Castelo Rodrigo;239.2
2015;Figueiró dos Vinhos;367.5
2015;Fornos de Algodres;189.8
2015;Freixo de Espada à Cinta;247.8
2015;Fronteira;182.3
2015;Funchal;27294.0
2015;Fundão;1552.4
2015;Gavião;197.8
2015;Golegã;190.8
2015;Gondomar;13601.1
2015;Gouveia;569.2
2015;Grândola;466.1
2015;Guarda;2003.3
2015;Guimarães;10220.7
2015;Góis;174.7
2015;Horta;1997.0
2015;Idanha-a-Nova;434.8
2015;Lagoa;1346.5
2015;Lagoa [R.A.A.];1523.0
2015;Lagos;1456.3
2015;Lajes das Flores;96.0
2015;Lajes do Pico;344.0
2015;Lamego;2502.2
2015;Leiria;4671.0
2015;Lisboa;27305.6
2015;Loulé;3251.3
2015;Loures;9702.2
2015;Lourinhã;977.8
2015;Lousada;2814.7
2015;Lousã;812.8
2015;Macedo de Cavaleiros;861.6
2015;Machico;2141.0
2015;Madalena;923.0
2015;Mafra;2741.8
2015;Maia;9393.7
2015;Mangualde;1040.5
2015;Manteigas;229.8
2015;Marco de Canaveses;4344.7
2015;Marinha Grande;1727.5
2015;Marvão;115.5
2015;Matosinhos;11735.8
2015;Mação;234.8
2015;Mealhada;707.8
2015;Melgaço;186.0
2015;Mesão Frio;440.8
2015;Mira;582.5
2015;Miranda do Corvo;508.1
2015;Miranda do Douro;243.7
2015;Mirandela;1630.3
2015;Mogadouro;464.3
2015;Moimenta da Beira;666.3
2015;Moita;4435.4
2015;Monchique;286.7
2015;Mondim de Basto;538.4
2015;Monforte;206.9
2015;Montalegre;428.5
2015;Montemor-o-Novo;619.3
2015;Montemor-o-Velho;1238.8
2015;Montijo;2975.8
2015;Monção;588.1
2015;Mora;191.0
2015;Mortágua;270.6
2015;Moura;1370.7
2015;Mourão;242.1
2015;Murtosa;387.4
2015;Murça;368.0
2015;Mértola;378.4
2015;Mêda;110.1
2015;Nazaré;572.5
2015;Nelas;642.6
2015;Nisa;264.5
2015;Nordeste;328.0
2015;Odemira;1102.3
2015;Odivelas;6859.4
2015;Oeiras;6472.1
2015;Oleiros;167.3
2015;Olhão;2145.0
2015;Oliveira de Azeméis;2262.6
2015;Oliveira de Frades;367.7
2015;Oliveira do Bairro;830.3
2015;Oliveira do Hospital;1015.8
2015;Ourique;251.7
2015;Ourém;1343.4
2015;Ovar;3366.1
2015;Palmela;2540.1
2015;Pampilhosa da Serra;130.8
2015;Paredes;6833.8
2015;Paredes de Coura;388.4
2015;Paços de Ferreira;3897.5
2015;Pedrógão Grande;185.3
2015;Penacova;508.4
2015;Penafiel;4919.4
2015;Penalva do Castelo;395.0
2015;Penamacor;204.7
2015;Penedono;139.7
2015;Penela;210.1
2015;Peniche;1228.1
2015;Peso da Régua;1401.3
2015;Pinhel;286.4
2015;Pombal;1853.2
2015;Ponta Delgada;12476.0
2015;Ponta do Sol;557.0
2015;Ponte da Barca;579.3
2015;Ponte de Lima;1815.2
2015;Ponte de Sor;921.8
2015;Portalegre;1033.8
2015;Portel;308.3
2015;Portimão;3728.9
2015;Porto;19162.9
2015;Porto Moniz;219.0
2015;Porto Santo;989.0
2015;Porto de Mós;914.8
2015;Povoação;569.0
2015;Proença-a-Nova;246.8
2015;Póvoa de Lanhoso;1317.7
2015;Póvoa de Varzim;3611.1
2015;Redondo;343.2
2015;Reguengos de Monsaraz;653.8
2015;Resende;958.8
2015;Ribeira Brava;1328.0
2015;Ribeira Grande;4032.0
2015;Ribeira de Pena;482.8
2015;Rio Maior;650.8
2015;Sabrosa;417.9
2015;Sabugal;366.7
2015;Salvaterra de Magos;1180.3
2015;Santa Comba Dão;514.4
2015;Santa Cruz;4928.0
2015;Santa Cruz da Graciosa;475.0
2015;Santa Cruz das Flores;286.0
2015;Santa Maria da Feira;7716.6
2015;Santa Marta de Penaguião;520.5
2015;Santana;458.0
2015;Santarém;2394.9
2015;Santiago do Cacém;1244.2
2015;Santo Tirso;4896.6
2015;Sardoal;191.4
2015;Seia;1054.3
2015;Seixal;7351.8
2015;Sernancelhe;260.5
2015;Serpa;958.1
2015;Sertã;650.2
2015;Sesimbra;1920.3
2015;Setúbal;6334.7
2015;Sever do Vouga;490.4
2015;Silves;1448.8
2015;Sines;1056.3
2015;Sintra;16478.7
2015;Sobral de Monte Agraço;344.3
2015;Soure;700.5
2015;Sousel;199.6
2015;Sátão;661.3
2015;São Brás de Alportel;402.4
2015;São João da Madeira;1059.9
2015;São João da Pesqueira;335.0
2015;São Pedro do Sul;754.5
2015;São Roque do Pico;387.0
2015;São Vicente;420.0
2015;Tabuaço;486.4
2015;Tarouca;605.1
2015;Tavira;919.2
2015;Terras de Bouro;473.2
2015;Tomar;1475.5
2015;Tondela;869.3
2015;Torre de Moncorvo;476.7
2015;Torres Novas;1319.8
2015;Torres Vedras;3315.5
2015;Trancoso;281.8
2015;Trofa;2748.4
2015;Tábua;557.2
2015;Vagos;700.8
2015;Vale de Cambra;671.8
2015;Valença;647.3
2015;Valongo;7586.6
2015;Valpaços;793.8
2015;Velas;664.0
2015;Vendas Novas;397.6
2015;Viana do Alentejo;260.7
2015;Viana do Castelo;4297.5
2015;Vidigueira;378.3
2015;Vieira do Minho;980.3
2015;Vila Flor;415.0
2015;Vila Franca de Xira;5588.8
2015;Vila Franca do Campo;769.0
2015;Vila Nova da Barquinha;276.2
2015;Vila Nova de Cerveira;308.0
2015;Vila Nova de Famalicão;7039.4
2015;Vila Nova de Foz Côa;311.2
2015;Vila Nova de Gaia;26666.4
2015;Vila Nova de Paiva;273.5
2015;Vila Nova de Poiares;347.8
2015;Vila Pouca de Aguiar;724.2
2015;Vila Real;3213.0
2015;Vila Real de Santo António;1144.3
2015;Vila Velha de Ródão;85.3
2015;Vila Verde;2381.1
2015;Vila Viçosa;379.8
2015;Vila da Praia da Vitória;2076.0
2015;Vila de Rei;102.6
2015;Vila do Bispo;178.4
2015;Vila do Conde;4230.7
2015;Vila do Porto;770.0
2015;Vimioso;192.3
2015;Vinhais;455.1
2015;Viseu;5222.3
2015;Vizela;1255.2
2015;Vouzela;400.6
2015;Águeda;1971.0
2015;Évora;2853.8
2015;Ílhavo;1809.7
2015;Óbidos;446.1
2016;Abrantes;1867.1
2016;Aguiar da Beira;180.3
2016;Alandroal;278.2
2016;Albergaria-a-Velha;895.6
2016;Albufeira;2196.4
2016;Alcanena;402.7
2016;Alcobaça;1768.8
2016;Alcochete;766.5
2016;Alcoutim;72.6
2016;Alcácer do Sal;384.8
2016;Alenquer;1406.8
2016;Alfândega da Fé;354.3
2016;Alijó;633.8
2016;Aljezur;180.8
2016;Aljustrel;405.7
2016;Almada;8163.3
2016;Almeida;180.4
2016;Almeirim;966.0
2016;Almodôvar;328.8
2016;Alpiarça;285.9
2016;Alter do Chão;181.9
2016;Alvaiázere;265.0
2016;Alvito;125.3
2016;Amadora;8062.6
2016;Amarante;3552.7
2016;Amares;1005.8
2016;Anadia;904.0
2016;Angra do Heroísmo;5399.0
2016;Ansião;517.2
2016;Arcos de Valdevez;787.3
2016;Arganil;460.8
2016;Armamar;386.8
2016;Arouca;692.1
2016;Arraiolos;293.9
2016;Arronches;127.0
2016;Arruda dos Vinhos;384.1
2016;Aveiro;3538.2
2016;Avis;224.3
2016;Azambuja;677.3
2016;Baião;1683.6
2016;Barcelos;3904.1
2016;Barrancos;205.8
2016;Barreiro;4380.8
2016;Batalha;441.0
2016;Beja;1794.1
2016;Belmonte;403.9
2016;Benavente;1480.3
2016;Bombarral;448.3
2016;Borba;361.2
2016;Boticas;262.2
2016;Braga;9999.2
2016;Bragança;1616.5
2016;Cabeceiras de Basto;1137.7
2016;Cadaval;515.3
2016;Caldas da Rainha;1929.0
2016;Calheta [R.A.A.];383.0
2016;Calheta [R.A.M.];1528.0
2016;Caminha;646.3
2016;Campo Maior;506.4
2016;Cantanhede;1288.0
2016;Carrazeda de Ansiães;319.5
2016;Carregal do Sal;375.5
2016;Cartaxo;837.7
2016;Cascais;9259.2
2016;Castanheira de Pêra;174.3
2016;Castelo Branco;2409.4
2016;Castelo de Paiva;1141.8
2016;Castelo de Vide;132.2
2016;Castro Daire;786.5
2016;Castro Marim;308.8
2016;Castro Verde;298.8
2016;Celorico da Beira;349.3
2016;Celorico de Basto;1101.8
2016;Chamusca;314.8
2016;Chaves;2333.0
2016;Cinfães;1816.3
2016;Coimbra;6817.3
2016;Condeixa-a-Nova;578.8
2016;Constância;174.9
2016;Coruche;787.1
2016;Corvo;56.0
2016;Covilhã;2838.8
2016;Crato;179.3
2016;Cuba;231.9
2016;Câmara de Lobos;2167.0
2016;Elvas;1833.0
2016;Entroncamento;762.4
2016;Espinho;2636.5
2016;Esposende;1255.1
2016;Estarreja;1130.7
2016;Estremoz;627.6
2016;Fafe;2792.8
2016;Faro;2634.4
2016;Felgueiras;2148.7
2016;Ferreira do Alentejo;390.0
2016;Ferreira do Zêzere;206.6
2016;Figueira da Foz;3242.8
2016;Figueira de Castelo Rodrigo;270.8
2016;Figueiró dos Vinhos;337.8
2016;Fornos de Algodres;210.1
2016;Freixo de Espada à Cinta;228.1
2016;Fronteira;182.0
2016;Funchal;28206.0
2016;Fundão;1507.8
2016;Gavião;184.7
2016;Golegã;176.9
2016;Gondomar;12610.3
2016;Gouveia;584.3
2016;Grândola;505.4
2016;Guarda;1891.8
2016;Guimarães;8958.0
2016;Góis;167.6
2016;Horta;2260.0
2016;Idanha-a-Nova;435.9
2016;Lagoa;1135.8
2016;Lagoa [R.A.A.];1554.0
2016;Lagos;1278.8
2016;Lajes das Flores;100.0
2016;Lajes do Pico;341.0
2016;Lamego;2532.2
2016;Leiria;4124.7
2016;Lisboa;26881.7
2016;Loulé;2698.1
2016;Loures;8787.9
2016;Lourinhã;870.1
2016;Lousada;2409.3
2016;Lousã;771.0
2016;Macedo de Cavaleiros;815.5
2016;Machico;2113.0
2016;Madalena;1005.0
2016;Mafra;2488.9
2016;Maia;8192.4
2016;Mangualde;941.3
2016;Manteigas;165.3
2016;Marco de Canaveses;3937.4
2016;Marinha Grande;1444.3
2016;Marvão;109.3
2016;Matosinhos;10523.0
2016;Mação;227.2
2016;Mealhada;646.7
2016;Melgaço;196.8
2016;Mesão Frio;384.8
2016;Mira;524.8
2016;Miranda do Corvo;437.1
2016;Miranda do Douro;257.5
2016;Mirandela;1584.1
2016;Mogadouro;517.2
2016;Moimenta da Beira;692.8
2016;Moita;4116.2
2016;Monchique;262.5
2016;Mondim de Basto;477.8
2016;Monforte;232.7
2016;Montalegre;426.9
2016;Montemor-o-Novo;545.9
2016;Montemor-o-Velho;1228.8
2016;Montijo;2825.7
2016;Monção;506.6
2016;Mora;157.0
2016;Mortágua;247.9
2016;Moura;1308.3
2016;Mourão;241.3
2016;Murtosa;340.2
2016;Murça;385.8
2016;Mértola;379.4
2016;Mêda;113.8
2016;Nazaré;551.7
2016;Nelas;539.9
2016;Nisa;262.4
2016;Nordeste;324.0
2016;Odemira;1060.7
2016;Odivelas;6216.8
2016;Oeiras;6265.0
2016;Oleiros;137.8
2016;Olhão;1865.4
2016;Oliveira de Azeméis;2013.5
2016;Oliveira de Frades;362.3
2016;Oliveira do Bairro;745.7
2016;Oliveira do Hospital;840.4
2016;Ourique;257.6
2016;Ourém;1202.2
2016;Ovar;2903.3
2016;Palmela;2456.1
2016;Pampilhosa da Serra;126.0
2016;Paredes;6062.0
2016;Paredes de Coura;320.3
2016;Paços de Ferreira;3629.3
2016;Pedrógão Grande;162.6
2016;Penacova;443.5
2016;Penafiel;4576.1
2016;Penalva do Castelo;394.2
2016;Penamacor;178.9
2016;Penedono;135.4
2016;Penela;174.5
2016;Peniche;1089.9
2016;Peso da Régua;1340.3
2016;Pinhel;295.3
2016;Pombal;1573.0
2016;Ponta Delgada;13293.0
2016;Ponta do Sol;591.0
2016;Ponte da Barca;515.1
2016;Ponte de Lima;1619.2
2016;Ponte de Sor;820.2
2016;Portalegre;892.2
2016;Portel;354.9
2016;Portimão;3134.0
2016;Porto;19406.5
2016;Porto Moniz;260.0
2016;Porto Santo;1077.0
2016;Porto de Mós;831.9
2016;Povoação;690.0
2016;Proença-a-Nova;220.0
2016;Póvoa de Lanhoso;1099.1
2016;Póvoa de Varzim;3411.6
2016;Redondo;374.4
2016;Reguengos de Monsaraz;665.1
2016;Resende;817.9
2016;Ribeira Brava;1240.0
2016;Ribeira Grande;4096.0
2016;Ribeira de Pena;447.8
2016;Rio Maior;610.3
2016;Sabrosa;367.8
2016;Sabugal;348.5
2016;Salvaterra de Magos;1174.8
2016;Santa Comba Dão;434.5
2016;Santa Cruz;4998.0
2016;Santa Cruz da Graciosa;531.0
2016;Santa Cruz das Flores;329.0
2016;Santa Maria da Feira;6895.9
2016;Santa Marta de Penaguião;515.3
2016;Santana;460.0
2016;Santarém;2152.2
2016;Santiago do Cacém;1258.6
2016;Santo Tirso;4472.8
2016;Sardoal;174.3
2016;Seia;1051.9
2016;Seixal;7183.5
2016;Sernancelhe;276.6
2016;Serpa;919.3
2016;Sertã;609.3
2016;Sesimbra;1877.6
2016;Setúbal;6022.9
2016;Sever do Vouga;419.6
2016;Silves;1375.4
2016;Sines;1049.4
2016;Sintra;15951.8
2016;Sobral de Monte Agraço;308.3
2016;Soure;619.3
2016;Sousel;213.2
2016;Sátão;636.2
2016;São Brás de Alportel;342.8
2016;São João da Madeira;948.4
2016;São João da Pesqueira;373.1
2016;São Pedro do Sul;746.8
2016;São Roque do Pico;470.0
2016;São Vicente;431.0
2016;Tabuaço;520.2
2016;Tarouca;625.6
2016;Tavira;862.7
2016;Terras de Bouro;411.2
2016;Tomar;1333.1
2016;Tondela;828.0
2016;Torre de Moncorvo;439.3
2016;Torres Novas;1281.2
2016;Torres Vedras;3181.0
2016;Trancoso;263.2
2016;Trofa;2405.9
2016;Tábua;478.2
2016;Vagos;662.3
2016;Vale de Cambra;655.8
2016;Valença;559.3
2016;Valongo;7048.3
2016;Valpaços;790.3
2016;Velas;779.0
2016;Vendas Novas;345.5
2016;Viana do Alentejo;253.3
2016;Viana do Castelo;4014.3
2016;Vidigueira;396.3
2016;Vieira do Minho;871.8
2016;Vila Flor;427.3
2016;Vila Franca de Xira;5278.7
2016;Vila Franca do Campo;830.0
2016;Vila Nova da Barquinha;267.5
2016;Vila Nova de Cerveira;296.2
2016;Vila Nova de Famalicão;6056.8
2016;Vila Nova de Foz Côa;312.2
2016;Vila Nova de Gaia;25545.7
2016;Vila Nova de Paiva;261.6
2016;Vila Nova de Poiares;303.4
2016;Vila Pouca de Aguiar;706.3
2016;Vila Real;3186.3
2016;Vila Real de Santo António;1088.3
2016;Vila Velha de Ródão;86.8
2016;Vila Verde;1910.8
2016;Vila Viçosa;393.5
2016;Vila da Praia da Vitória;2193.0
2016;Vila de Rei;92.6
2016;Vila do Bispo;174.8
2016;Vila do Conde;3744.1
2016;Vila do Porto;767.0
2016;Vimioso;186.3
2016;Vinhais;448.3
2016;Viseu;4840.5
2016;Vizela;1112.8
2016;Vouzela;374.6
2016;Águeda;1574.0
2016;Évora;2732.6
2016;Ílhavo;1677.6
2016;Óbidos;390.0
2017;Abrantes;1637.9
2017;Aguiar da Beira;164.6
2017;Alandroal;220.7
2017;Albergaria-a-Velha;716.4
2017;Albufeira;1960.6
2017;Alcanena;324.2
2017;Alcobaça;1538.5
2017;Alcochete;649.8
2017;Alcoutim;70.0
2017;Alcácer do Sal;281.6
2017;Alenquer;1183.5
2017;Alfândega da Fé;300.0
2017;Alijó;652.0
2017;Aljezur;156.3
2017;Aljustrel;318.3
2017;Almada;7045.3
2017;Almeida;176.4
2017;Almeirim;752.2
2017;Almodôvar;264.6
2017;Alpiarça;206.9
2017;Alter do Chão;157.5
2017;Alvaiázere;193.4
2017;Alvito;75.5
2017;Amadora;6137.1
2017;Amarante;3094.0
2017;Amares;747.6
2017;Anadia;717.2
2017;Angra do Heroísmo;5661.0
2017;Ansião;381.6
2017;Arcos de Valdevez;623.3
2017;Arganil;442.8
2017;Armamar;348.0
2017;Arouca;533.4
2017;Arraiolos;244.3
2017;Arronches;102.1
2017;Arruda dos Vinhos;339.2
2017;Aveiro;2817.2
2017;Avis;185.1
2017;Azambuja;531.5
2017;Baião;1418.9
2017;Barcelos;3050.6
2017;Barrancos;171.6
2017;Barreiro;3830.1
2017;Batalha;352.1
2017;Beja;1433.9
2017;Belmonte;355.3
2017;Benavente;1246.1
2017;Bombarral;345.5
2017;Borba;295.3
2017;Boticas;194.5
2017;Braga;8174.3
2017;Bragança;1132.8
2017;Cabeceiras de Basto;973.7
2017;Cadaval;379.4
2017;Caldas da Rainha;1540.3
2017;Calheta [R.A.A.];378.0
2017;Calheta [R.A.M.];1594.0
2017;Caminha;509.3
2017;Campo Maior;390.8
2017;Cantanhede;1080.1
2017;Carrazeda de Ansiães;318.3
2017;Carregal do Sal;308.2
2017;Cartaxo;662.9
2017;Cascais;8034.7
2017;Castanheira de Pêra;144.0
2017;Castelo Branco;1968.3
2017;Castelo de Paiva;885.8
2017;Castelo de Vide;106.3
2017;Castro Daire;736.1
2017;Castro Marim;197.9
2017;Castro Verde;265.0
2017;Celorico da Beira;308.3
2017;Celorico de Basto;1061.0
2017;Chamusca;227.6
2017;Chaves;1999.3
2017;Cinfães;1428.0
2017;Coimbra;5339.9
2017;Condeixa-a-Nova;427.8
2017;Constância;147.1
2017;Coruche;724.4
2017;Corvo;64.0
2017;Covilhã;2380.9
2017;Crato;148.0
2017;Cuba;215.8
2017;Câmara de Lobos;2373.0
2017;Elvas;1701.1
2017;Entroncamento;652.3
2017;Espinho;2288.7
2017;Esposende;952.5
2017;Estarreja;890.5
2017;Estremoz;537.2
2017;Fafe;2379.0
2017;Faro;1748.7
2017;Felgueiras;1891.5
2017;Ferreira do Alentejo;289.7
2017;Ferreira do Zêzere;196.9
2017;Figueira da Foz;2642.8
2017;Figueira de Castelo Rodrigo;247.2
2017;Figueiró dos Vinhos;247.8
2017;Fornos de Algodres;189.0
2017;Freixo de Espada à Cinta;223.3
2017;Fronteira;158.2
2017;Funchal;28756.0
2017;Fundão;1274.4
2017;Gavião;137.5
2017;Golegã;146.1
2017;Gondomar;10454.7
2017;Gouveia;537.4
2017;Grândola;451.9
2017;Guarda;1635.0
2017;Guimarães;7351.8
2017;Góis;153.5
2017;Horta;2465.0
2017;Idanha-a-Nova;451.0
2017;Lagoa;948.7
2017;Lagoa [R.A.A.];1778.0
2017;Lagos;1112.1
2017;Lajes das Flores;122.0
2017;Lajes do Pico;393.0
2017;Lamego;2196.3
2017;Leiria;3372.3
2017;Lisboa;23475.3
2017;Loulé;2156.5
2017;Loures;7072.1
2017;Lourinhã;744.1
2017;Lousada;1880.7
2017;Lousã;623.7
2017;Macedo de Cavaleiros;728.3
2017;Machico;2271.0
2017;Madalena;1054.0
2017;Mafra;1963.6
2017;Maia;6523.7
2017;Mangualde;817.8
2017;Manteigas;143.5
2017;Marco de Canaveses;3465.8
2017;Marinha Grande;1197.7
2017;Marvão;90.2
2017;Matosinhos;8858.7
2017;Mação;193.7
2017;Mealhada;483.0
2017;Melgaço;154.5
2017;Mesão Frio;357.2
2017;Mira;445.4
2017;Miranda do Corvo;363.2
2017;Miranda do Douro;232.5
2017;Mirandela;1372.3
2017;Mogadouro;418.5
2017;Moimenta da Beira;658.8
2017;Moita;3572.0
2017;Monchique;218.7
2017;Mondim de Basto;434.6
2017;Monforte;239.7
2017;Montalegre;362.1
2017;Montemor-o-Novo;448.8
2017;Montemor-o-Velho;964.2
2017;Montijo;2577.3
2017;Monção;395.2
2017;Mora;123.5
2017;Mortágua;204.8
2017;Moura;1133.6
2017;Mourão;209.7
2017;Murtosa;238.3
2017;Murça;363.0
2017;Mértola;300.8
2017;Mêda;92.9
2017;Nazaré;450.8
2017;Nelas;493.2
2017;Nisa;235.6
2017;Nordeste;376.0
2017;Odemira;789.5
2017;Odivelas;4425.1
2017;Oeiras;5473.0
2017;Oleiros;105.0
2017;Olhão;1190.6
2017;Oliveira de Azeméis;1552.8
2017;Oliveira de Frades;337.6
2017;Oliveira do Bairro;621.8
2017;Oliveira do Hospital;701.5
2017;Ourique;188.5
2017;Ourém;874.2
2017;Ovar;2163.8
2017;Palmela;2000.8
2017;Pampilhosa da Serra;103.1
2017;Paredes;4938.9
2017;Paredes de Coura;237.8
2017;Paços de Ferreira;2933.0
2017;Pedrógão Grande;146.1
2017;Penacova;342.1
2017;Penafiel;3692.4
2017;Penalva do Castelo;349.7
2017;Penamacor;193.6
2017;Penedono;114.8
2017;Penela;132.3
2017;Peniche;883.4
2017;Peso da Régua;1199.2
2017;Pinhel;202.8
2017;Pombal;1261.8
2017;Ponta Delgada;14593.0
2017;Ponta do Sol;651.0
2017;Ponte da Barca;372.2
2017;Ponte de Lima;1175.8
2017;Ponte de Sor;585.8
2017;Portalegre;758.7
2017;Portel;289.3
2017;Portimão;2763.3
2017;Porto;15929.7
2017;Porto Moniz;255.0
2017;Porto Santo;1190.0
2017;Porto de Mós;599.8
2017;Povoação;798.0
2017;Proença-a-Nova;210.3
2017;Póvoa de Lanhoso;987.8
2017;Póvoa de Varzim;2791.2
2017;Redondo;308.8
2017;Reguengos de Monsaraz;534.8
2017;Resende;747.8
2017;Ribeira Brava;1306.0
2017;Ribeira Grande;4334.0
2017;Ribeira de Pena;315.1
2017;Rio Maior;486.4
2017;Sabrosa;319.8
2017;Sabugal;328.1
2017;Salvaterra de Magos;1026.9
2017;Santa Comba Dão;397.6
2017;Santa Cruz;5150.0
2017;Santa Cruz da Graciosa;559.0
2017;Santa Cruz das Flores;340.0
2017;Santa Maria da Feira;5672.7
2017;Santa Marta de Penaguião;479.8
2017;Santana;472.0
2017;Santarém;1688.7
2017;Santiago do Cacém;1008.5
2017;Santo Tirso;3641.3
2017;Sardoal;157.1
2017;Seia;930.9
2017;Seixal;5983.3
2017;Sernancelhe;234.0
2017;Serpa;758.8
2017;Sertã;537.1
2017;Sesimbra;1585.3
2017;Setúbal;5000.3
2017;Sever do Vouga;355.6
2017;Silves;1101.0
2017;Sines;817.1
2017;Sintra;12410.7
2017;Sobral de Monte Agraço;247.4
2017;Soure;510.7
2017;Sousel;186.7
2017;Sátão;581.4
2017;São Brás de Alportel;245.7
2017;São João da Madeira;734.2
2017;São João da Pesqueira;264.4
2017;São Pedro do Sul;703.5
2017;São Roque do Pico;481.0
2017;São Vicente;479.0
2017;Tabuaço;471.4
2017;Tarouca;599.0
2017;Tavira;661.3
2017;Terras de Bouro;332.8
2017;Tomar;1096.0
2017;Tondela;645.6
2017;Torre de Moncorvo;385.8
2017;Torres Novas;1010.0
2017;Torres Vedras;2588.8
2017;Trancoso;243.0
2017;Trofa;1914.1
2017;Tábua;406.5
2017;Vagos;493.0
2017;Vale de Cambra;537.3
2017;Valença;460.6
2017;Valongo;5946.9
2017;Valpaços;697.8
2017;Velas;767.0
2017;Vendas Novas;292.8
2017;Viana do Alentejo;225.8
2017;Viana do Castelo;3083.6
2017;Vidigueira;375.7
2017;Vieira do Minho;806.1
2017;Vila Flor;366.3
2017;Vila Franca de Xira;4060.8
2017;Vila Franca do Campo;908.0
2017;Vila Nova da Barquinha;203.2
2017;Vila Nova de Cerveira;222.8
2017;Vila Nova de Famalicão;4883.4
2017;Vila Nova de Foz Côa;260.2
2017;Vila Nova de Gaia;22619.0
2017;Vila Nova de Paiva;235.2
2017;Vila Nova de Poiares;264.2
2017;Vila Pouca de Aguiar;651.8
2017;Vila Real;2946.5
2017;Vila Real de Santo António;751.7
2017;Vila Velha de Ródão;70.6
2017;Vila Verde;1566.8
2017;Vila Viçosa;310.9
2017;Vila da Praia da Vitória;2403.0
2017;Vila de Rei;78.9
2017;Vila do Bispo;162.1
2017;Vila do Conde;3157.5
2017;Vila do Porto;784.0
2017;Vimioso;166.5
2017;Vinhais;370.7
2017;Viseu;4158.5
2017;Vizela;921.8
2017;Vouzela;378.1
2017;Águeda;1280.8
2017;Évora;2102.6
2017;Ílhavo;1301.0
2017;Óbidos;308.6
2018;Abrantes;1409.1
2018;Aguiar da Beira;162.0
2018;Alandroal;164.6
2018;Albergaria-a-Velha;576.8
2018;Albufeira;1855.8
2018;Alcanena;275.3
2018;Alcobaça;1166.9
2018;Alcochete;523.8
2018;Alcoutim;41.7
2018;Alcácer do Sal;235.2
2018;Alenquer;958.7
2018;Alfândega da Fé;263.1
2018;Alijó;589.8
2018;Aljezur;134.8
2018;Aljustrel;318.1
2018;Almada;6150.3
2018;Almeida;156.4
2018;Almeirim;580.8
2018;Almodôvar;209.2
2018;Alpiarça;167.7
2018;Alter do Chão;135.8
2018;Alvaiázere;150.3
2018;Alvito;61.1
2018;Amadora;4844.2
2018;Amarante;2534.4
2018;Amares;570.1
2018;Anadia;555.4
2018;Angra do Heroísmo;5985.0
2018;Ansião;299.0
2018;Arcos de Valdevez;492.2
2018;Arganil;394.6
2018;Armamar;270.6
2018;Arouca;459.4
2018;Arraiolos;165.0
2018;Arronches;88.6
2018;Arruda dos Vinhos;280.7
2018;Aveiro;2361.8
2018;Avis;133.8
2018;Azambuja;429.1
2018;Baião;1109.3
2018;Barcelos;2396.8
2018;Barrancos;127.3
2018;Barreiro;3216.6
2018;Batalha;263.3
2018;Beja;1212.1
2018;Belmonte;270.1
2018;Benavente;1092.0
2018;Bombarral;259.8
2018;Borba;214.8
2018;Boticas;161.8
2018;Braga;6831.5
2018;Bragança;929.2
2018;Cabeceiras de Basto;789.8
2018;Cadaval;306.7
2018;Caldas da Rainha;1205.7
2018;Calheta [R.A.A.];446.0
2018;Calheta [R.A.M.];1810.0
2018;Caminha;380.3
2018;Campo Maior;343.9
2018;Cantanhede;828.3
2018;Carrazeda de Ansiães;258.4
2018;Carregal do Sal;237.0
2018;Cartaxo;514.2
2018;Cascais;6622.1
2018;Castanheira de Pêra;106.1
2018;Castelo Branco;1629.5
2018;Castelo de Paiva;827.3
2018;Castelo de Vide;78.8
2018;Castro Daire;716.5
2018;Castro Marim;154.3
2018;Castro Verde;206.3
2018;Celorico da Beira;219.6
2018;Celorico de Basto;876.7
2018;Chamusca;187.3
2018;Chaves;1673.1
2018;Cinfães;1020.1
2018;Coimbra;4281.3
2018;Condeixa-a-Nova;352.5
2018;Constância;140.8
2018;Coruche;668.7
2018;Corvo;86.0
2018;Covilhã;1798.0
2018;Crato;124.5
2018;Cuba;175.3
2018;Câmara de Lobos;2532.0
2018;Elvas;1382.8
2018;Entroncamento;458.0
2018;Espinho;1794.1
2018;Esposende;762.8
2018;Estarreja;754.9
2018;Estremoz;392.0
2018;Fafe;2162.7
2018;Faro;1295.2
2018;Felgueiras;1836.9
2018;Ferreira do Alentejo;231.2
2018;Ferreira do Zêzere;147.9
2018;Figueira da Foz;2202.8
2018;Figueira de Castelo Rodrigo;208.3
2018;Figueiró dos Vinhos;175.4
2018;Fornos de Algodres;155.8
2018;Freixo de Espada à Cinta;195.4
2018;Fronteira;130.3
2018;Funchal;30764.0
2018;Fundão;913.4
2018;Gavião;107.8
2018;Golegã;117.7
2018;Gondomar;7919.4
2018;Gouveia;462.6
2018;Grândola;357.7
2018;Guarda;1380.2
2018;Guimarães;5953.9
2018;Góis;138.8
2018;Horta;2542.0
2018;Idanha-a-Nova;400.8
2018;Lagoa;837.3
2018;Lagoa [R.A.A.];1871.0
2018;Lagos;981.9
2018;Lajes das Flores;119.0
2018;Lajes do Pico;391.0
2018;Lamego;1922.3
2018;Leiria;2687.7
2018;Lisboa;18930.2
2018;Loulé;1891.7
2018;Loures;6030.6
2018;Lourinhã;636.0
2018;Lousada;1600.4
2018;Lousã;524.3
2018;Macedo de Cavaleiros;602.9
2018;Machico;2451.0
2018;Madalena;1108.0
2018;Mafra;1593.3
2018;Maia;5269.2
2018;Mangualde;657.8
2018;Manteigas;101.4
2018;Marco de Canaveses;2839.2
2018;Marinha Grande;1027.7
2018;Marvão;81.8
2018;Matosinhos;7423.5
2018;Mação;157.5
2018;Mealhada;382.3
2018;Melgaço;130.0
2018;Mesão Frio;299.0
2018;Mira;335.7
2018;Miranda do Corvo;314.3
2018;Miranda do Douro;189.7
2018;Mirandela;1051.8
2018;Mogadouro;350.3
2018;Moimenta da Beira;634.5
2018;Moita;2926.5
2018;Monchique;182.5
2018;Mondim de Basto;338.1
2018;Monforte;214.2
2018;Montalegre;308.3
2018;Montemor-o-Novo;325.1
2018;Montemor-o-Velho;831.0
2018;Montijo;2151.2
2018;Monção;337.1
2018;Mora;109.8
2018;Mortágua;150.4
2018;Moura;981.3
2018;Mourão;188.8
2018;Murtosa;189.2
2018;Murça;344.4
2018;Mértola;247.8
2018;Mêda;73.1
2018;Nazaré;361.5
2018;Nelas;429.2
2018;Nisa;198.8
2018;Nordeste;386.0
2018;Odemira;767.8
2018;Odivelas;3701.4
2018;Oeiras;4374.8
2018;Oleiros;103.8
2018;Olhão;950.3
2018;Oliveira de Azeméis;1318.6
2018;Oliveira de Frades;287.3
2018;Oliveira do Bairro;490.8
2018;Oliveira do Hospital;628.7
2018;Ourique;153.0
2018;Ourém;686.3
2018;Ovar;1977.9
2018;Palmela;1550.4
2018;Pampilhosa da Serra;105.2
2018;Paredes;3809.2
2018;Paredes de Coura;162.2
2018;Paços de Ferreira;2161.7
2018;Pedrógão Grande;117.1
2018;Penacova;283.3
2018;Penafiel;2835.3
2018;Penalva do Castelo;288.4
2018;Penamacor;170.5
2018;Penedono;99.3
2018;Penela;101.2
2018;Peniche;812.0
2018;Peso da Régua;1086.0
2018;Pinhel;164.3
2018;Pombal;1140.1
2018;Ponta Delgada;15503.0
2018;Ponta do Sol;643.0
2018;Ponte da Barca;264.1
2018;Ponte de Lima;802.1
2018;Ponte de Sor;425.7
2018;Portalegre;665.3
2018;Portel;203.8
2018;Portimão;2471.0
2018;Porto;12769.2
2018;Porto Moniz;287.0
2018;Porto Santo;1195.0
2018;Porto de Mós;492.7
2018;Povoação;800.0
2018;Proença-a-Nova;201.6
2018;Póvoa de Lanhoso;885.6
2018;Póvoa de Varzim;2177.2
2018;Redondo;224.9
2018;Reguengos de Monsaraz;425.6
2018;Resende;699.9
2018;Ribeira Brava;1468.0
2018;Ribeira Grande;4549.0
2018;Ribeira de Pena;284.0
2018;Rio Maior;374.9
2018;Sabrosa;291.4
2018;Sabugal;297.5
2018;Salvaterra de Magos;916.9
2018;Santa Comba Dão;299.0
2018;Santa Cruz;5420.0
2018;Santa Cruz da Graciosa;599.0
2018;Santa Cruz das Flores;343.0
2018;Santa Maria da Feira;4685.8
2018;Santa Marta de Penaguião;441.3
2018;Santana;493.0
2018;Santarém;1381.1
2018;Santiago do Cacém;727.0
2018;Santo Tirso;2920.3
2018;Sardoal;129.1
2018;Seia;773.3
2018;Seixal;4895.2
2018;Sernancelhe;228.9
2018;Serpa;698.7
2018;Sertã;409.8
2018;Sesimbra;1282.9
2018;Setúbal;4030.6
2018;Sever do Vouga;231.3
2018;Silves;950.4
2018;Sines;592.2
2018;Sintra;9708.8
2018;Sobral de Monte Agraço;204.5
2018;Soure;428.3
2018;Sousel;149.1
2018;Sátão;485.3
2018;São Brás de Alportel;183.7
2018;São João da Madeira;678.9
2018;São João da Pesqueira;206.6
2018;São Pedro do Sul;641.3
2018;São Roque do Pico;484.0
2018;São Vicente;484.0
2018;Tabuaço;410.4
2018;Tarouca;524.3
2018;Tavira;539.3
2018;Terras de Bouro;278.3
2018;Tomar;962.4
2018;Tondela;547.6
2018;Torre de Moncorvo;357.1
2018;Torres Novas;735.1
2018;Torres Vedras;2062.5
2018;Trancoso;184.4
2018;Trofa;1437.1
2018;Tábua;368.3
2018;Vagos;439.3
2018;Vale de Cambra;432.7
2018;Valença;389.2
2018;Valongo;4803.0
2018;Valpaços;594.3
2018;Velas;794.0
2018;Vendas Novas;230.8
2018;Viana do Alentejo;173.8
2018;Viana do Castelo;2033.6
2018;Vidigueira;306.8
2018;Vieira do Minho;630.5
2018;Vila Flor;343.4
2018;Vila Franca de Xira;3533.1
2018;Vila Franca do Campo;1023.0
2018;Vila Nova da Barquinha;157.5
2018;Vila Nova de Cerveira;207.8
2018;Vila Nova de Famalicão;3766.7
2018;Vila Nova de Foz Côa;208.2
2018;Vila Nova de Gaia;18741.3
2018;Vila Nova de Paiva;210.8
2018;Vila Nova de Poiares;207.8
2018;Vila Pouca de Aguiar;519.3
2018;Vila Real;2613.0
2018;Vila Real de Santo António;598.2
2018;Vila Velha de Ródão;68.1
2018;Vila Verde;1303.1
2018;Vila Viçosa;265.0
2018;Vila da Praia da Vitória;2508.0
2018;Vila de Rei;53.7
2018;Vila do Bispo;144.3
2018;Vila do Conde;2554.4
2018;Vila do Porto;796.0
2018;Vimioso;143.2
2018;Vinhais;329.4
2018;Viseu;3348.8
2018;Vizela;828.4
2018;Vouzela;322.6
2018;Águeda;882.7
2018;Évora;1564.3
2018;Ílhavo;1180.9
2018;Óbidos;226.2
2019;Abrantes;1358.4
2019;Aguiar da Beira;133.1
2019;Alandroal;156.8
2019;Albergaria-a-Velha;485.9
2019;Albufeira;1911.9
2019;Alcanena;201.5
2019;Alcobaça;1003.3
2019;Alcochete;415.3
2019;Alcoutim;35.5
2019;Alcácer do Sal;190.7
2019;Alenquer;965.7
2019;Alfândega da Fé;215.7
2019;Alijó;513.8
2019;Aljezur;137.5
2019;Aljustrel;252.7
2019;Almada;5217.3
2019;Almeida;126.2
2019;Almeirim;490.8
2019;Almodôvar;174.1
2019;Alpiarça;135.2
2019;Alter do Chão;132.2
2019;Alvaiázere;130.4
2019;Alvito;61.7
2019;Amadora;4017.3
2019;Amarante;2214.3
2019;Amares;515.4
2019;Anadia;482.6
2019;Angra do Heroísmo;6092.0
2019;Ansião;241.6
2019;Arcos de Valdevez;468.3
2019;Arganil;339.3
2019;Armamar;241.6
2019;Arouca;474.3
2019;Arraiolos;119.3
2019;Arronches;68.8
2019;Arruda dos Vinhos;252.3
2019;Aveiro;2353.8
2019;Avis;106.8
2019;Azambuja;398.7
2019;Baião;996.5
2019;Barcelos;2214.2
2019;Barrancos;92.2
2019;Barreiro;2878.9
2019;Batalha;237.9
2019;Beja;1052.5
2019;Belmonte;232.2
2019;Benavente;968.1
2019;Bombarral;231.3
2019;Borba;205.3
2019;Boticas;121.1
2019;Braga;6348.1
2019;Bragança;880.3
2019;Cabeceiras de Basto;722.0
2019;Cadaval;258.7
2019;Caldas da Rainha;1082.4
2019;Calheta [R.A.A.];424.0
2019;Calheta [R.A.M.];1831.0
2019;Caminha;326.9
2019;Campo Maior;385.6
2019;Cantanhede;741.1
2019;Carrazeda de Ansiães;212.2
2019;Carregal do Sal;230.4
2019;Cartaxo;434.5
2019;Cascais;5659.3
2019;Castanheira de Pêra;77.1
2019;Castelo Branco;1489.3
2019;Castelo de Paiva;598.0
2019;Castelo de Vide;69.5
2019;Castro Daire;618.3
2019;Castro Marim;146.5
2019;Castro Verde;167.4
2019;Celorico da Beira;196.1
2019;Celorico de Basto;708.3
2019;Chamusca;181.7
2019;Chaves;1490.8
2019;Cinfães;831.2
2019;Coimbra;3798.8
2019;Condeixa-a-Nova;330.4
2019;Constância;130.7
2019;Coruche;583.2
2019;Corvo;59.0
2019;Covilhã;1487.5
2019;Crato;99.3
2019;Cuba;162.3
2019;Câmara de Lobos;2456.0
2019;Elvas;1066.7
2019;Entroncamento;432.3
2019;Espinho;1515.3
2019;Esposende;650.1
2019;Estarreja;738.4
2019;Estremoz;356.4
2019;Fafe;1926.6
2019;Faro;1298.0
2019;Felgueiras;1827.9
2019;Ferreira do Alentejo;232.6
2019;Ferreira do Zêzere;135.8
2019;Figueira da Foz;1966.3
2019;Figueira de Castelo Rodrigo;191.6
2019;Figueiró dos Vinhos;178.5
2019;Fornos de Algodres;157.4
2019;Freixo de Espada à Cinta;190.8
2019;Fronteira;122.1
2019;Funchal;31297.0
2019;Fundão;809.6
2019;Gavião;84.2
2019;Golegã;82.0
2019;Gondomar;6170.3
2019;Gouveia;408.6
2019;Grândola;309.8
2019;Guarda;1219.9
2019;Guimarães;5591.4
2019;Góis;120.8
2019;Horta;2675.0
2019;Idanha-a-Nova;335.9
2019;Lagoa;769.4
2019;Lagoa [R.A.A.];1901.0
2019;Lagos;972.8
2019;Lajes das Flores;121.0
2019;Lajes do Pico;382.0
2019;Lamego;1752.5
2019;Leiria;2464.4
2019;Lisboa;15840.8
2019;Loulé;1907.4
2019;Loures;5312.1
2019;Lourinhã;569.8
2019;Lousada;1415.7
2019;Lousã;473.1
2019;Macedo de Cavaleiros;531.3
2019;Machico;2480.0
2019;Madalena;1081.0
2019;Mafra;1438.9
2019;Maia;4170.5
2019;Mangualde;561.4
2019;Manteigas;73.3
2019;Marco de Canaveses;2428.3
2019;Marinha Grande;1077.5
2019;Marvão;65.8
2019;Matosinhos;6789.1
2019;Mação;151.8
2019;Mealhada;351.7
2019;Melgaço;111.7
2019;Mesão Frio;274.4
2019;Mira;315.5
2019;Miranda do Corvo;266.2
2019;Miranda do Douro;168.3
2019;Mirandela;923.3
2019;Mogadouro;303.1
2019;Moimenta da Beira;688.7
2019;Moita;2523.7
2019;Monchique;158.1
2019;Mondim de Basto;292.6
2019;Monforte;192.0
2019;Montalegre;280.7
2019;Montemor-o-Novo;277.8
2019;Montemor-o-Velho;653.1
2019;Montijo;1896.9
2019;Monção;324.0
2019;Mora;72.0
2019;Mortágua;124.3
2019;Moura;941.2
2019;Mourão;169.8
2019;Murtosa;202.3
2019;Murça;331.2
2019;Mértola;201.0
2019;Mêda;58.2
2019;Nazaré;325.8
2019;Nelas;384.4
2019;Nisa;172.3
2019;Nordeste;402.0
2019;Odemira;831.4
2019;Odivelas;3024.5
2019;Oeiras;3619.9
2019;Oleiros;89.5
2019;Olhão;930.2
2019;Oliveira de Azeméis;1205.3
2019;Oliveira de Frades;308.3
2019;Oliveira do Bairro;465.8
2019;Oliveira do Hospital;567.3
2019;Ourique;135.1
2019;Ourém;624.1
2019;Ovar;1858.2
2019;Palmela;1372.3
2019;Pampilhosa da Serra;103.0
2019;Paredes;3163.9
2019;Paredes de Coura;176.7
2019;Paços de Ferreira;1835.2
2019;Pedrógão Grande;97.9
2019;Penacova;230.3
2019;Penafiel;2280.3
2019;Penalva do Castelo;218.1
2019;Penamacor;155.6
2019;Penedono;92.4
2019;Penela;93.0
2019;Peniche;717.0
2019;Peso da Régua;1058.0
2019;Pinhel;159.0
2019;Pombal;980.1
2019;Ponta Delgada;16014.0
2019;Ponta do Sol;732.0
2019;Ponte da Barca;250.5
2019;Ponte de Lima;617.3
2019;Ponte de Sor;420.0
2019;Portalegre;587.3
2019;Portel;175.9
2019;Portimão;2225.4
2019;Porto;10463.4
2019;Porto Moniz;252.0
2019;Porto Santo;1154.0
2019;Porto de Mós;401.8
2019;Povoação;837.0
2019;Proença-a-Nova;164.1
2019;Póvoa de Lanhoso;784.9
2019;Póvoa de Varzim;2092.9
2019;Redondo;196.6
2019;Reguengos de Monsaraz;391.2
2019;Resende;564.3
2019;Ribeira Brava;1483.0
2019;Ribeira Grande;4783.0
2019;Ribeira de Pena;286.8
2019;Rio Maior;308.7
2019;Sabrosa;264.6
2019;Sabugal;237.2
2019;Salvaterra de Magos;739.4
2019;Santa Comba Dão;268.6
2019;Santa Cruz;5062.0
2019;Santa Cruz da Graciosa;481.0
2019;Santa Cruz das Flores;288.0
2019;Santa Maria da Feira;4334.3
2019;Santa Marta de Penaguião;452.1
2019;Santana;490.0
2019;Santarém;1194.5
2019;Santiago do Cacém;686.5
2019;Santo Tirso;2521.3
2019;Sardoal;128.2
2019;Seia;661.8
2019;Seixal;4521.9
2019;Sernancelhe;180.8
2019;Serpa;639.7
2019;Sertã;373.3
2019;Sesimbra;1136.3
2019;Setúbal;3510.8
2019;Sever do Vouga;211.6
2019;Silves;942.9
2019;Sines;533.8
2019;Sintra;8455.4
2019;Sobral de Monte Agraço;186.8
2019;Soure;398.8
2019;Sousel;146.2
2019;Sátão;433.3
2019;São Brás de Alportel;179.8
2019;São João da Madeira;645.2
2019;São João da Pesqueira;209.3
2019;São Pedro do Sul;548.6
2019;São Roque do Pico;492.0
2019;São Vicente;536.0
2019;Tabuaço;378.9
2019;Tarouca;480.2
2019;Tavira;507.7
2019;Terras de Bouro;247.9
2019;Tomar;822.5
2019;Tondela;461.8
2019;Torre de Moncorvo;333.8
2019;Torres Novas;665.1
2019;Torres Vedras;1781.8
2019;Trancoso;169.6
2019;Trofa;1149.3
2019;Tábua;314.4
2019;Vagos;458.8
2019;Vale de Cambra;385.3
2019;Valença;362.3
2019;Valongo;3938.4
2019;Valpaços;490.5
2019;Velas;810.0
2019;Vendas Novas;200.4
2019;Viana do Alentejo;157.8
2019;Viana do Castelo;1727.7
2019;Vidigueira;249.6
2019;Vieira do Minho;595.7
2019;Vila Flor;242.3
2019;Vila Franca de Xira;3095.9
2019;Vila Franca do Campo;1055.0
2019;Vila Nova da Barquinha;126.6
2019;Vila Nova de Cerveira;191.2
2019;Vila Nova de Famalicão;3442.0
2019;Vila Nova de Foz Côa;194.3
2019;Vila Nova de Gaia;14966.6
2019;Vila Nova de Paiva;207.4
2019;Vila Nova de Poiares;180.8
2019;Vila Pouca de Aguiar;472.8
2019;Vila Real;2372.6
2019;Vila Real de Santo António;554.7
2019;Vila Velha de Ródão;65.5
2019;Vila Verde;1145.1
2019;Vila Viçosa;216.3
2019;Vila da Praia da Vitória;2696.0
2019;Vila de Rei;52.4
2019;Vila do Bispo;143.4
2019;Vila do Conde;2462.8
2019;Vila do Porto;854.0
2019;Vimioso;119.8
2019;Vinhais;273.5
2019;Viseu;2951.3
2019;Vizela;771.8
2019;Vouzela;323.8
2019;Águeda;866.2
2019;Évora;1435.8
2019;Ílhavo;1196.3
2019;Óbidos;193.2
2020;Abrantes;1513.0
2020;Aguiar da Beira;137.4
2020;Alandroal;145.8
2020;Albergaria-a-Velha;645.7
2020;Albufeira;4754.8
2020;Alcanena;256.0
2020;Alcobaça;1340.3
2020;Alcochete;522.3
2020;Alcoutim;36.9
2020;Alcácer do Sal;277.0
2020;Alenquer;1483.4
2020;Alfândega da Fé;194.5
2020;Alijó;595.5
2020;Aljezur;200.0
2020;Aljustrel;288.3
2020;Almada;6304.5
2020;Almeida;149.5
2020;Almeirim;591.1
2020;Almodôvar;214.3
2020;Alpiarça;173.9
2020;Alter do Chão;130.8
2020;Alvaiázere;130.6
2020;Alvito;68.3
2020;Amadora;6033.5
2020;Amarante;2514.7
2020;Amares;613.7
2020;Anadia;605.5
2020;Angra do Heroísmo;5712.0
2020;Ansião;257.1
2020;Arcos de Valdevez;542.3
2020;Arganil;373.3
2020;Armamar;259.6
2020;Arouca;565.5
2020;Arraiolos;143.8
2020;Arronches;77.3
2020;Arruda dos Vinhos;316.2
2020;Aveiro;2781.0
2020;Avis;165.6
2020;Azambuja;570.7
2020;Baião;1146.6
2020;Barcelos;2765.5
2020;Barrancos;90.2
2020;Barreiro;3444.7
2020;Batalha;324.3
2020;Beja;1225.9
2020;Belmonte;224.8
2020;Benavente;1121.2
2020;Bombarral;328.1
2020;Borba;235.8
2020;Boticas;129.3
2020;Braga;7217.8
2020;Bragança;976.9
2020;Cabeceiras de Basto;714.7
2020;Cadaval;360.4
2020;Caldas da Rainha;1598.3
2020;Calheta [R.A.A.];418.0
2020;Calheta [R.A.M.];1583.0
2020;Caminha;409.3
2020;Campo Maior;457.7
2020;Cantanhede;874.9
2020;Carrazeda de Ansiães;207.2
2020;Carregal do Sal;267.3
2020;Cartaxo;587.7
2020;Cascais;7187.0
2020;Castanheira de Pêra;79.5
2020;Castelo Branco;1577.9
2020;Castelo de Paiva;676.6
2020;Castelo de Vide;69.1
2020;Castro Daire;548.2
2020;Castro Marim;215.8
2020;Castro Verde;239.4
2020;Celorico da Beira;230.3
2020;Celorico de Basto;782.9
2020;Chamusca;180.8
2020;Chaves;1481.4
2020;Cinfães;927.8
2020;Coimbra;4348.6
2020;Condeixa-a-Nova;377.5
2020;Constância;134.6
2020;Coruche;633.0
2020;Corvo;47.0
2020;Covilhã;1690.5
2020;Crato;122.3
2020;Cuba;175.4
2020;Câmara de Lobos;2350.0
2020;Elvas;1137.1
2020;Entroncamento;528.3
2020;Espinho;1443.9
2020;Esposende;769.9
2020;Estarreja;880.0
2020;Estremoz;390.3
2020;Fafe;2204.1
2020;Faro;2394.3
2020;Felgueiras;2470.2
2020;Ferreira do Alentejo;251.0
2020;Ferreira do Zêzere;127.7
2020;Figueira da Foz;2412.0
2020;Figueira de Castelo Rodrigo;188.3
2020;Figueiró dos Vinhos;171.9
2020;Fornos de Algodres;138.6
2020;Freixo de Espada à Cinta;190.8
2020;Fronteira;117.3
2020;Funchal;26500.0
2020;Fundão;816.2
2020;Gavião;82.8
2020;Golegã;102.1
2020;Gondomar;7509.9
2020;Gouveia;428.4
2020;Grândola;355.8
2020;Guarda;1232.8
2020;Guimarães;6693.8
2020;Góis;116.3
2020;Horta;2466.0
2020;Idanha-a-Nova;319.5
2020;Lagoa;1345.5
2020;Lagoa [R.A.A.];1874.0
2020;Lagos;1689.1
2020;Lajes das Flores;128.0
2020;Lajes do Pico;351.0
2020;Lamego;1743.8
2020;Leiria;3299.8
2020;Lisboa;20143.0
2020;Loulé;3810.4
2020;Loures;7155.5
2020;Lourinhã;738.1
2020;Lousada;1717.5
2020;Lousã;568.3
2020;Macedo de Cavaleiros;573.5
2020;Machico;2244.0
2020;Madalena;1001.0
2020;Mafra;1898.9
2020;Maia;4756.6
2020;Mangualde;662.0
2020;Manteigas;84.7
2020;Marco de Canaveses;2885.6
2020;Marinha Grande;1535.3
2020;Marvão;75.4
2020;Matosinhos;7644.3
2020;Mação;168.5
2020;Mealhada;459.3
2020;Melgaço;129.7
2020;Mesão Frio;268.9
2020;Mira;321.8
2020;Miranda do Corvo;293.1
2020;Miranda do Douro;182.3
2020;Mirandela;916.1
2020;Mogadouro;300.9
2020;Moimenta da Beira;688.3
2020;Moita;3019.5
2020;Monchique;173.8
2020;Mondim de Basto;289.0
2020;Monforte;190.2
2020;Montalegre;269.8
2020;Montemor-o-Novo;321.6
2020;Montemor-o-Velho;685.1
2020;Montijo;2260.1
2020;Monção;427.8
2020;Mora;81.8
2020;Mortágua;148.8
2020;Moura;974.9
2020;Mourão;173.8
2020;Murtosa;240.5
2020;Murça;348.3
2020;Mértola;216.8
2020;Mêda;73.1
2020;Nazaré;483.6
2020;Nelas;450.2
2020;Nisa;194.2
2020;Nordeste;411.0
2020;Odemira;1249.5
2020;Odivelas;4653.0
2020;Oeiras;4826.4
2020;Oleiros;74.1
2020;Olhão;1556.8
2020;Oliveira de Azeméis;1779.8
2020;Oliveira de Frades;374.7
2020;Oliveira do Bairro;624.2
2020;Oliveira do Hospital;650.5
2020;Ourique;168.3
2020;Ourém;832.1
2020;Ovar;2018.8
2020;Palmela;1963.4
2020;Pampilhosa da Serra;96.4
2020;Paredes;3605.1
2020;Paredes de Coura;308.5
2020;Paços de Ferreira;2071.4
2020;Pedrógão Grande;109.9
2020;Penacova;245.3
2020;Penafiel;2804.0
2020;Penalva do Castelo;237.1
2020;Penamacor;142.6
2020;Penedono;95.8
2020;Penela;91.1
2020;Peniche;903.8
2020;Peso da Régua;1035.7
2020;Pinhel;158.3
2020;Pombal;1098.3
2020;Ponta Delgada;14428.0
2020;Ponta do Sol;733.0
2020;Ponte da Barca;270.8
2020;Ponte de Lima;899.5
2020;Ponte de Sor;460.3
2020;Portalegre;643.9
2020;Portel;224.8
2020;Portimão;3958.0
2020;Porto;11657.8
2020;Porto Moniz;212.0
2020;Porto Santo;1027.0
2020;Porto de Mós;510.7
2020;Povoação;587.0
2020;Proença-a-Nova;157.8
2020;Póvoa de Lanhoso;827.0
2020;Póvoa de Varzim;2411.1
2020;Redondo;231.3
2020;Reguengos de Monsaraz;443.6
2020;Resende;553.2
2020;Ribeira Brava;1538.0
2020;Ribeira Grande;4694.0
2020;Ribeira de Pena;293.7
2020;Rio Maior;404.8
2020;Sabrosa;265.4
2020;Sabugal;261.5
2020;Salvaterra de Magos;848.3
2020;Santa Comba Dão;302.6
2020;Santa Cruz;4569.0
2020;Santa Cruz da Graciosa;491.0
2020;Santa Cruz das Flores;283.0
2020;Santa Maria da Feira;5199.8
2020;Santa Marta de Penaguião;437.8
2020;Santana;475.0
2020;Santarém;1416.6
2020;Santiago do Cacém;939.1
2020;Santo Tirso;2756.6
2020;Sardoal;139.8
2020;Seia;647.9
2020;Seixal;5836.9
2020;Sernancelhe;204.0
2020;Serpa;665.0
2020;Sertã;473.6
2020;Sesimbra;1449.5
2020;Setúbal;4886.8
2020;Sever do Vouga;230.3
2020;Silves;1817.3
2020;Sines;811.5
2020;Sintra;12888.3
2020;Sobral de Monte Agraço;222.7
2020;Soure;434.9
2020;Sousel;183.5
2020;Sátão;396.8
2020;São Brás de Alportel;262.1
2020;São João da Madeira;919.3
2020;São João da Pesqueira;204.3
2020;São Pedro do Sul;592.8
2020;São Roque do Pico;510.0
2020;São Vicente;570.0
2020;Tabuaço;364.8
2020;Tarouca;459.2
2020;Tavira;863.7
2020;Terras de Bouro;303.0
2020;Tomar;941.3
2020;Tondela;609.8
2020;Torre de Moncorvo;328.3
2020;Torres Novas;769.5
2020;Torres Vedras;2321.0
2020;Trancoso;166.9
2020;Trofa;1374.7
2020;Tábua;427.8
2020;Vagos;538.9
2020;Vale de Cambra;434.8
2020;Valença;553.8
2020;Valongo;4349.4
2020;Valpaços;494.7
2020;Velas;693.0
2020;Vendas Novas;274.7
2020;Viana do Alentejo;207.5
2020;Viana do Castelo;2314.7
2020;Vidigueira;267.7
2020;Vieira do Minho;655.6
2020;Vila Flor;287.2
2020;Vila Franca de Xira;4443.3
2020;Vila Franca do Campo;1088.0
2020;Vila Nova da Barquinha;161.4
2020;Vila Nova de Cerveira;261.2
2020;Vila Nova de Famalicão;4543.1
2020;Vila Nova de Foz Côa;210.8
2020;Vila Nova de Gaia;16138.2
2020;Vila Nova de Paiva;165.3
2020;Vila Nova de Poiares;221.4
2020;Vila Pouca de Aguiar;454.3
2020;Vila Real;2462.2
2020;Vila Real de Santo António;905.3
2020;Vila Velha de Ródão;66.3
2020;Vila Verde;1303.8
2020;Vila Viçosa;215.8
2020;Vila da Praia da Vitória;2852.0
2020;Vila de Rei;74.9
2020;Vila do Bispo;258.2
2020;Vila do Conde;2899.0
2020;Vila do Porto;762.0
2020;Vimioso;126.5
2020;Vinhais;260.2
2020;Viseu;3232.0
2020;Vizela;1026.2
2020;Vouzela;325.5
2020;Águeda;1153.4
2020;Évora;1854.1
2020;Ílhavo;1363.0
2020;Óbidos;276.8
2021;Abrantes;1323.7
2021;Aguiar da Beira;135.0
2021;Alandroal;98.3
2021;Albergaria-a-Velha;576.6
2021;Albufeira;4376.2
2021;Alcanena;261.0
2021;Alcobaça;1213.9
2021;Alcochete;550.4
2021;Alcoutim;33.3
2021;Alcácer do Sal;220.3
2021;Alenquer;1578.4
2021;Alfândega da Fé;214.4
2021;Alijó;573.0
2021;Aljezur;185.8
2021;Aljustrel;276.9
2021;Almada;6314.0
2021;Almeida;147.0
2021;Almeirim;621.1
2021;Almodôvar;195.4
2021;Alpiarça;178.6
2021;Alter do Chão;126.5
2021;Alvaiázere;119.2
2021;Alvito;70.9
2021;Amadora;6032.2
2021;Amarante;2546.3
2021;Amares;607.8
2021;Anadia;468.3
2021;Angra do Heroísmo;6093.0
2021;Ansião;250.4
2021;Arcos de Valdevez;486.7
2021;Arganil;373.3
2021;Armamar;236.0
2021;Arouca;541.1
2021;Arraiolos;130.4
2021;Arronches;52.8
2021;Arruda dos Vinhos;345.8
2021;Aveiro;2479.1
2021;Avis;182.8
2021;Azambuja;616.6
2021;Baião;1072.4
2021;Barcelos;2476.3
2021;Barrancos;92.9
2021;Barreiro;3442.7
2021;Batalha;284.8
2021;Beja;1159.4
2021;Belmonte;243.8
2021;Benavente;1070.3
2021;Bombarral;370.0
2021;Borba;222.4
2021;Boticas;135.6
2021;Braga;6911.0
2021;Bragança;912.8
2021;Cabeceiras de Basto;720.9
2021;Cadaval;370.1
2021;Caldas da Rainha;1524.2
2021;Calheta [R.A.A.];361.0
2021;Calheta [R.A.M.];1838.0
2021;Caminha;373.8
2021;Campo Maior;416.0
2021;Cantanhede;812.8
2021;Carrazeda de Ansiães;212.4
2021;Carregal do Sal;259.2
2021;Cartaxo;598.1
2021;Cascais;7974.5
2021;Castanheira de Pêra;68.0
2021;Castelo Branco;1569.3
2021;Castelo de Paiva;694.3
2021;Castelo de Vide;73.5
2021;Castro Daire;547.6
2021;Castro Marim;243.4
2021;Castro Verde;208.8
2021;Celorico da Beira;230.6
2021;Celorico de Basto;808.4
2021;Chamusca;199.6
2021;Chaves;1434.3
2021;Cinfães;924.3
2021;Coimbra;4475.6
2021;Condeixa-a-Nova;360.1
2021;Constância;117.6
2021;Coruche;581.6
2021;Corvo;57.0
2021;Covilhã;1510.6
2021;Crato;127.6
2021;Cuba;167.8
2021;Câmara de Lobos;2410.0
2021;Elvas;1012.8
2021;Entroncamento;532.3
2021;Espinho;1592.9
2021;Esposende;737.2
2021;Estarreja;841.2
2021;Estremoz;358.8
2021;Fafe;2044.2
2021;Faro;2679.8
2021;Felgueiras;2217.5
2021;Ferreira do Alentejo;257.1
2021;Ferreira do Zêzere;110.0
2021;Figueira da Foz;2448.3
2021;Figueira de Castelo Rodrigo;191.3
2021;Figueiró dos Vinhos;165.6
2021;Fornos de Algodres;131.3
2021;Freixo de Espada à Cinta;170.3
2021;Fronteira;123.1
2021;Funchal;30629.0
2021;Fundão;743.9
2021;Gavião;85.5
2021;Golegã;95.1
2021;Gondomar;7575.3
2021;Gouveia;396.3
2021;Grândola;281.1
2021;Guarda;1186.6
2021;Guimarães;6164.7
2021;Góis;118.5
2021;Horta;2602.0
2021;Idanha-a-Nova;333.4
2021;Lagoa;1364.1
2021;Lagoa [R.A.A.];2130.0
2021;Lagos;1631.9
2021;Lajes das Flores;149.0
2021;Lajes do Pico;373.0
2021;Lamego;1670.8
2021;Leiria;3156.4
2021;Lisboa;22811.6
2021;Loulé;3822.6
2021;Loures;7902.3
2021;Lourinhã;748.8
2021;Lousada;1592.6
2021;Lousã;555.0
2021;Macedo de Cavaleiros;498.8
2021;Machico;2102.0
2021;Madalena;1078.0
2021;Mafra;2060.4
2021;Maia;4914.0
2021;Mangualde;638.8
2021;Manteigas;86.8
2021;Marco de Canaveses;2732.4
2021;Marinha Grande;1447.2
2021;Marvão;85.7
2021;Matosinhos;7902.0
2021;Mação;160.8
2021;Mealhada;388.1
2021;Melgaço;111.9
2021;Mesão Frio;261.5
2021;Mira;345.8
2021;Miranda do Corvo;296.8
2021;Miranda do Douro;167.2
2021;Mirandela;809.1
2021;Mogadouro;297.9
2021;Moimenta da Beira;691.4
2021;Moita;3008.1
2021;Monchique;179.8
2021;Mondim de Basto;272.9
2021;Monforte;138.4
2021;Montalegre;297.7
2021;Montemor-o-Novo;282.4
2021;Montemor-o-Velho;678.8
2021;Montijo;2301.1
2021;Monção;389.9
2021;Mora;76.3
2021;Mortágua;121.5
2021;Moura;954.3
2021;Mourão;187.3
2021;Murtosa;227.2
2021;Murça;369.1
2021;Mértola;217.8
2021;Mêda;89.0
2021;Nazaré;445.3
2021;Nelas;433.3
2021;Nisa;193.0
2021;Nordeste;404.0
2021;Odemira;1431.6
2021;Odivelas;5278.4
2021;Oeiras;5332.8
2021;Oleiros;80.1
2021;Olhão;1754.8
2021;Oliveira de Azeméis;1897.4
2021;Oliveira de Frades;351.9
2021;Oliveira do Bairro;519.5
2021;Oliveira do Hospital;637.1
2021;Ourique;132.7
2021;Ourém;739.4
2021;Ovar;1923.6
2021;Palmela;2019.3
2021;Pampilhosa da Serra;83.8
2021;Paredes;3263.0
2021;Paredes de Coura;273.2
2021;Paços de Ferreira;2032.3
2021;Pedrógão Grande;117.6
2021;Penacova;226.3
2021;Penafiel;2576.8
2021;Penalva do Castelo;226.8
2021;Penamacor;144.0
2021;Penedono;89.5
2021;Penela;98.2
2021;Peniche;959.4
2021;Peso da Régua;1020.2
2021;Pinhel;131.7
2021;Pombal;1030.5
2021;Ponta Delgada;14655.0
2021;Ponta do Sol;702.0
2021;Ponte da Barca;247.9
2021;Ponte de Lima;781.3
2021;Ponte de Sor;479.4
2021;Portalegre;598.6
2021;Portel;247.8
2021;Portimão;4048.6
2021;Porto;12595.8
2021;Porto Moniz;294.0
2021;Porto Santo;951.0
2021;Porto de Mós;472.6
2021;Povoação;757.0
2021;Proença-a-Nova;153.2
2021;Póvoa de Lanhoso;801.8
2021;Póvoa de Varzim;2403.0
2021;Redondo;205.9
2021;Reguengos de Monsaraz;436.1
2021;Resende;563.4
2021;Ribeira Brava;1544.0
2021;Ribeira Grande;4808.0
2021;Ribeira de Pena;313.3
2021;Rio Maior;430.9
2021;Sabrosa;268.3
2021;Sabugal;240.2
2021;Salvaterra de Magos;699.4
2021;Santa Comba Dão;290.8
2021;Santa Cruz;4753.0
2021;Santa Cruz da Graciosa;464.0
2021;Santa Cruz das Flores;282.0
2021;Santa Maria da Feira;5191.1
2021;Santa Marta de Penaguião;409.2
2021;Santana;487.0
2021;Santarém;1344.4
2021;Santiago do Cacém;717.9
2021;Santo Tirso;2558.0
2021;Sardoal;125.3
2021;Seia;635.0
2021;Seixal;5492.6
2021;Sernancelhe;203.8
2021;Serpa;617.7
2021;Sertã;412.9
2021;Sesimbra;1377.8
2021;Setúbal;4735.9
2021;Sever do Vouga;177.9
2021;Silves;1931.9
2021;Sines;613.0
2021;Sintra;14982.2
2021;Sobral de Monte Agraço;253.1
2021;Soure;450.6
2021;Sousel;172.3
2021;Sátão;401.1
2021;São Brás de Alportel;301.3
2021;São João da Madeira;1018.4
2021;São João da Pesqueira;209.1
2021;São Pedro do Sul;596.3
2021;São Roque do Pico;493.0
2021;São Vicente;569.0
2021;Tabuaço;333.6
2021;Tarouca;474.1
2021;Tavira;837.2
2021;Terras de Bouro;280.2
2021;Tomar;785.6
2021;Tondela;620.6
2021;Torre de Moncorvo;363.8
2021;Torres Novas;734.5
2021;Torres Vedras;2406.7
2021;Trancoso;152.5
2021;Trofa;1230.5
2021;Tábua;371.9
2021;Vagos;527.0
2021;Vale de Cambra;444.4
2021;Valença;512.8
2021;Valongo;4111.1
2021;Valpaços;483.5
2021;Velas;808.0
2021;Vendas Novas;240.4
2021;Viana do Alentejo;193.8
2021;Viana do Castelo;2195.5
2021;Vidigueira;280.7
2021;Vieira do Minho;575.7
2021;Vila Flor;247.9
2021;Vila Franca de Xira;4929.3
2021;Vila Franca do Campo;1128.0
2021;Vila Nova da Barquinha;161.2
2021;Vila Nova de Cerveira;252.0
2021;Vila Nova de Famalicão;4333.3
2021;Vila Nova de Foz Côa;234.0
2021;Vila Nova de Gaia;16407.5
2021;Vila Nova de Paiva;174.8
2021;Vila Nova de Poiares;223.5
2021;Vila Pouca de Aguiar;455.3
2021;Vila Real;2331.5
2021;Vila Real de Santo António;885.8
2021;Vila Velha de Ródão;75.8
2021;Vila Verde;1332.8
2021;Vila Viçosa;188.9
2021;Vila da Praia da Vitória;2829.0
2021;Vila de Rei;70.6
2021;Vila do Bispo;241.3
2021;Vila do Conde;2797.3
2021;Vila do Porto;816.0
2021;Vimioso;132.3
2021;Vinhais;259.6
2021;Viseu;3138.6
2021;Vizela;903.8
2021;Vouzela;342.3
2021;Águeda;1011.3
2021;Évora;1686.0
2021;Ílhavo;1246.1
2021;Óbidos;272.2
2022;Abrantes;1195.0
2022;Aguiar da Beira;98.6
2022;Alandroal;88.3
2022;Albergaria-a-Velha;474.3
2022;Albufeira;2338.1
2022;Alcanena;236.8
2022;Alcobaça;1087.5
2022;Alcochete;446.5
2022;Alcoutim;27.0
2022;Alcácer do Sal;149.8
2022;Alenquer;1261.6
2022;Alfândega da Fé;202.7
2022;Alijó;545.6
2022;Aljezur;144.1
2022;Aljustrel;194.4
2022;Almada;5167.7
2022;Almeida;104.1
2022;Almeirim;542.7
2022;Almodôvar;158.6
2022;Alpiarça;148.7
2022;Alter do Chão;114.7
2022;Alvaiázere;110.4
2022;Alvito;77.5
2022;Amadora;4381.3
2022;Amarante;2336.2
2022;Amares;495.0
2022;Anadia;398.0
2022;Angra do Heroísmo;6261.0
2022;Ansião;240.8
2022;Arcos de Valdevez;363.0
2022;Arganil;340.7
2022;Armamar;215.5
2022;Arouca;434.2
2022;Arraiolos;103.3
2022;Arronches;54.4
2022;Arruda dos Vinhos;288.5
2022;Aveiro;1922.8
2022;Avis;143.0
2022;Azambuja;567.7
2022;Baião;952.6
2022;Barcelos;2080.4
2022;Barrancos;76.9
2022;Barreiro;2780.8
2022;Batalha;243.1
2022;Beja;1011.4
2022;Belmonte;189.5
2022;Benavente;875.8
2022;Bombarral;326.9
2022;Borba;221.3
2022;Boticas;114.8
2022;Braga;5460.1
2022;Bragança;788.3
2022;Cabeceiras de Basto;611.6
2022;Cadaval;313.2
2022;Caldas da Rainha;1222.6
2022;Calheta [R.A.A.];377.0
2022;Calheta [R.A.M.];2142.0
2022;Caminha;297.3
2022;Campo Maior;350.2
2022;Cantanhede;684.3
2022;Carrazeda de Ansiães;210.2
2022;Carregal do Sal;210.4
2022;Cartaxo;511.3
2022;Cascais;5852.3
2022;Castanheira de Pêra;70.8
2022;Castelo Branco;1596.8
2022;Castelo de Paiva;549.1
2022;Castelo de Vide;63.0
2022;Castro Daire;481.3
2022;Castro Marim;170.6
2022;Castro Verde;139.5
2022;Celorico da Beira;167.5
2022;Celorico de Basto;752.8
2022;Chamusca;157.5
2022;Chaves;1286.3
2022;Cinfães;768.9
2022;Coimbra;3906.6
2022;Condeixa-a-Nova;305.1
2022;Constância;108.2
2022;Coruche;517.1
2022;Corvo;43.0
2022;Covilhã;1247.7
2022;Crato;116.5
2022;Cuba;167.3
2022;Câmara de Lobos;2860.0
2022;Elvas;899.9
2022;Entroncamento;541.8
2022;Espinho;1194.5
2022;Esposende;656.6
2022;Estarreja;658.8
2022;Estremoz;290.2
2022;Fafe;1739.4
2022;Faro;1653.2
2022;Felgueiras;1539.3
2022;Ferreira do Alentejo;210.5
2022;Ferreira do Zêzere;97.4
2022;Figueira da Foz;2235.9
2022;Figueira de Castelo Rodrigo;150.2
2022;Figueiró dos Vinhos;146.3
2022;Fornos de Algodres;138.3
2022;Freixo de Espada à Cinta;162.8
2022;Fronteira;99.4
2022;Funchal;35501.0
2022;Fundão;642.6
2022;Gavião;88.3
2022;Golegã;86.8
2022;Gondomar;5363.4
2022;Gouveia;337.9
2022;Grândola;210.2
2022;Guarda;1039.8
2022;Guimarães;5369.2
2022;Góis;113.8
2022;Horta;2532.0
2022;Idanha-a-Nova;349.6
2022;Lagoa;801.8
2022;Lagoa [R.A.A.];2182.0
2022;Lagos;962.7
2022;Lajes das Flores;154.0
2022;Lajes do Pico;400.0
2022;Lamego;1564.1
2022;Leiria;2793.3
2022;Lisboa;17470.8
2022;Loulé;2121.2
2022;Loures;6235.4
2022;Lourinhã;572.0
2022;Lousada;1179.3
2022;Lousã;449.5
2022;Macedo de Cavaleiros;501.4
2022;Machico;2400.0
2022;Madalena;1026.0
2022;Mafra;1622.3
2022;Maia;3770.8
2022;Mangualde;571.5
2022;Manteigas;65.4
2022;Marco de Canaveses;2351.6
2022;Marinha Grande;1381.3
2022;Marvão;64.6
2022;Matosinhos;6438.3
2022;Mação;144.9
2022;Mealhada;317.0
2022;Melgaço;105.3
2022;Mesão Frio;225.7
2022;Mira;266.8
2022;Miranda do Corvo;268.1
2022;Miranda do Douro;161.7
2022;Mirandela;664.4
2022;Mogadouro;279.9
2022;Moimenta da Beira;664.7
2022;Moita;2433.9
2022;Monchique;141.4
2022;Mondim de Basto;217.9
2022;Monforte;138.0
2022;Montalegre;280.9
2022;Montemor-o-Novo;221.5
2022;Montemor-o-Velho;608.1
2022;Montijo;1836.6
2022;Monção;295.2
2022;Mora;62.1
2022;Mortágua;117.8
2022;Moura;806.8
2022;Mourão;179.5
2022;Murtosa;194.8
2022;Murça;359.6
2022;Mértola;186.7
2022;Mêda;65.3
2022;Nazaré;376.6
2022;Nelas;350.1
2022;Nisa;173.3
2022;Nordeste;467.0
2022;Odemira;1419.4
2022;Odivelas;3881.8
2022;Oeiras;4017.8
2022;Oleiros;81.1
2022;Olhão;1297.8
2022;Oliveira de Azeméis;1462.4
2022;Oliveira de Frades;260.1
2022;Oliveira do Bairro;415.5
2022;Oliveira do Hospital;573.6
2022;Ourique;114.8
2022;Ourém;632.4
2022;Ovar;1399.4
2022;Palmela;1680.1
2022;Pampilhosa da Serra;90.6
2022;Paredes;2547.2
2022;Paredes de Coura;211.7
2022;Paços de Ferreira;1496.4
2022;Pedrógão Grande;106.3
2022;Penacova;189.2
2022;Penafiel;2070.9
2022;Penalva do Castelo;211.8
2022;Penamacor;131.5
2022;Penedono;86.1
2022;Penela;95.8
2022;Peniche;806.2
2022;Peso da Régua;948.0
2022;Pinhel;112.3
2022;Pombal;928.5
2022;Ponta Delgada;15413.0
2022;Ponta do Sol;825.0
2022;Ponte da Barca;195.7
2022;Ponte de Lima;561.8
2022;Ponte de Sor;453.3
2022;Portalegre;517.5
2022;Portel;199.5
2022;Portimão;2705.4
2022;Porto;10503.8
2022;Porto Moniz;329.0
2022;Porto Santo;1111.0
2022;Porto de Mós;423.2
2022;Povoação;791.0
2022;Proença-a-Nova;139.3
2022;Póvoa de Lanhoso;684.8
2022;Póvoa de Varzim;1986.3
2022;Redondo;221.3
2022;Reguengos de Monsaraz;379.0
2022;Resende;557.7
2022;Ribeira Brava;1662.0
2022;Ribeira Grande;4374.0
2022;Ribeira de Pena;314.5
2022;Rio Maior;416.5
2022;Sabrosa;236.0
2022;Sabugal;200.3
2022;Salvaterra de Magos;595.4
2022;Santa Comba Dão;268.3
2022;Santa Cruz;5954.0
2022;Santa Cruz da Graciosa;479.0
2022;Santa Cruz das Flores;258.0
2022;Santa Maria da Feira;4021.6
2022;Santa Marta de Penaguião;395.3
2022;Santana;559.0
2022;Santarém;1246.3
2022;Santiago do Cacém;553.5
2022;Santo Tirso;2099.0
2022;Sardoal;111.7
2022;Seia;573.7
2022;Seixal;4357.1
2022;Sernancelhe;178.7
2022;Serpa;579.2
2022;Sertã;396.3
2022;Sesimbra;1136.8
2022;Setúbal;4173.3
2022;Sever do Vouga;140.4
2022;Silves;1305.8
2022;Sines;446.7
2022;Sintra;11051.9
2022;Sobral de Monte Agraço;195.2
2022;Soure;398.0
2022;Sousel;152.1
2022;Sátão;377.8
2022;São Brás de Alportel;231.1
2022;São João da Madeira;837.6
2022;São João da Pesqueira;191.9
2022;São Pedro do Sul;489.9
2022;São Roque do Pico;472.0
2022;São Vicente;578.0
2022;Tabuaço;282.7
2022;Tarouca;452.7
2022;Tavira;533.3
2022;Terras de Bouro;216.2
2022;Tomar;717.0
2022;Tondela;489.2
2022;Torre de Moncorvo;325.8
2022;Torres Novas;682.7
2022;Torres Vedras;1933.7
2022;Trancoso;121.4
2022;Trofa;1031.8
2022;Tábua;357.4
2022;Vagos;378.8
2022;Vale de Cambra;394.4
2022;Valença;386.4
2022;Valongo;3359.3
2022;Valpaços;475.8
2022;Velas;815.0
2022;Vendas Novas;190.3
2022;Viana do Alentejo;144.8
2022;Viana do Castelo;1706.9
2022;Vidigueira;247.8
2022;Vieira do Minho;508.8
2022;Vila Flor;199.5
2022;Vila Franca de Xira;3780.3
2022;Vila Franca do Campo;935.0
2022;Vila Nova da Barquinha;157.2
2022;Vila Nova de Cerveira;216.8
2022;Vila Nova de Famalicão;3395.8
2022;Vila Nova de Foz Côa;234.3
2022;Vila Nova de Gaia;11236.7
2022;Vila Nova de Paiva;160.3
2022;Vila Nova de Poiares;151.8
2022;Vila Pouca de Aguiar;448.8
2022;Vila Real;2248.8
2022;Vila Real de Santo António;572.6
2022;Vila Velha de Ródão;70.6
2022;Vila Verde;1068.4
2022;Vila Viçosa;153.5
2022;Vila da Praia da Vitória;2977.0
2022;Vila de Rei;64.1
2022;Vila do Bispo;142.3
2022;Vila do Conde;2300.9
2022;Vila do Porto;826.0
2022;Vimioso;124.3
2022;Vinhais;232.9
2022;Viseu;2643.2
2022;Vizela;694.7
2022;Vouzela;240.5
2022;Águeda;813.3
2022;Évora;1248.5
2022;Ílhavo;933.8
2022;Óbidos;217.7
2023;Abrantes;1139.6
2023;Aguiar da Beira;88.4
2023;Alandroal;83.5
2023;Albergaria-a-Velha;505.9
2023;Albufeira;2278.5
2023;Alcanena;235.1
2023;Alcobaça;1205.1
2023;Alcochete;391.6
2023;Alcoutim;33.6
2023;Alcácer do Sal;161.2
2023;Alenquer;1290.1
2023;Alfândega da Fé;180.8
2023;Alijó;527.7
2023;Aljezur;169.3
2023;Aljustrel;224.8
2023;Almada;4709.3
2023;Almeida;95.4
2023;Almeirim;576.4
2023;Almodôvar;129.0
2023;Alpiarça;170.3
2023;Alter do Chão;124.7
2023;Alvaiázere;115.7
2023;Alvito;76.5
2023;Amadora;4484.1
2023;Amarante;2258.7
2023;Amares;513.8
2023;Anadia;506.3
2023;Angra do Heroísmo;
2023;Ansião;249.1
2023;Arcos de Valdevez;382.2
2023;Arganil;320.9
2023;Armamar;216.7
2023;Arouca;433.3
2023;Arraiolos;97.3
2023;Arronches;57.4
2023;Arruda dos Vinhos;250.1
2023;Aveiro;2021.6
2023;Avis;141.6
2023;Azambuja;531.7
2023;Baião;867.8
2023;Barcelos;2163.4
2023;Barrancos;75.1
2023;Barreiro;2837.4
2023;Batalha;284.0
2023;Beja;1132.6
2023;Belmonte;194.3
2023;Benavente;910.9
2023;Bombarral;347.3
2023;Borba;233.2
2023;Boticas;109.5
2023;Braga;5686.8
2023;Bragança;867.0
2023;Cabeceiras de Basto;634.4
2023;Cadaval;315.6
2023;Caldas da Rainha;1253.8
2023;Calheta [R.A.A.];
2023;Calheta [R.A.M.];
2023;Caminha;303.3
2023;Campo Maior;361.6
2023;Cantanhede;735.5
2023;Carrazeda de Ansiães;187.6
2023;Carregal do Sal;248.6
2023;Cartaxo;492.6
2023;Cascais;5589.2
2023;Castanheira de Pêra;75.7
2023;Castelo Branco;1639.8
2023;Castelo de Paiva;558.3
2023;Castelo de Vide;50.9
2023;Castro Daire;478.0
2023;Castro Marim;159.2
2023;Castro Verde;137.0
2023;Celorico da Beira;168.9
2023;Celorico de Basto;740.6
2023;Chamusca;150.2
2023;Chaves;1168.6
2023;Cinfães;891.1
2023;Coimbra;4028.7
2023;Condeixa-a-Nova;287.7
2023;Constância;102.6
2023;Coruche;501.5
2023;Corvo;
2023;Covilhã;1453.7
2023;Crato;98.1
2023;Cuba;187.3
2023;Câmara de Lobos;
2023;Elvas;963.2
2023;Entroncamento;632.8
2023;Espinho;1102.4
2023;Esposende;700.7
2023;Estarreja;710.7
2023;Estremoz;318.5
2023;Fafe;1853.8
2023;Faro;1649.2
2023;Felgueiras;1838.8
2023;Ferreira do Alentejo;236.5
2023;Ferreira do Zêzere;115.4
2023;Figueira da Foz;2285.8
2023;Figueira de Castelo Rodrigo;138.8
2023;Figueiró dos Vinhos;151.2
2023;Fornos de Algodres;131.3
2023;Freixo de Espada à Cinta;172.8
2023;Fronteira;96.3
2023;Funchal;
2023;Fundão;628.5
2023;Gavião;76.5
2023;Golegã;85.3
2023;Gondomar;5283.4
2023;Gouveia;307.9
2023;Grândola;164.6
2023;Guarda;1017.5
2023;Guimarães;6247.9
2023;Góis;100.0
2023;Horta;
2023;Idanha-a-Nova;358.3
2023;Lagoa;776.2
2023;Lagoa [R.A.A.];
2023;Lagos;950.6
2023;Lajes do Pico;
2023;Lamego;1514.3
2023;Leiria;3122.1
2023;Lisboa;17209.4
2023;Loulé;1961.4
2023;Loures;5637.2
2023;Lourinhã;622.6
2023;Lousada;1244.7
2023;Lousã;507.4
2023;Macedo de Cavaleiros;504.2
2023;Machico;
2023;Madalena;
2023;Mafra;1568.3
2023;Maia;3570.9
2023;Mangualde;512.1
2023;Manteigas;62.8
2023;Marco de Canaveses;2545.4
2023;Marinha Grande;1488.0
2023;Marvão;52.1
2023;Matosinhos;5964.9
2023;Mação;117.0
2023;Mealhada;406.3
2023;Melgaço;107.6
2023;Mesão Frio;200.8
2023;Mira;258.4
2023;Miranda do Corvo;271.2
2023;Miranda do Douro;147.3
2023;Mirandela;706.2
2023;Mogadouro;275.4
2023;Moimenta da Beira;654.7
2023;Moita;2429.4
2023;Monchique;120.8
2023;Mondim de Basto;221.5
2023;Monforte;161.3
2023;Montalegre;285.3
2023;Montemor-o-Novo;241.4
2023;Montemor-o-Velho;568.1
2023;Montijo;1995.5
2023;Monção;282.0
2023;Mora;59.7
2023;Mortágua;120.1
2023;Moura;901.3
2023;Mourão;172.7
2023;Murtosa;206.3
2023;Murça;353.3
2023;Mértola;163.2
2023;Mêda;55.1
2023;Nazaré;406.3
2023;Nelas;367.3
2023;Nisa;152.8
2023;Nordeste;
2023;Odemira;2092.8
2023;Odivelas;3762.7
2023;Oeiras;3779.0
2023;Oleiros;72.3
2023;Olhão;1191.4
2023;Oliveira de Azeméis;1464.5
2023;Oliveira de Frades;264.7
2023;Oliveira do Bairro;491.2
2023;Oliveira do Hospital;560.5
2023;Ourique;107.3
2023;Ourém;688.1
2023;Ovar;1405.1
2023;Palmela;1594.3
2023;Pampilhosa da Serra;72.1
2023;Paredes;2545.1
2023;Paredes de Coura;192.3
2023;Paços de Ferreira;1695.8
2023;Pedrógão Grande;106.4
2023;Penacova;180.2
2023;Penafiel;2186.8
2023;Penalva do Castelo;197.5
2023;Penamacor;128.9
2023;Penedono;87.1
2023;Penela;97.9
2023;Peniche;834.4
2023;Peso da Régua;876.8
2023;Pinhel;96.7
2023;Pombal;926.8
2023;Ponta Delgada;
2023;Ponta do Sol;
2023;Ponte da Barca;193.3
2023;Ponte de Lima;599.9
2023;Ponte de Sor;433.8
2023;Portalegre;521.7
2023;Portel;187.0
2023;Portimão;2615.3
2023;Porto;10179.6
2023;Porto Moniz;
2023;Porto Santo;
2023;Porto de Mós;461.7
2023;Povoação;
2023;Proença-a-Nova;121.9
2023;Póvoa de Lanhoso;675.3
2023;Póvoa de Varzim;2043.4
2023;Redondo;201.2
2023;Reguengos de Monsaraz;367.8
2023;Resende;586.4
2023;Ribeira Brava;
2023;Ribeira Grande;
2023;Ribeira de Pena;288.5
2023;Rio Maior;415.8
2023;Sabrosa;231.9
2023;Sabugal;187.5
2023;Salvaterra de Magos;665.6
2023;Santa Comba Dão;287.9
2023;Santa Cruz;
2023;Santa Cruz da Graciosa;
2023;Santa Cruz das Flores;
2023;Santa Maria da Feira;3759.1
2023;Santa Marta de Penaguião;379.3
2023;Santana;
2023;Santarém;1387.9
2023;Santiago do Cacém;510.3
2023;Santo Tirso;2218.1
2023;Sardoal;93.8
2023;Seia;589.1
2023;Seixal;4622.7
2023;Sernancelhe;174.5
2023;Serpa;579.2
2023;Sertã;428.7
2023;Sesimbra;1201.1
2023;Setúbal;4166.8
2023;Sever do Vouga;145.2
2023;Silves;1207.8
2023;Sines;417.7
2023;Sintra;10254.4
2023;Sobral de Monte Agraço;192.7
2023;Soure;346.4
2023;Sousel;151.8
2023;Sátão;371.0
2023;São Brás de Alportel;203.7
2023;São João da Madeira;852.5
2023;São João da Pesqueira;193.7
2023;São Pedro do Sul;496.3
2023;São Roque do Pico;
2023;São Vicente;
2023;Tabuaço;276.6
2023;Tarouca;441.4
2023;Tavira;556.0
2023;Terras de Bouro;215.4
2023;Tomar;775.9
2023;Tondela;564.7
2023;Torre de Moncorvo;336.8
2023;Torres Novas;767.8
2023;Torres Vedras;2077.8
2023;Trancoso;111.3
2023;Trofa;1012.5
2023;Tábua;326.4
2023;Vagos;395.5
2023;Vale de Cambra;376.4
2023;Valença;406.8
2023;Valongo;3044.8
2023;Valpaços;503.6
2023;Velas;
2023;Vendas Novas;233.6
2023;Viana do Alentejo;130.3
2023;Viana do Castelo;1858.8
2023;Vidigueira;244.6
2023;Vieira do Minho;480.3
2023;Vila Flor;198.2
2023;Vila Franca de Xira;3896.8
2023;Vila Franca do Campo;
2023;Vila Nova da Barquinha;159.3
2023;Vila Nova de Cerveira;227.2
2023;Vila Nova de Famalicão;3490.7
2023;Vila Nova de Foz Côa;192.6
2023;Vila Nova de Gaia;10555.3
2023;Vila Nova de Paiva;115.3
2023;Vila Nova de Poiares;191.8
2023;Vila Pouca de Aguiar;416.9
2023;Vila Real;2353.7
2023;Vila Real de Santo António;571.0
2023;Vila Velha de Ródão;61.3
2023;Vila Verde;1151.7
2023;Vila Viçosa;157.9
2023;Vila da Praia da Vitória;
2023;Vila de Rei;68.8
2023;Vila do Bispo;144.1
2023;Vila do Conde;2296.4
2023;Vila do Porto;
2023;Vimioso;108.2
2023;Vinhais;235.1
2023;Viseu;2537.2
2023;Vizela;875.4
2023;Vouzela;215.5
2023;Águeda;1018.6
2023;Évora;1264.3
2023;Ílhavo;872.1
2023;Óbidos;208.4
