Ano,Desemprego 25-34 anos,População com 1º Ciclo,População com 2º Ciclo,População com 3º Ciclo/Secundário,Pré-Escolar,População Empregada - Homens,População Empregada - Total
2009,589.7,103.8,121.1,117.5,108.3,3514.589952477936,2164.1
2009,33.7,912.8684819097351,1001.1105367138624,12.5,608.3602528089887,3514.589952477936,168.1
2009,53.6,33.3,75.0,22.2,608.3602528089887,3514.589952477936,240.8
2009,267.3,90.9,85.7,72.1,111.1,3514.589952477936,1153.9
2009,649.5,48.1,56.5,30.5,55.0,3514.589952477936,2292.0
2009,115.8,91.7,190.0,100.0,166.7,3514.589952477936,465.1
2009,552.9,67.2,234.6,73.8,76.7,3514.589952477936,2435.1
2009,146.8,31.6,69.2,55.6,100.0,3514.589952477936,578.6
2009,8.8,912.8684819097351,1001.1105367138624,6.3,608.3602528089887,3514.589952477936,35.6
2009,110.6,114.3,77.8,41.7,42.9,3514.589952477936,430.1
2009,522.4,37.0,93.1,54.9,56.3,3514.589952477936,1900.2
2009,39.6,400.0,200.0,37.5,50.0,3514.589952477936,245.3
2009,148.6,525.0,133.3,34.2,100.0,3514.589952477936,624.8
2009,34.9,100.0,1001.1105367138624,15.4,608.3602528089887,3514.589952477936,130.5
2009,93.7,125.0,133.3,41.7,83.3,3514.589952477936,382.5
2009,1685.3,44.3,134.1,211.2,51.1,3514.589952477936,6803.9
2009,30.5,900.0,300.0,84.2,400.0,3514.589952477936,158.3
2009,239.8,82.4,166.7,106.5,114.3,3514.589952477936,1002.4
2009,85.7,150.0,66.7,45.0,100.0,3514.589952477936,482.9
2009,60.8,75.0,66.7,42.9,200.0,3514.589952477936,328.4
2009,39.8,100.0,166.7,35.3,200.0,3514.589952477936,130.2
2009,58.8,33.3,100.0,85.7,608.3602528089887,3514.589952477936,234.4
2009,19.5,100.0,25.0,1159.7449092741936,100.0,3514.589952477936,75.8
2009,783.4,98.2,122.2,37.8,70.0,3514.589952477936,3781.1
2009,240.1,133.3,200.0,33.3,266.7,3514.589952477936,914.8
2009,263.3,131.8,280.0,126.7,100.0,3514.589952477936,1083.9
2009,104.2,81.8,320.0,45.5,75.0,3514.589952477936,530.4
2009,182.2,173.3,228.6,69.7,60.0,3514.589952477936,790.9
2009,82.8,100.0,63.6,47.2,20.0,3514.589952477936,382.3
2009,59.8,166.7,114.3,1159.7449092741936,300.0,3514.589952477936,264.9
2009,153.1,48.6,52.9,22.5,140.0,3514.589952477936,710.0
2009,52.5,150.0,500.0,29.6,150.0,3514.589952477936,237.0
2009,27.5,33.3,400.0,10.0,100.0,3514.589952477936,101.6
2009,105.2,23.8,111.1,46.7,16.7,3514.589952477936,358.3
2009,1040.4,134.6,182.1,123.7,65.9,3514.589952477936,3651.3
2009,44.7,33.3,25.0,18.2,608.3602528089887,3514.589952477936,232.3
2009,258.6,87.5,109.1,34.1,608.3602528089887,3514.589952477936,980.5
2009,399.3,52.0,45.8,5.1,28.6,3514.589952477936,1759.2
2009,876.9,81.7,129.2,48.1,103.2,3514.589952477936,5026.9
2009,14.3,100.0,1001.1105367138624,16.7,608.3602528089887,3514.589952477936,90.5
2009,1021.3,46.0,149.2,177.2,60.0,3514.589952477936,3986.7
2009,124.4,123.1,125.0,37.8,250.0,3514.589952477936,494.9
2009,389.3,127.3,162.5,111.0,46.2,3514.589952477936,1220.8
2009,98.0,912.8684819097351,100.0,137.5,200.0,3514.589952477936,356.1
2009,325.1,65.4,50.0,44.2,116.7,3514.589952477936,1328.0
2009,122.8,166.7,125.0,62.9,200.0,3514.589952477936,486.8
2009,70.4,166.7,160.0,35.7,200.0,3514.589952477936,295.3
2009,41.9,912.8684819097351,500.0,18.2,608.3602528089887,3514.589952477936,205.0
2009,492.8,435.7,330.0,152.9,60.0,3514.589952477936,1519.3
2009,279.3,640.0,100.0,14.0,300.0,3514.589952477936,1120.1
2009,117.3,43.5,62.5,23.5,175.0,3514.589952477936,508.3
2009,638.3,75.8,138.8,109.5,94.1,3514.589952477936,2479.1
2009,153.9,45.5,118.8,80.0,100.0,3514.589952477936,584.3
2009,107.3,100.0,81.8,19.0,16.7,3514.589952477936,383.2
2009,345.3,181.0,191.3,138.8,47.1,3514.589952477936,1210.9
2009,60.6,912.8684819097351,800.0,54.5,608.3602528089887,3514.589952477936,236.8
2009,82.8,100.0,250.0,94.7,200.0,3514.589952477936,386.0
2009,238.4,86.4,50.0,154.5,40.0,3514.589952477936,939.8
2009,1722.5,43.5,135.7,149.7,56.2,3514.589952477936,7464.1
2009,680.9,233.3,352.6,173.1,176.9,3514.589952477936,2654.8
2009,213.6,48.6,26.3,5.8,28.6,3514.589952477936,1323.5
2009,27.2,100.0,200.0,40.0,33.3,3514.589952477936,112.8
2009,108.3,170.0,90.9,32.1,100.0,3514.589952477936,498.1
2009,51.7,12.5,100.0,11.8,608.3602528089887,3514.589952477936,220.8
2009,61.1,41.7,62.5,42.9,150.0,3514.589952477936,302.1
2009,70.7,1600.0,500.0,17.6,608.3602528089887,3514.589952477936,264.4
2009,314.3,185.7,50.0,16.7,608.3602528089887,3514.589952477936,1349.8
2009,102.8,42.9,160.0,80.0,100.0,3514.589952477936,455.2
2009,524.9,530.8,233.3,140.3,64.7,3514.589952477936,2042.3
2009,274.4,92.3,40.0,19.8,100.0,3514.589952477936,1278.3
2009,1794.8,110.1,150.9,189.5,73.8,3514.589952477936,5703.4
2009,129.3,128.6,1200.0,119.0,85.7,3514.589952477936,463.0
2009,46.7,14.3,100.0,46.7,608.3602528089887,3514.589952477936,168.7
2009,229.4,66.7,90.0,107.1,200.0,3514.589952477936,1160.3
2009,755.7,338.9,265.0,98.1,164.7,3514.589952477936,3395.2
2009,41.3,200.0,100.0,50.0,608.3602528089887,3514.589952477936,146.0
2009,45.1,400.0,150.0,37.5,608.3602528089887,3514.589952477936,193.8
2009,337.1,125.0,125.0,64.2,266.7,3514.589952477936,1205.4
2009,227.3,125.0,216.7,147.4,43.8,3514.589952477936,670.8
2009,640.8,59.1,196.2,109.1,120.0,3514.589952477936,3060.3
2009,245.1,116.7,444.4,86.9,100.0,3514.589952477936,1189.3
2009,344.3,65.4,104.5,104.3,50.0,3514.589952477936,1314.6
2009,109.3,61.5,155.6,62.8,66.7,3514.589952477936,471.2
2009,639.4,102.0,200.0,40.2,77.8,3514.589952477936,3651.6
2009,764.6,62.2,208.3,107.1,13.2,3514.589952477936,2495.8
2009,651.3,64.5,87.0,22.9,57.1,3514.589952477936,3672.7
2009,92.9,100.0,66.7,50.0,100.0,3514.589952477936,346.9
2009,56.4,75.0,85.7,20.8,100.0,3514.589952477936,217.9
2009,895.3,111.1,220.7,202.3,100.0,3514.589952477936,3111.2
2009,44.8,600.0,83.3,29.6,608.3602528089887,3514.589952477936,181.4
2009,63.3,125.0,100.0,100.0,200.0,3514.589952477936,325.3
2009,54.0,912.8684819097351,500.0,11.5,608.3602528089887,3514.589952477936,237.1
2009,56.5,800.0,133.3,40.0,608.3602528089887,3514.589952477936,208.1
2009,47.5,33.3,200.0,9.1,608.3602528089887,3514.589952477936,180.6
2009,343.5,550.0,220.0,108.5,150.0,3514.589952477936,1455.5
2009,44.7,912.8684819097351,100.0,20.0,608.3602528089887,3514.589952477936,169.4
2009,45.7,450.0,150.0,150.0,150.0,3514.589952477936,193.3
2009,149.8,1600.0,127.3,76.5,225.0,3514.589952477936,829.8
2009,92.3,78.6,140.0,43.2,60.0,3514.589952477936,336.0
2009,440.8,392.9,281.8,168.6,218.2,3514.589952477936,1804.1
2009,31.0,50.0,60.0,1159.7449092741936,608.3602528089887,3514.589952477936,138.0
2009,77.5,350.0,75.0,53.8,300.0,3514.589952477936,316.0
2009,274.3,31.7,47.1,32.1,31.6,3514.589952477936,1124.1
2009,386.3,56.7,108.6,99.0,52.4,3514.589952477936,1409.3
2009,376.6,177.3,115.6,82.9,76.5,3514.589952477936,1496.1
2009,1130.2,76.6,141.0,106.9,95.2,3514.589952477936,4222.8
2009,799.5,44.7,106.3,54.0,47.4,3514.589952477936,2773.3
2009,1712.2,34.7,113.3,130.6,53.2,3514.589952477936,7309.5
2009,268.3,69.7,281.8,45.0,81.8,3514.589952477936,955.5
2009,532.8,37.3,29.2,15.9,122.2,3514.589952477936,2487.4
2009,222.1,60.0,230.0,330.0,100.0,3514.589952477936,755.8
2009,145.2,625.0,153.8,93.3,233.3,3514.589952477936,702.3
2009,680.2,28.9,78.6,44.4,42.5,3514.589952477936,2339.3
2009,1815.3,51.1,232.5,167.9,43.3,3514.589952477936,7850.2
2009,239.3,175.0,245.5,95.1,200.0,3514.589952477936,1082.8
2009,34.8,912.8684819097351,100.0,10.0,608.3602528089887,3514.589952477936,204.1
2009,800.1,77.0,47.8,14.1,80.0,3514.589952477936,3365.8
2009,466.5,63.2,206.7,94.6,78.9,3514.589952477936,1799.8
2009,21.9,300.0,125.0,1159.7449092741936,608.3602528089887,3514.589952477936,98.8
2009,1788.6,60.8,255.4,163.0,65.7,3514.589952477936,8388.8
2009,30.8,912.8684819097351,120.0,35.0,608.3602528089887,3514.589952477936,140.3
2009,197.4,91.7,266.7,134.6,90.0,3514.589952477936,732.8
2009,40.4,200.0,300.0,25.0,608.3602528089887,3514.589952477936,137.9
2009,104.3,300.0,75.0,16.0,608.3602528089887,3514.589952477936,397.7
2009,135.2,1600.0,300.0,178.6,66.7,3514.589952477936,533.3
2009,112.5,162.5,285.7,70.4,500.0,3514.589952477936,421.3
2009,48.9,650.0,275.0,57.9,500.0,3514.589952477936,173.7
2009,289.7,1175.0,462.5,94.9,112.5,3514.589952477936,1182.3
2009,67.2,1500.0,800.0,90.9,200.0,3514.589952477936,315.2
2009,113.2,533.3,175.0,40.0,800.0,3514.589952477936,508.8
2009,1015.7,49.4,83.9,109.6,100.0,3514.589952477936,3836.8
2009,32.5,300.0,28.6,36.4,608.3602528089887,3514.589952477936,186.8
2009,102.3,950.0,75.0,36.4,608.3602528089887,3514.589952477936,436.5
2009,40.9,912.8684819097351,50.0,9.1,100.0,3514.589952477936,139.2
2009,59.9,1500.0,100.0,15.2,608.3602528089887,3514.589952477936,283.3
2009,138.9,70.0,90.0,67.6,37.5,3514.589952477936,521.8
2009,239.0,129.4,620.0,147.6,45.5,3514.589952477936,990.6
2009,560.2,48.2,63.3,114.7,60.9,3514.589952477936,2132.6
2009,176.0,240.0,328.6,63.3,60.0,3514.589952477936,580.6
2009,38.4,133.3,66.7,40.0,100.0,3514.589952477936,181.8
2009,52.2,550.0,350.0,114.3,100.0,3514.589952477936,227.2
2009,233.7,83.3,113.3,49.0,50.0,3514.589952477936,999.8
2009,26.7,912.8684819097351,57.1,9.1,100.0,3514.589952477936,91.8
2009,115.2,72.7,71.4,50.0,166.7,3514.589952477936,414.4
2009,60.9,275.0,200.0,100.0,608.3602528089887,3514.589952477936,277.1
2009,37.7,100.0,200.0,11.5,100.0,3514.589952477936,212.0
2009,26.4,400.0,50.0,40.0,300.0,3514.589952477936,86.8
2009,198.3,157.1,283.3,44.0,20.0,3514.589952477936,764.7
2009,226.5,150.0,153.8,50.0,54.5,3514.589952477936,812.7
2009,65.6,166.7,100.0,36.8,608.3602528089887,3514.589952477936,225.3
2009,234.4,82.4,114.3,38.6,13.3,3514.589952477936,1123.5
2009,1152.5,39.7,172.8,149.3,35.5,3514.589952477936,4662.1
2009,1206.8,46.4,183.8,235.6,45.8,3514.589952477936,5111.8
2009,18.1,200.0,20.0,50.0,100.0,3514.589952477936,91.3
2009,627.0,85.0,100.0,66.4,38.5,3514.589952477936,2138.1
2009,573.1,47.6,101.7,50.7,115.0,3514.589952477936,2753.4
2009,62.9,140.0,18.2,35.3,608.3602528089887,3514.589952477936,286.1
2009,234.3,76.2,129.4,64.1,100.0,3514.589952477936,803.4
2009,173.5,84.0,81.0,38.6,100.0,3514.589952477936,754.8
2009,54.9,150.0,1001.1105367138624,23.5,400.0,3514.589952477936,260.1
2009,328.1,172.7,91.2,50.8,212.5,3514.589952477936,1272.0
2009,844.5,75.9,137.5,98.9,88.2,3514.589952477936,3669.4
2009,682.4,42.9,82.0,37.7,43.3,3514.589952477936,2743.7
2009,14.3,12.5,1001.1105367138624,11.1,608.3602528089887,3514.589952477936,88.4
2009,1091.5,47.5,111.4,31.1,64.3,3514.589952477936,5078.6
2009,81.1,90.0,85.7,8.8,608.3602528089887,3514.589952477936,397.7
2009,597.4,34.4,50.0,18.2,52.9,3514.589952477936,3131.3
2009,23.0,200.0,66.7,33.3,608.3602528089887,3514.589952477936,160.9
2009,116.7,157.1,155.6,190.9,900.0,3514.589952477936,469.1
2009,731.9,82.3,127.8,37.1,135.7,3514.589952477936,3303.6
2009,102.8,350.0,350.0,61.5,200.0,3514.589952477936,397.8
2009,29.3,912.8684819097351,1001.1105367138624,21.4,608.3602528089887,3514.589952477936,139.1
2009,28.7,166.7,200.0,14.3,50.0,3514.589952477936,92.0
2009,37.8,300.0,600.0,125.0,50.0,3514.589952477936,167.9
2009,399.4,66.7,133.3,130.2,33.3,3514.589952477936,1494.8
2009,245.2,520.0,200.0,89.3,20.0,3514.589952477936,1048.6
2009,85.8,912.8684819097351,140.0,68.4,800.0,3514.589952477936,373.1
2009,405.8,60.8,103.4,55.5,61.1,3514.589952477936,1533.7
2009,109.3,114.3,150.0,66.7,66.7,3514.589952477936,464.1
2009,404.5,117.9,740.0,80.8,185.7,3514.589952477936,1687.6
2009,239.8,175.0,122.2,61.8,60.0,3514.589952477936,1021.5
2009,314.2,262.5,180.0,98.5,81.8,3514.589952477936,1127.3
2009,68.9,140.0,50.0,22.2,20.0,3514.589952477936,362.4
2009,909.9,45.2,110.0,76.2,88.2,3514.589952477936,3346.9
2009,197.7,100.0,56.5,33.3,133.3,3514.589952477936,804.8
2009,41.3,333.3,400.0,57.1,608.3602528089887,3514.589952477936,218.7
2009,222.7,88.5,350.0,80.6,83.3,3514.589952477936,990.3
2009,883.3,98.6,214.9,74.4,34.3,3514.589952477936,3878.2
2009,85.9,175.0,62.5,35.0,16.7,3514.589952477936,343.9
2009,157.7,500.0,137.5,57.1,500.0,3514.589952477936,637.2
2009,158.1,250.0,116.7,15.0,608.3602528089887,3514.589952477936,678.7
2009,79.7,912.8684819097351,50.0,25.0,66.7,3514.589952477936,425.5
2009,141.8,64.5,170.0,55.1,57.1,3514.589952477936,557.5
2009,71.7,466.7,300.0,45.5,608.3602528089887,3514.589952477936,319.9
2009,70.9,912.8684819097351,154.5,95.7,608.3602528089887,3514.589952477936,287.0
2009,309.7,73.7,60.0,34.2,50.0,3514.589952477936,1481.9
2009,86.7,228.6,325.0,73.7,100.0,3514.589952477936,385.3
2009,1710.4,32.5,110.1,74.2,98.0,3514.589952477936,8319.0
2009,114.4,912.8684819097351,150.0,45.5,608.3602528089887,3514.589952477936,458.3
2009,507.9,78.9,106.1,86.2,72.2,3514.589952477936,2016.3
2009,314.6,95.7,566.7,77.6,23.1,3514.589952477936,1230.2
2009,1072.0,40.6,95.3,56.6,108.0,3514.589952477936,6759.3
2009,39.0,66.7,150.0,40.0,608.3602528089887,3514.589952477936,179.7
2009,275.7,450.0,200.0,75.9,212.5,3514.589952477936,1582.7
2009,1726.0,52.7,143.3,160.9,31.5,3514.589952477936,6699.3
2009,38.0,71.4,250.0,11.8,100.0,3514.589952477936,186.0
2009,148.2,228.6,64.3,31.5,75.0,3514.589952477936,742.3
2009,133.7,350.0,92.3,32.7,100.0,3514.589952477936,555.8
2009,477.2,57.4,110.5,90.9,133.3,3514.589952477936,1603.8
2009,1717.3,95.3,270.4,184.9,43.6,3514.589952477936,6312.3
2009,85.3,133.3,83.3,19.4,400.0,3514.589952477936,444.7
2009,419.2,33.3,82.4,51.0,35.7,3514.589952477936,1572.5
2009,211.3,144.4,127.3,110.5,37.5,3514.589952477936,765.3
2009,72.8,14.3,80.0,38.9,33.3,3514.589952477936,322.7
2009,158.0,228.6,135.7,73.1,200.0,3514.589952477936,675.8
2009,51.4,912.8684819097351,400.0,21.4,608.3602528089887,3514.589952477936,163.0
2009,141.7,120.0,133.3,61.3,608.3602528089887,3514.589952477936,577.5
2009,64.0,85.7,41.7,39.5,40.0,3514.589952477936,233.3
2009,256.4,46.2,129.6,58.0,100.0,3514.589952477936,1203.8
2009,86.1,133.3,133.3,35.3,608.3602528089887,3514.589952477936,287.2
2009,144.4,120.0,188.9,58.0,57.1,3514.589952477936,649.4
2009,67.5,75.0,300.0,19.0,66.7,3514.589952477936,333.8
2009,92.3,350.0,90.9,35.3,400.0,3514.589952477936,414.6
2009,207.3,50.0,209.1,115.9,44.4,3514.589952477936,834.3
2009,80.7,16.7,45.5,8.8,50.0,3514.589952477936,377.8
2009,401.6,150.0,209.5,148.3,170.0,3514.589952477936,1577.9
2009,180.1,129.4,337.5,74.5,400.0,3514.589952477936,825.5
2009,97.3,1800.0,600.0,73.7,300.0,3514.589952477936,470.3
2009,307.8,93.9,216.7,97.0,106.3,3514.589952477936,1152.5
2009,766.4,45.6,147.9,70.3,64.9,3514.589952477936,2732.8
2009,41.2,1500.0,54.5,44.1,400.0,3514.589952477936,197.8
2009,671.1,52.1,130.0,72.4,136.4,3514.589952477936,3463.2
2009,81.3,36.8,114.3,55.0,133.3,3514.589952477936,446.9
2009,208.9,78.9,140.0,104.5,100.0,3514.589952477936,744.8
2009,179.2,76.5,94.7,87.5,800.0,3514.589952477936,715.6
2009,162.2,166.7,116.7,51.6,150.0,3514.589952477936,626.8
2009,1597.6,55.2,147.3,126.2,75.7,3514.589952477936,6917.7
2009,139.1,775.0,180.0,34.7,233.3,3514.589952477936,710.5
2009,116.9,200.0,133.3,65.8,100.0,3514.589952477936,398.1
2009,54.9,600.0,133.3,33.3,40.0,3514.589952477936,223.8
2009,916.1,132.8,198.4,93.3,102.6,3514.589952477936,3818.6
2009,58.4,100.0,600.0,77.8,150.0,3514.589952477936,246.6
2009,188.7,180.0,87.5,37.5,16.7,3514.589952477936,863.3
2009,71.6,912.8684819097351,100.0,57.1,66.7,3514.589952477936,333.7
2009,1607.8,43.5,92.6,109.0,38.5,3514.589952477936,5869.9
2009,65.3,200.0,125.0,100.0,150.0,3514.589952477936,234.4
2009,101.6,125.0,275.0,26.7,125.0,3514.589952477936,384.7
2009,1555.1,73.4,101.9,41.3,47.3,3514.589952477936,8429.3
2009,76.8,220.0,100.0,133.3,100.0,3514.589952477936,269.1
2009,77.1,87.5,133.3,29.6,100.0,3514.589952477936,322.9
2009,66.7,125.0,114.3,114.3,608.3602528089887,3514.589952477936,257.2
2009,131.4,2400.0,316.7,52.2,66.7,3514.589952477936,626.8
2009,793.8,661.5,210.5,128.7,88.9,3514.589952477936,2734.3
2009,248.0,42.9,100.0,47.8,608.3602528089887,3514.589952477936,964.0
2009,13.8,912.8684819097351,50.0,40.0,608.3602528089887,3514.589952477936,76.3
2009,543.1,85.4,156.3,48.4,183.3,3514.589952477936,2026.3
2009,77.5,120.0,220.0,58.6,50.0,3514.589952477936,273.3
2009,20.0,912.8684819097351,33.3,66.7,200.0,3514.589952477936,85.3
2009,37.6,28.6,14.3,30.8,608.3602528089887,3514.589952477936,136.4
2009,1036.8,54.1,214.3,98.4,140.0,3514.589952477936,5055.0
2009,37.8,400.0,1001.1105367138624,28.6,608.3602528089887,3514.589952477936,140.5
2009,82.4,900.0,100.0,13.6,608.3602528089887,3514.589952477936,344.0
2009,1461.2,148.4,192.8,111.7,147.8,3514.589952477936,5060.6
2009,282.6,44.4,63.9,17.1,42.9,3514.589952477936,1846.4
2009,56.9,133.3,87.5,20.0,150.0,3514.589952477936,349.6
2009,479.7,105.4,97.0,98.7,54.5,3514.589952477936,2084.3
2009,754.1,139.4,197.0,146.0,54.8,3514.589952477936,2539.5
2009,504.8,143.5,358.3,103.2,108.3,3514.589952477936,1790.7
2009,88.3,50.0,109.1,24.0,128.6,3514.589952477936,446.9
2010,537.0,141.7,168.4,132.7,212.5,3514.589952477936,2160.4
2010,40.5,600.0,1001.1105367138624,16.7,608.3602528089887,3514.589952477936,199.8
2010,69.5,40.0,100.0,37.5,200.0,3514.589952477936,315.4
2010,259.3,123.5,77.3,76.4,100.0,3514.589952477936,1203.8
2010,811.8,42.6,77.8,26.7,33.3,3514.589952477936,2920.2
2010,118.8,92.3,190.0,94.1,600.0,3514.589952477936,505.8
2010,546.6,69.0,211.1,82.5,92.0,3514.589952477936,2568.8
2010,180.3,30.4,78.6,57.4,71.4,3514.589952477936,665.6
2010,8.3,20.0,10.0,1159.7449092741936,25.0,3514.589952477936,46.0
2010,105.6,85.7,42.9,35.9,62.5,3514.589952477936,447.7
2010,565.5,68.3,88.2,71.8,55.0,3514.589952477936,2036.3
2010,44.6,1000.0,150.0,20.0,300.0,3514.589952477936,273.9
2010,157.2,216.7,142.9,37.1,300.0,3514.589952477936,668.1
2010,49.8,120.0,20.0,25.0,50.0,3514.589952477936,205.4
2010,88.0,66.7,114.3,31.6,33.3,3514.589952477936,392.7
2010,35.6,300.0,150.0,48.1,400.0,3514.589952477936,178.2
2010,242.1,70.6,106.7,102.8,100.0,3514.589952477936,1014.7
2010,80.1,800.0,80.0,30.0,40.0,3514.589952477936,504.1
2010,82.5,166.7,50.0,15.8,600.0,3514.589952477936,376.5
2010,49.3,50.0,1001.1105367138624,42.9,100.0,3514.589952477936,150.3
2010,54.3,912.8684819097351,75.0,66.7,200.0,3514.589952477936,240.6
2010,23.2,20.0,16.7,7.7,100.0,3514.589952477936,80.8
2010,917.7,126.7,187.5,45.5,107.1,3514.589952477936,4210.1
2010,291.8,200.0,225.0,48.6,350.0,3514.589952477936,1139.9
2010,255.4,213.3,321.4,134.1,118.2,3514.589952477936,1153.0
2010,108.1,266.7,127.3,55.6,85.7,3514.589952477936,579.9
2010,195.8,117.6,320.0,74.3,10.0,3514.589952477936,866.0
2010,100.6,77.8,70.0,33.3,50.0,3514.589952477936,488.4
2010,62.4,77.8,200.0,23.1,608.3602528089887,3514.589952477936,308.1
2010,169.8,74.1,95.2,35.4,100.0,3514.589952477936,759.9
2010,60.3,150.0,233.3,42.9,50.0,3514.589952477936,272.0
2010,32.8,912.8684819097351,80.0,10.0,608.3602528089887,3514.589952477936,120.1
2010,123.0,50.0,122.2,51.5,33.3,3514.589952477936,434.4
2010,1148.4,124.6,196.1,143.6,60.0,3514.589952477936,4047.2
2010,47.8,912.8684819097351,25.0,42.9,608.3602528089887,3514.589952477936,261.8
2010,251.3,90.9,78.9,56.8,11.1,3514.589952477936,1001.5
2010,395.6,60.0,46.2,9.6,83.3,3514.589952477936,1925.7
2010,1081.7,71.5,129.2,58.7,116.7,3514.589952477936,5842.8
2010,22.9,33.3,1001.1105367138624,42.9,608.3602528089887,3514.589952477936,124.1
2010,1055.1,48.8,197.7,229.8,59.4,3514.589952477936,4316.3
2010,119.1,112.5,133.3,37.0,100.0,3514.589952477936,503.6
2010,436.2,146.4,133.3,117.6,68.4,3514.589952477936,1408.8
2010,110.1,500.0,600.0,120.0,500.0,3514.589952477936,420.7
2010,380.9,50.0,53.3,42.9,60.0,3514.589952477936,1511.2
2010,145.8,137.5,400.0,126.3,200.0,3514.589952477936,580.0
2010,88.5,166.7,350.0,61.5,100.0,3514.589952477936,346.5
2010,60.5,912.8684819097351,200.0,37.5,100.0,3514.589952477936,282.7
2010,544.5,600.0,480.0,198.6,123.1,3514.589952477936,1771.7
2010,340.1,242.9,92.3,13.4,40.0,3514.589952477936,1386.1
2010,130.0,73.3,54.5,41.4,233.3,3514.589952477936,535.3
2010,705.8,94.2,130.0,88.5,141.2,3514.589952477936,2782.1
2010,183.0,109.1,200.0,110.0,150.0,3514.589952477936,708.2
2010,117.2,100.0,100.0,22.9,608.3602528089887,3514.589952477936,415.7
2010,355.7,286.7,257.9,178.3,100.0,3514.589952477936,1300.3
2010,72.8,912.8684819097351,900.0,57.1,33.3,3514.589952477936,291.4
2010,86.5,200.0,100.0,55.3,608.3602528089887,3514.589952477936,406.5
2010,237.2,110.5,65.4,123.8,75.0,3514.589952477936,916.8
2010,28.3,912.8684819097351,25.0,1159.7449092741936,608.3602528089887,3514.589952477936,179.9
2010,742.4,564.3,273.1,214.7,207.7,3514.589952477936,2984.8
2010,282.1,47.1,24.0,5.9,57.1,3514.589952477936,1600.3
2010,34.4,300.0,1001.1105367138624,40.0,608.3602528089887,3514.589952477936,121.5
2010,119.8,250.0,175.0,33.3,200.0,3514.589952477936,564.1
2010,60.3,40.0,50.0,38.5,50.0,3514.589952477936,269.2
2010,73.0,133.3,87.5,28.6,150.0,3514.589952477936,335.7
2010,78.8,350.0,1100.0,14.3,608.3602528089887,3514.589952477936,292.3
2010,318.6,91.7,42.9,22.2,608.3602528089887,3514.589952477936,1436.7
2010,98.5,80.0,333.3,85.7,608.3602528089887,3514.589952477936,461.9
2010,603.1,650.0,375.0,132.9,81.3,3514.589952477936,2416.8
2010,335.6,58.8,37.9,12.3,120.0,3514.589952477936,1470.1
2010,1879.1,120.9,186.2,236.5,57.6,3514.589952477936,6065.8
2010,136.3,240.0,357.1,207.7,57.1,3514.589952477936,532.4
2010,51.3,66.7,1001.1105367138624,50.0,608.3602528089887,3514.589952477936,166.9
2010,222.6,92.9,47.4,115.6,275.0,3514.589952477936,1163.0
2010,753.2,356.3,255.0,114.9,228.6,3514.589952477936,3580.8
2010,49.5,912.8684819097351,600.0,25.0,66.7,3514.589952477936,177.6
2010,48.0,400.0,500.0,80.0,608.3602528089887,3514.589952477936,218.0
2010,408.9,190.0,100.0,69.9,114.3,3514.589952477936,1450.8
2010,238.8,90.9,168.8,163.6,37.5,3514.589952477936,721.8
2010,719.5,73.7,216.7,160.3,185.7,3514.589952477936,3441.3
2010,307.3,196.0,380.0,83.1,100.0,3514.589952477936,1390.7
2010,310.0,57.1,92.0,98.0,60.0,3514.589952477936,1312.4
2010,137.8,53.8,94.4,73.8,71.4,3514.589952477936,550.8
2010,688.1,114.6,319.0,52.5,66.7,3514.589952477936,3835.3
2010,893.2,73.4,163.4,117.6,16.7,3514.589952477936,3149.4
2010,613.8,110.0,74.1,23.3,42.9,3514.589952477936,3504.8
2010,127.2,142.9,50.0,47.1,66.7,3514.589952477936,481.8
2010,58.7,33.3,80.0,25.0,200.0,3514.589952477936,218.8
2010,936.4,133.3,286.4,288.9,121.1,3514.589952477936,3399.5
2010,52.6,912.8684819097351,150.0,36.0,608.3602528089887,3514.589952477936,210.3
2010,62.3,912.8684819097351,266.7,63.2,608.3602528089887,3514.589952477936,374.4
2010,48.5,300.0,400.0,14.3,300.0,3514.589952477936,245.8
2010,56.4,912.8684819097351,33.3,23.1,33.3,3514.589952477936,220.3
2010,51.1,200.0,200.0,1159.7449092741936,608.3602528089887,3514.589952477936,194.4
2010,379.0,633.3,340.0,106.3,360.0,3514.589952477936,1593.5
2010,44.9,912.8684819097351,100.0,14.3,608.3602528089887,3514.589952477936,203.7
2010,55.3,450.0,1001.1105367138624,87.5,300.0,3514.589952477936,203.6
2010,156.3,466.7,130.0,97.0,450.0,3514.589952477936,843.7
2010,104.8,111.1,133.3,50.0,500.0,3514.589952477936,378.7
2010,519.6,1750.0,300.0,163.3,245.5,3514.589952477936,2120.1
2010,29.3,200.0,50.0,33.3,608.3602528089887,3514.589952477936,128.2
2010,98.1,200.0,27.3,50.0,100.0,3514.589952477936,385.8
2010,345.7,20.0,65.7,26.1,29.4,3514.589952477936,1386.3
2010,482.5,52.8,128.6,105.3,47.4,3514.589952477936,1790.8
2010,436.0,375.0,182.4,84.0,140.0,3514.589952477936,1772.0
2010,1158.3,100.0,136.0,110.4,89.8,3514.589952477936,4490.2
2010,1016.8,54.1,125.0,52.8,56.5,3514.589952477936,3699.3
2010,300.1,64.7,215.4,50.0,111.1,3514.589952477936,1059.0
2010,603.2,41.9,32.4,14.0,107.7,3514.589952477936,2806.9
2010,215.1,73.3,233.3,315.4,233.3,3514.589952477936,762.5
2010,166.6,1550.0,190.9,130.4,233.3,3514.589952477936,814.3
2010,738.9,33.3,56.8,56.7,44.7,3514.589952477936,2583.8
2010,1872.2,68.9,192.8,209.9,50.8,3514.589952477936,8468.8
2010,247.3,350.0,310.0,79.3,450.0,3514.589952477936,1145.2
2010,37.6,912.8684819097351,1001.1105367138624,11.8,608.3602528089887,3514.589952477936,212.0
2010,937.0,107.1,47.3,22.2,222.2,3514.589952477936,3993.9
2010,436.9,54.3,118.5,120.0,115.4,3514.589952477936,1835.8
2010,22.8,100.0,120.0,18.2,608.3602528089887,3514.589952477936,109.8
2010,32.2,912.8684819097351,133.3,69.2,700.0,3514.589952477936,130.2
2010,199.0,171.4,245.5,240.0,142.9,3514.589952477936,746.8
2010,30.8,300.0,128.6,36.8,608.3602528089887,3514.589952477936,112.3
2010,117.2,250.0,133.3,16.0,200.0,3514.589952477936,464.6
2010,150.5,260.0,533.3,185.7,66.7,3514.589952477936,587.8
2010,128.0,200.0,700.0,144.4,608.3602528089887,3514.589952477936,481.8
2010,71.1,1200.0,333.3,77.8,300.0,3514.589952477936,250.4
2010,374.7,912.8684819097351,225.0,128.0,100.0,3514.589952477936,1507.6
2010,85.3,912.8684819097351,1500.0,95.5,300.0,3514.589952477936,397.7
2010,138.4,1800.0,85.7,31.8,266.7,3514.589952477936,564.3
2010,1031.4,58.6,82.8,113.8,83.3,3514.589952477936,4197.8
2010,47.1,175.0,50.0,33.3,608.3602528089887,3514.589952477936,210.3
2010,100.6,275.0,250.0,36.1,100.0,3514.589952477936,455.3
2010,53.3,912.8684819097351,1001.1105367138624,22.2,100.0,3514.589952477936,181.5
2010,75.8,533.3,71.4,15.0,16.7,3514.589952477936,368.0
2010,130.9,66.7,90.0,88.0,37.5,3514.589952477936,525.3
2010,259.1,255.6,253.8,211.8,62.5,3514.589952477936,1105.8
2010,657.9,71.7,59.6,130.9,61.9,3514.589952477936,2528.7
2010,153.4,250.0,420.0,61.1,300.0,3514.589952477936,586.8
2010,36.8,133.3,133.3,27.8,100.0,3514.589952477936,170.7
2010,52.1,1100.0,800.0,121.4,133.3,3514.589952477936,228.9
2010,247.7,76.9,72.7,59.6,66.7,3514.589952477936,1077.7
2010,41.4,912.8684819097351,57.1,8.3,100.0,3514.589952477936,141.3
2010,120.3,64.3,66.7,44.0,400.0,3514.589952477936,449.8
2010,67.4,200.0,250.0,57.1,100.0,3514.589952477936,294.8
2010,60.7,75.0,50.0,20.7,33.3,3514.589952477936,271.6
2010,37.2,150.0,250.0,26.7,608.3602528089887,3514.589952477936,117.1
2010,202.8,200.0,242.9,57.1,80.0,3514.589952477936,793.3
2010,184.8,91.7,420.0,40.9,85.7,3514.589952477936,757.8
2010,64.2,50.0,133.3,45.0,608.3602528089887,3514.589952477936,253.3
2010,257.0,47.6,62.5,45.3,37.5,3514.589952477936,1287.8
2010,1398.8,44.3,157.8,164.4,66.7,3514.589952477936,5574.4
2010,1458.1,47.9,171.9,254.3,48.6,3514.589952477936,6027.8
2010,16.3,600.0,20.0,36.4,33.3,3514.589952477936,93.0
2010,703.2,71.4,85.0,60.9,42.9,3514.589952477936,2548.3
2010,603.3,40.7,90.0,46.0,60.0,3514.589952477936,2828.3
2010,66.2,133.3,150.0,26.0,100.0,3514.589952477936,298.0
2010,238.2,105.9,143.8,56.7,60.0,3514.589952477936,900.2
2010,214.3,146.2,81.8,39.4,50.0,3514.589952477936,873.1
2010,72.5,125.0,33.3,16.7,150.0,3514.589952477936,350.3
2010,369.2,141.7,113.5,64.9,300.0,3514.589952477936,1460.8
2010,828.8,74.5,105.1,119.5,73.7,3514.589952477936,3806.7
2010,705.4,50.0,78.6,54.0,62.5,3514.589952477936,2928.3
2010,14.2,912.8684819097351,50.0,9.1,608.3602528089887,3514.589952477936,91.5
2010,1213.2,55.1,100.0,37.4,131.6,3514.589952477936,5719.5
2010,105.6,80.0,100.0,29.2,608.3602528089887,3514.589952477936,437.3
2010,698.9,37.6,54.5,27.3,66.7,3514.589952477936,3601.8
2010,34.8,66.7,150.0,44.4,608.3602528089887,3514.589952477936,183.3
2010,123.2,240.0,400.0,200.0,350.0,3514.589952477936,526.7
2010,856.2,78.9,119.6,39.9,128.6,3514.589952477936,3868.9
2010,101.9,133.3,160.0,34.5,608.3602528089887,3514.589952477936,454.9
2010,34.5,500.0,1001.1105367138624,38.5,200.0,3514.589952477936,153.2
2010,37.6,912.8684819097351,133.3,14.3,50.0,3514.589952477936,112.8
2010,35.2,300.0,800.0,83.3,200.0,3514.589952477936,172.5
2010,382.6,85.0,212.5,127.1,90.9,3514.589952477936,1518.3
2010,282.0,275.0,115.8,95.7,30.0,3514.589952477936,1143.9
2010,84.3,912.8684819097351,85.7,125.0,1200.0,3514.589952477936,400.8
2010,397.6,70.8,100.0,72.8,87.5,3514.589952477936,1665.9
2010,147.3,108.3,157.1,83.3,150.0,3514.589952477936,567.4
2010,464.2,80.4,341.7,80.0,228.6,3514.589952477936,1932.8
2010,253.9,140.0,66.7,81.0,87.5,3514.589952477936,1344.7
2010,357.2,185.7,136.8,132.7,100.0,3514.589952477936,1243.5
2010,84.1,175.0,14.3,46.2,75.0,3514.589952477936,401.7
2010,1058.8,41.1,87.3,104.4,50.0,3514.589952477936,4035.9
2010,217.7,133.3,82.4,50.0,220.0,3514.589952477936,869.8
2010,53.8,300.0,300.0,60.0,300.0,3514.589952477936,258.1
2010,262.8,95.7,300.0,70.0,100.0,3514.589952477936,1178.0
2010,1012.8,104.5,220.0,74.7,32.6,3514.589952477936,4313.8
2010,101.5,175.0,37.5,18.8,100.0,3514.589952477936,404.6
2010,155.9,160.0,220.0,44.4,600.0,3514.589952477936,660.8
2010,179.4,188.9,88.9,18.6,100.0,3514.589952477936,777.0
2010,74.3,566.7,75.0,26.9,608.3602528089887,3514.589952477936,398.8
2010,165.4,52.2,118.8,44.3,133.3,3514.589952477936,693.1
2010,74.3,600.0,50.0,26.3,608.3602528089887,3514.589952477936,336.8
2010,85.0,450.0,162.5,90.0,608.3602528089887,3514.589952477936,344.9
2010,320.6,170.0,50.0,33.3,100.0,3514.589952477936,1581.9
2010,89.1,750.0,350.0,65.0,100.0,3514.589952477936,450.9
2010,1843.4,31.2,94.3,75.9,147.4,3514.589952477936,9609.1
2010,112.3,1500.0,250.0,140.0,608.3602528089887,3514.589952477936,487.8
2010,585.0,86.8,104.3,107.9,81.0,3514.589952477936,2220.9
2010,267.0,129.4,205.6,144.2,62.5,3514.589952477936,1109.8
2010,1133.1,35.5,166.0,56.0,163.2,3514.589952477936,7090.0
2010,46.3,912.8684819097351,100.0,36.8,608.3602528089887,3514.589952477936,196.8
2010,285.1,360.0,166.7,96.4,150.0,3514.589952477936,1650.3
2010,1889.8,68.5,129.1,201.9,30.4,3514.589952477936,7362.6
2010,41.5,600.0,150.0,21.4,200.0,3514.589952477936,218.8
2010,182.7,160.0,133.3,30.0,133.3,3514.589952477936,909.3
2010,145.1,450.0,100.0,33.3,200.0,3514.589952477936,584.6
2010,502.0,62.5,93.6,115.8,140.0,3514.589952477936,1832.1
2010,1725.0,96.2,281.8,197.2,44.4,3514.589952477936,6851.6
2010,80.6,200.0,100.0,30.8,608.3602528089887,3514.589952477936,474.6
2010,533.6,36.6,71.1,56.1,25.0,3514.589952477936,2017.8
2010,185.3,93.3,65.0,60.6,35.7,3514.589952477936,672.8
2010,84.4,12.5,70.0,112.5,608.3602528089887,3514.589952477936,346.2
2010,166.8,127.3,200.0,122.9,125.0,3514.589952477936,716.2
2010,62.2,50.0,75.0,17.6,608.3602528089887,3514.589952477936,217.2
2010,155.0,166.7,266.7,47.2,608.3602528089887,3514.589952477936,650.7
2010,78.8,150.0,50.0,43.2,75.0,3514.589952477936,316.5
2010,281.6,54.5,104.0,63.1,228.6,3514.589952477936,1249.3
2010,71.0,200.0,120.0,35.3,608.3602528089887,3514.589952477936,280.8
2010,146.7,111.1,300.0,52.5,80.0,3514.589952477936,665.4
2010,74.0,225.0,150.0,3.1,608.3602528089887,3514.589952477936,379.9
2010,101.1,1400.0,157.1,41.2,500.0,3514.589952477936,486.5
2010,293.9,58.8,166.7,98.1,62.5,3514.589952477936,1146.1
2010,87.5,71.4,50.0,7.1,50.0,3514.589952477936,420.3
2010,457.3,102.5,160.7,144.6,200.0,3514.589952477936,1830.3
2010,175.3,262.5,833.3,111.9,1000.0,3514.589952477936,897.3
2010,97.9,912.8684819097351,700.0,105.9,600.0,3514.589952477936,523.3
2010,310.4,100.0,163.2,94.4,150.0,3514.589952477936,1231.3
2010,853.2,42.2,146.3,91.5,57.5,3514.589952477936,3072.3
2010,55.7,750.0,46.7,50.0,100.0,3514.589952477936,224.9
2010,663.6,48.9,132.1,64.1,133.3,3514.589952477936,3747.8
2010,92.7,77.8,90.0,33.3,200.0,3514.589952477936,487.4
2010,228.2,360.0,340.0,73.7,200.0,3514.589952477936,844.8
2010,225.5,135.7,82.4,72.1,550.0,3514.589952477936,774.1
2010,156.0,108.3,150.0,100.0,100.0,3514.589952477936,646.1
2010,1786.2,62.0,146.3,164.1,81.1,3514.589952477936,7751.2
2010,187.9,383.3,466.7,41.7,50.0,3514.589952477936,927.2
2010,117.1,142.9,100.0,81.6,100.0,3514.589952477936,386.3
2010,57.3,600.0,350.0,46.2,100.0,3514.589952477936,213.8
2010,1118.0,161.3,254.0,107.7,109.4,3514.589952477936,4627.8
2010,73.2,30.0,700.0,140.0,200.0,3514.589952477936,284.1
2010,219.7,187.5,142.9,41.5,50.0,3514.589952477936,952.5
2010,70.4,350.0,125.0,47.1,100.0,3514.589952477936,342.8
2010,1787.0,39.3,66.2,108.3,44.2,3514.589952477936,6575.8
2010,71.8,125.0,150.0,107.1,300.0,3514.589952477936,241.2
2010,80.6,340.0,225.0,33.3,100.0,3514.589952477936,370.3
2010,1659.9,74.1,100.0,46.3,54.8,3514.589952477936,9099.8
2010,81.4,912.8684819097351,40.0,84.6,66.7,3514.589952477936,288.4
2010,82.6,166.7,400.0,31.3,608.3602528089887,3514.589952477936,358.4
2010,72.8,300.0,116.7,130.0,100.0,3514.589952477936,281.8
2010,164.3,2400.0,500.0,72.0,200.0,3514.589952477936,759.3
2010,768.0,620.0,195.2,130.6,200.0,3514.589952477936,2882.0
2010,317.9,43.8,135.7,54.7,150.0,3514.589952477936,1208.0
2010,16.5,912.8684819097351,300.0,33.3,608.3602528089887,3514.589952477936,81.9
2010,589.3,118.9,221.7,56.8,157.1,3514.589952477936,2248.9
2010,98.4,150.0,300.0,53.3,40.0,3514.589952477936,357.0
2010,26.3,912.8684819097351,66.7,16.7,608.3602528089887,3514.589952477936,101.8
2010,41.3,33.3,33.3,25.0,608.3602528089887,3514.589952477936,174.8
2010,1218.3,59.3,283.9,103.1,152.6,3514.589952477936,5704.8
2010,50.3,912.8684819097351,150.0,42.9,608.3602528089887,3514.589952477936,178.5
2010,89.3,1000.0,500.0,13.3,608.3602528089887,3514.589952477936,392.9
2010,1546.3,318.6,274.5,147.7,169.6,3514.589952477936,5390.9
2010,312.1,28.9,80.8,45.6,20.0,3514.589952477936,2011.7
2010,54.6,125.0,66.7,39.4,400.0,3514.589952477936,322.7
2010,477.2,142.3,60.9,117.1,47.1,3514.589952477936,2146.8
2010,814.0,189.7,206.7,141.2,89.3,3514.589952477936,2655.1
2010,553.4,285.7,247.1,172.7,136.4,3514.589952477936,2044.6
2010,98.3,60.0,162.5,26.3,225.0,3514.589952477936,497.5
2011,581.1,261.5,253.3,182.5,250.0,3514.589952477936,2284.0
2011,42.5,600.0,300.0,18.2,608.3602528089887,3514.589952477936,174.8
2011,63.3,50.0,125.0,46.2,200.0,3514.589952477936,300.0
2011,241.7,227.3,169.2,90.4,150.0,3514.589952477936,1113.5
2011,742.3,54.8,83.3,43.3,43.5,3514.589952477936,2829.3
2011,124.3,133.3,450.0,133.3,700.0,3514.589952477936,496.8
2011,536.7,60.7,230.8,78.7,122.7,3514.589952477936,2579.6
2011,181.4,35.0,84.6,76.3,66.7,3514.589952477936,734.3
2011,17.3,912.8684819097351,16.7,5.3,608.3602528089887,3514.589952477936,57.4
2011,98.9,200.0,60.0,45.2,50.0,3514.589952477936,408.5
2011,480.4,69.0,82.4,120.0,77.8,3514.589952477936,1898.9
2011,49.0,912.8684819097351,150.0,33.3,608.3602528089887,3514.589952477936,274.0
2011,159.4,466.7,300.0,58.6,608.3602528089887,3514.589952477936,647.7
2011,55.3,80.0,14.3,50.0,100.0,3514.589952477936,223.9
2011,71.3,166.7,225.0,45.5,66.7,3514.589952477936,325.5
2011,1972.0,62.5,90.1,231.7,75.0,3514.589952477936,8149.0
2011,33.3,912.8684819097351,350.0,93.3,400.0,3514.589952477936,165.8
2011,266.2,60.0,94.4,108.1,125.0,3514.589952477936,1100.8
2011,69.5,175.0,250.0,33.3,133.3,3514.589952477936,429.0
2011,75.9,912.8684819097351,75.0,50.0,200.0,3514.589952477936,353.8
2011,46.4,100.0,400.0,46.2,200.0,3514.589952477936,152.7
2011,52.0,912.8684819097351,55.6,72.7,200.0,3514.589952477936,232.0
2011,22.9,25.0,20.0,1159.7449092741936,300.0,3514.589952477936,73.5
2011,883.9,203.6,148.6,37.7,114.3,3514.589952477936,4274.9
2011,253.8,342.9,283.3,80.6,800.0,3514.589952477936,1118.6
2011,218.0,320.0,381.8,183.3,75.0,3514.589952477936,1017.7
2011,100.0,450.0,118.2,76.9,100.0,3514.589952477936,541.7
2011,196.9,137.5,333.3,78.1,12.5,3514.589952477936,900.5
2011,92.7,233.3,100.0,60.0,300.0,3514.589952477936,453.1
2011,64.2,150.0,125.0,42.9,608.3602528089887,3514.589952477936,327.1
2011,146.1,75.0,81.0,40.0,233.3,3514.589952477936,659.3
2011,58.8,600.0,300.0,50.0,200.0,3514.589952477936,258.5
2011,30.0,300.0,150.0,14.3,100.0,3514.589952477936,110.5
2011,103.1,33.3,110.0,38.9,60.0,3514.589952477936,400.1
2011,1050.3,158.2,233.3,157.1,90.9,3514.589952477936,3803.2
2011,42.3,912.8684819097351,100.0,100.0,608.3602528089887,3514.589952477936,209.1
2011,248.1,125.0,58.8,47.6,11.8,3514.589952477936,916.6
2011,378.5,212.5,48.1,10.1,71.4,3514.589952477936,1823.5
2011,1032.7,115.0,177.6,63.2,157.1,3514.589952477936,5556.8
2011,26.3,912.8684819097351,1001.1105367138624,12.5,100.0,3514.589952477936,140.5
2011,1005.4,61.6,133.9,247.9,78.8,3514.589952477936,4361.4
2011,113.8,83.3,146.2,50.0,85.7,3514.589952477936,492.0
2011,463.5,135.5,208.3,138.6,113.3,3514.589952477936,1513.8
2011,90.1,1100.0,1001.1105367138624,216.7,600.0,3514.589952477936,412.7
2011,355.8,73.1,61.5,53.6,109.1,3514.589952477936,1530.8
2011,133.8,260.0,240.0,127.8,233.3,3514.589952477936,575.0
2011,75.3,600.0,400.0,112.5,300.0,3514.589952477936,305.1
2011,57.1,912.8684819097351,233.3,50.0,608.3602528089887,3514.589952477936,286.3
2011,511.7,1440.0,471.4,257.6,143.8,3514.589952477936,1715.1
2011,314.5,475.0,91.7,15.6,100.0,3514.589952477936,1332.1
2011,111.7,56.3,200.0,60.7,200.0,3514.589952477936,511.9
2011,669.3,108.9,106.3,112.3,177.8,3514.589952477936,2740.8
2011,185.3,162.5,250.0,84.8,85.7,3514.589952477936,729.9
2011,122.6,200.0,114.3,22.6,608.3602528089887,3514.589952477936,426.4
2011,324.1,321.4,300.0,151.9,154.5,3514.589952477936,1243.8
2011,80.3,912.8684819097351,900.0,50.0,66.7,3514.589952477936,293.8
2011,79.3,600.0,250.0,118.2,608.3602528089887,3514.589952477936,380.3
2011,266.9,150.0,117.6,154.5,45.5,3514.589952477936,1024.4
2011,1935.2,44.1,165.9,172.7,71.2,3514.589952477936,8948.3
2011,30.8,100.0,33.3,20.0,608.3602528089887,3514.589952477936,173.9
2011,632.5,754.5,290.9,189.3,422.2,3514.589952477936,2679.3
2011,238.3,75.0,20.7,12.5,42.9,3514.589952477936,1426.1
2011,31.8,300.0,1001.1105367138624,66.7,100.0,3514.589952477936,101.8
2011,114.8,575.0,700.0,42.5,700.0,3514.589952477936,556.0
2011,70.9,133.3,33.3,60.0,100.0,3514.589952477936,316.5
2011,61.1,33.3,75.0,38.5,300.0,3514.589952477936,316.2
2011,89.6,912.8684819097351,1001.1105367138624,30.8,450.0,3514.589952477936,326.2
2011,295.5,166.7,88.2,17.2,608.3602528089887,3514.589952477936,1397.9
2011,88.2,80.0,166.7,166.7,608.3602528089887,3514.589952477936,418.7
2011,645.3,1044.4,476.9,135.0,107.7,3514.589952477936,2565.8
2011,364.9,72.4,43.8,16.1,150.0,3514.589952477936,1620.8
2011,1813.2,138.2,170.3,228.9,79.3,3514.589952477936,6249.1
2011,150.1,183.3,337.5,350.0,140.0,3514.589952477936,582.2
2011,59.6,233.3,100.0,54.5,608.3602528089887,3514.589952477936,191.0
2011,190.6,120.0,69.2,141.7,650.0,3514.589952477936,1026.3
2011,680.1,757.1,143.8,143.8,300.0,3514.589952477936,3315.5
2011,38.4,300.0,1001.1105367138624,42.9,100.0,3514.589952477936,178.0
2011,42.4,912.8684819097351,500.0,83.3,50.0,3514.589952477936,217.2
2011,405.8,146.2,181.3,80.6,112.5,3514.589952477936,1410.7
2011,250.8,123.5,227.3,206.7,66.7,3514.589952477936,731.3
2011,684.4,100.0,257.9,135.2,280.0,3514.589952477936,3308.5
2011,315.8,472.7,410.0,96.4,185.7,3514.589952477936,1438.9
2011,266.8,93.8,147.1,116.0,77.8,3514.589952477936,1208.3
2011,158.3,66.7,117.6,91.4,50.0,3514.589952477936,573.2
2011,687.8,204.2,435.7,67.8,76.0,3514.589952477936,3772.7
2011,897.7,79.7,215.2,160.7,25.7,3514.589952477936,3412.8
2011,494.3,162.1,121.6,27.6,42.9,3514.589952477936,2847.8
2011,107.3,112.5,1001.1105367138624,42.1,150.0,3514.589952477936,456.7
2011,53.3,33.3,100.0,25.9,300.0,3514.589952477936,222.2
2011,828.6,196.7,296.0,395.8,180.0,3514.589952477936,3272.8
2011,48.8,912.8684819097351,100.0,66.7,608.3602528089887,3514.589952477936,192.7
2011,66.6,912.8684819097351,200.0,86.7,100.0,3514.589952477936,370.6
2011,45.2,912.8684819097351,150.0,21.4,608.3602528089887,3514.589952477936,240.7
2011,56.8,912.8684819097351,60.0,41.7,66.7,3514.589952477936,241.1
2011,54.3,912.8684819097351,125.0,1159.7449092741936,608.3602528089887,3514.589952477936,189.7
2011,336.4,1333.3,253.8,117.4,800.0,3514.589952477936,1537.7
2011,43.8,912.8684819097351,100.0,33.3,608.3602528089887,3514.589952477936,204.2
2011,55.4,912.8684819097351,450.0,128.6,500.0,3514.589952477936,196.3
2011,162.3,1200.0,350.0,126.9,1200.0,3514.589952477936,801.0
2011,91.1,100.0,400.0,69.0,250.0,3514.589952477936,338.7
2011,574.8,727.3,260.0,183.8,366.7,3514.589952477936,2331.6
2011,29.5,912.8684819097351,60.0,57.1,50.0,3514.589952477936,124.3
2011,74.5,140.0,80.0,50.0,133.3,3514.589952477936,353.6
2011,310.5,36.0,82.1,54.9,23.1,3514.589952477936,1361.8
2011,437.1,86.4,154.5,116.9,50.0,3514.589952477936,1921.4
2011,527.6,555.6,170.6,100.0,185.7,3514.589952477936,2101.2
2011,1218.9,135.5,164.7,116.7,106.3,3514.589952477936,4737.2
2011,885.9,67.7,117.6,65.6,85.7,3514.589952477936,3625.8
2011,258.1,90.9,138.9,80.0,111.1,3514.589952477936,993.5
2011,532.9,65.2,48.1,19.9,146.2,3514.589952477936,2705.5
2011,223.3,220.0,342.9,400.0,333.3,3514.589952477936,823.9
2011,193.8,3000.0,191.7,138.1,500.0,3514.589952477936,817.8
2011,625.1,36.4,62.8,54.1,48.8,3514.589952477936,2475.8
2011,1786.6,89.5,160.4,222.9,61.5,3514.589952477936,8335.4
2011,212.6,800.0,966.7,211.5,1100.0,3514.589952477936,1035.8
2011,33.4,912.8684819097351,1001.1105367138624,20.0,608.3602528089887,3514.589952477936,190.9
2011,841.5,261.1,65.5,22.6,387.5,3514.589952477936,3833.3
2011,435.9,60.6,136.4,132.3,225.0,3514.589952477936,1807.5
2011,18.1,912.8684819097351,125.0,18.2,608.3602528089887,3514.589952477936,91.8
2011,44.6,912.8684819097351,500.0,75.0,400.0,3514.589952477936,184.8
2011,182.1,300.0,483.3,292.9,110.0,3514.589952477936,699.8
2011,50.1,500.0,180.0,61.5,608.3602528089887,3514.589952477936,165.7
2011,108.7,250.0,80.0,35.7,608.3602528089887,3514.589952477936,434.7
2011,122.8,566.7,533.3,147.4,75.0,3514.589952477936,500.3
2011,128.4,200.0,244.4,184.6,608.3602528089887,3514.589952477936,482.9
2011,83.7,912.8684819097351,550.0,166.7,608.3602528089887,3514.589952477936,273.4
2011,357.3,912.8684819097351,355.6,125.5,166.7,3514.589952477936,1523.0
2011,75.4,912.8684819097351,228.6,105.3,400.0,3514.589952477936,376.9
2011,121.9,912.8684819097351,333.3,43.6,366.7,3514.589952477936,535.9
2011,957.0,81.0,107.5,177.3,127.3,3514.589952477936,4098.6
2011,51.8,400.0,100.0,40.0,608.3602528089887,3514.589952477936,262.2
2011,92.3,500.0,150.0,63.6,100.0,3514.589952477936,438.1
2011,57.9,71.4,1001.1105367138624,14.3,50.0,3514.589952477936,181.2
2011,81.8,666.7,83.3,24.1,100.0,3514.589952477936,376.8
2011,121.1,900.0,100.0,115.0,75.0,3514.589952477936,478.3
2011,255.3,625.0,411.1,231.3,100.0,3514.589952477936,1085.0
2011,675.2,46.9,64.3,142.9,75.0,3514.589952477936,2652.3
2011,121.9,675.0,2200.0,95.5,700.0,3514.589952477936,501.7
2011,39.3,133.3,100.0,63.6,200.0,3514.589952477936,194.9
2011,48.4,1500.0,550.0,160.0,133.3,3514.589952477936,213.5
2011,268.1,80.0,85.7,78.6,57.1,3514.589952477936,1088.1
2011,52.3,912.8684819097351,50.0,10.0,50.0,3514.589952477936,165.7
2011,99.3,37.5,107.7,50.0,200.0,3514.589952477936,402.0
2011,62.9,550.0,266.7,53.3,608.3602528089887,3514.589952477936,280.8
2011,50.8,50.0,40.0,31.0,100.0,3514.589952477936,266.6
2011,35.0,912.8684819097351,133.3,33.3,200.0,3514.589952477936,106.5
2011,221.2,260.0,180.0,48.4,133.3,3514.589952477936,828.0
2011,134.6,400.0,733.3,71.9,112.5,3514.589952477936,610.6
2011,61.7,912.8684819097351,500.0,42.9,608.3602528089887,3514.589952477936,270.7
2011,272.9,66.7,57.1,45.2,36.8,3514.589952477936,1248.7
2011,1451.0,50.0,120.5,198.4,52.3,3514.589952477936,5923.4
2011,1381.6,54.8,153.7,258.6,66.0,3514.589952477936,6199.6
2011,15.5,912.8684819097351,100.0,60.0,200.0,3514.589952477936,85.1
2011,676.4,109.7,117.2,91.8,41.7,3514.589952477936,2594.3
2011,519.3,69.0,91.7,62.4,90.9,3514.589952477936,2543.7
2011,64.3,275.0,250.0,56.3,200.0,3514.589952477936,306.7
2011,234.8,150.0,153.8,102.3,125.0,3514.589952477936,886.3
2011,220.1,475.0,69.6,40.3,100.0,3514.589952477936,844.7
2011,74.0,912.8684819097351,25.0,23.1,300.0,3514.589952477936,326.8
2011,324.0,146.2,120.0,50.9,525.0,3514.589952477936,1405.7
2011,685.3,143.8,152.4,107.8,128.6,3514.589952477936,3525.3
2011,630.8,42.5,78.3,89.4,61.3,3514.589952477936,2705.2
2011,22.1,100.0,50.0,33.3,608.3602528089887,3514.589952477936,120.2
2011,1237.8,72.0,95.3,45.1,128.0,3514.589952477936,5954.8
2011,83.8,88.9,150.0,33.3,66.7,3514.589952477936,398.6
2011,643.7,53.1,78.3,38.8,100.0,3514.589952477936,3635.4
2011,33.1,912.8684819097351,1001.1105367138624,100.0,608.3602528089887,3514.589952477936,189.9
2011,115.8,650.0,375.0,263.6,600.0,3514.589952477936,494.2
2011,903.8,123.1,181.6,50.6,150.0,3514.589952477936,4112.4
2011,80.8,200.0,900.0,90.5,608.3602528089887,3514.589952477936,369.8
2011,31.9,912.8684819097351,1001.1105367138624,61.5,608.3602528089887,3514.589952477936,144.1
2011,28.2,500.0,500.0,22.2,100.0,3514.589952477936,95.2
2011,39.1,500.0,900.0,150.0,300.0,3514.589952477936,175.1
2011,373.6,116.7,163.2,121.2,109.1,3514.589952477936,1459.6
2011,270.0,766.7,141.2,135.5,66.7,3514.589952477936,1110.1
2011,78.3,912.8684819097351,50.0,187.5,1300.0,3514.589952477936,356.8
2011,355.9,122.6,106.5,77.3,106.3,3514.589952477936,1636.5
2011,145.9,375.0,450.0,126.7,25.0,3514.589952477936,581.7
2011,429.3,100.0,400.0,100.0,154.5,3514.589952477936,1969.3
2011,234.3,600.0,177.8,87.2,71.4,3514.589952477936,1309.8
2011,353.3,700.0,158.3,141.1,110.0,3514.589952477936,1217.6
2011,77.7,150.0,16.7,112.5,66.7,3514.589952477936,347.5
2011,952.1,45.3,87.7,102.1,65.2,3514.589952477936,3828.7
2011,218.8,150.0,82.4,45.6,233.3,3514.589952477936,902.1
2011,57.9,500.0,400.0,71.4,608.3602528089887,3514.589952477936,244.5
2011,228.5,137.5,580.0,97.3,200.0,3514.589952477936,1090.6
2011,861.0,119.6,226.2,80.1,54.3,3514.589952477936,3941.2
2011,81.8,912.8684819097351,57.1,42.9,85.7,3514.589952477936,324.8
2011,138.8,128.6,233.3,45.7,800.0,3514.589952477936,554.6
2011,180.8,600.0,160.0,25.5,75.0,3514.589952477936,810.6
2011,81.5,1400.0,50.0,31.8,608.3602528089887,3514.589952477936,412.1
2011,194.0,82.4,135.7,63.8,122.2,3514.589952477936,760.5
2011,77.8,1000.0,75.0,41.2,608.3602528089887,3514.589952477936,331.4
2011,80.1,912.8684819097351,200.0,116.7,608.3602528089887,3514.589952477936,318.8
2011,294.8,200.0,60.0,60.5,166.7,3514.589952477936,1497.8
2011,80.3,912.8684819097351,1300.0,90.0,250.0,3514.589952477936,406.8
2011,1625.0,38.4,118.4,95.7,193.9,3514.589952477936,8776.5
2011,100.4,1600.0,700.0,225.0,608.3602528089887,3514.589952477936,466.3
2011,648.3,137.8,126.3,141.4,105.0,3514.589952477936,2439.3
2011,244.8,220.0,123.3,180.0,77.8,3514.589952477936,969.8
2011,1053.0,44.0,158.0,65.1,225.0,3514.589952477936,6661.8
2011,50.8,912.8684819097351,500.0,72.7,608.3602528089887,3514.589952477936,201.3
2011,269.1,1800.0,183.3,188.2,233.3,3514.589952477936,1458.8
2011,1728.8,71.5,133.9,207.5,39.5,3514.589952477936,7287.1
2011,44.3,500.0,100.0,33.3,500.0,3514.589952477936,219.0
2011,189.7,50.0,162.5,38.5,350.0,3514.589952477936,920.7
2011,129.2,600.0,120.0,46.7,125.0,3514.589952477936,622.3
2011,513.3,82.9,97.8,126.2,125.0,3514.589952477936,1983.4
2011,1510.4,99.1,269.1,195.3,60.0,3514.589952477936,6258.0
2011,88.6,750.0,116.7,47.8,608.3602528089887,3514.589952477936,479.0
2011,436.7,56.8,93.1,67.0,69.2,3514.589952477936,1796.5
2011,168.1,107.7,260.0,72.4,30.8,3514.589952477936,613.1
2011,72.4,22.2,60.0,111.1,40.0,3514.589952477936,330.3
2011,147.9,566.7,271.4,181.8,100.0,3514.589952477936,696.8
2011,45.8,100.0,150.0,45.5,100.0,3514.589952477936,173.9
2011,124.3,912.8684819097351,1300.0,115.0,608.3602528089887,3514.589952477936,583.3
2011,87.2,100.0,100.0,93.8,133.3,3514.589952477936,370.1
2011,227.8,70.4,96.2,80.2,177.8,3514.589952477936,1069.7
2011,67.2,200.0,100.0,41.2,608.3602528089887,3514.589952477936,297.1
2011,155.2,333.3,1050.0,64.7,275.0,3514.589952477936,672.0
2011,77.9,1100.0,120.0,4.5,608.3602528089887,3514.589952477936,377.3
2011,97.8,1600.0,260.0,50.0,350.0,3514.589952477936,499.7
2011,302.3,137.5,314.3,129.3,45.5,3514.589952477936,1200.9
2011,91.3,66.7,66.7,8.0,66.7,3514.589952477936,423.0
2011,428.5,148.3,445.5,150.6,250.0,3514.589952477936,1790.4
2011,162.4,912.8684819097351,483.3,193.9,1700.0,3514.589952477936,861.7
2011,84.8,912.8684819097351,1300.0,117.6,500.0,3514.589952477936,471.8
2011,349.6,172.2,291.7,150.0,200.0,3514.589952477936,1371.3
2011,761.3,51.6,112.7,86.8,61.9,3514.589952477936,3050.3
2011,56.3,850.0,133.3,59.1,608.3602528089887,3514.589952477936,202.5
2011,583.8,44.4,138.5,82.9,155.6,3514.589952477936,3556.0
2011,94.0,160.0,180.0,56.3,200.0,3514.589952477936,517.0
2011,213.9,340.0,233.3,107.4,400.0,3514.589952477936,818.8
2011,185.8,133.3,66.7,97.4,800.0,3514.589952477936,672.6
2011,148.3,162.5,133.3,100.0,100.0,3514.589952477936,657.8
2011,1709.3,59.3,150.7,181.1,118.2,3514.589952477936,7708.3
2011,202.7,442.9,225.0,53.1,300.0,3514.589952477936,995.3
2011,99.5,142.9,72.7,117.9,100.0,3514.589952477936,359.8
2011,58.1,600.0,125.0,84.6,133.3,3514.589952477936,215.8
2011,1066.9,200.0,178.5,136.9,91.7,3514.589952477936,4746.7
2011,69.3,50.0,1001.1105367138624,140.0,250.0,3514.589952477936,290.3
2011,181.0,1500.0,325.0,34.3,50.0,3514.589952477936,865.4
2011,70.4,700.0,200.0,71.4,100.0,3514.589952477936,359.4
2011,1676.2,45.3,63.4,124.0,50.6,3514.589952477936,6540.7
2011,77.5,400.0,166.7,111.8,300.0,3514.589952477936,236.1
2011,74.6,340.0,180.0,40.0,133.3,3514.589952477936,321.5
2011,1460.4,84.5,103.0,49.1,71.0,3514.589952477936,8558.0
2011,79.9,912.8684819097351,133.3,127.3,150.0,3514.589952477936,288.0
2011,64.8,166.7,100.0,58.8,608.3602528089887,3514.589952477936,301.2
2011,74.6,912.8684819097351,300.0,187.5,100.0,3514.589952477936,297.4
2011,151.1,2200.0,500.0,60.6,600.0,3514.589952477936,716.4
2011,755.7,118.4,221.6,151.2,162.5,3514.589952477936,2788.8
2011,317.7,160.0,112.5,97.9,100.0,3514.589952477936,1258.6
2011,13.3,912.8684819097351,300.0,66.7,608.3602528089887,3514.589952477936,81.1
2011,537.3,53.9,271.4,92.7,120.0,3514.589952477936,2267.8
2011,101.7,600.0,433.3,105.9,50.0,3514.589952477936,343.2
2011,16.8,912.8684819097351,200.0,18.2,608.3602528089887,3514.589952477936,80.8
2011,39.3,75.0,1001.1105367138624,50.0,50.0,3514.589952477936,167.3
2011,968.6,76.9,296.8,105.8,138.5,3514.589952477936,4942.7
2011,46.2,912.8684819097351,75.0,40.0,608.3602528089887,3514.589952477936,165.3
2011,80.6,1200.0,500.0,28.6,400.0,3514.589952477936,370.0
2011,1382.8,383.3,217.5,181.7,362.5,3514.589952477936,5014.8
2011,247.6,45.0,67.7,55.6,50.0,3514.589952477936,1731.0
2011,64.6,912.8684819097351,88.9,53.3,608.3602528089887,3514.589952477936,333.3
2011,467.1,390.0,94.7,145.9,92.9,3514.589952477936,2044.6
2011,752.8,275.0,221.4,166.7,96.6,3514.589952477936,2607.1
2011,532.9,455.6,278.6,266.7,154.5,3514.589952477936,1965.4
2011,103.7,75.0,187.5,20.9,200.0,3514.589952477936,479.6
2012,696.6,1166.7,370.0,259.4,287.5,3514.589952477936,2685.8
2012,40.8,912.8684819097351,1001.1105367138624,26.7,608.3602528089887,3514.589952477936,183.9
2012,79.7,400.0,500.0,75.0,200.0,3514.589952477936,358.4
2012,291.8,625.0,161.5,227.3,188.9,3514.589952477936,1256.4
2012,829.4,96.2,177.8,65.1,62.5,3514.589952477936,3334.8
2012,162.8,175.0,525.0,370.0,608.3602528089887,3514.589952477936,568.8
2012,663.3,115.6,478.6,124.3,200.0,3514.589952477936,2987.0
2012,222.8,60.0,171.4,186.4,42.9,3514.589952477936,905.2
2012,17.1,912.8684819097351,25.0,11.1,25.0,3514.589952477936,65.1
2012,153.1,200.0,114.3,100.0,85.7,3514.589952477936,600.2
2012,604.5,113.0,128.0,186.1,154.5,3514.589952477936,2449.3
2012,64.6,912.8684819097351,166.7,60.0,608.3602528089887,3514.589952477936,330.1
2012,186.3,700.0,366.7,100.0,608.3602528089887,3514.589952477936,726.9
2012,71.2,150.0,25.0,33.3,608.3602528089887,3514.589952477936,301.3
2012,78.3,350.0,200.0,75.0,100.0,3514.589952477936,367.6
2012,48.5,912.8684819097351,1001.1105367138624,100.0,500.0,3514.589952477936,211.0
2012,377.1,78.6,300.0,275.0,300.0,3514.589952477936,1509.0
2012,89.9,912.8684819097351,600.0,50.0,200.0,3514.589952477936,484.6
2012,97.2,250.0,350.0,61.5,600.0,3514.589952477936,471.3
2012,47.4,912.8684819097351,200.0,114.3,608.3602528089887,3514.589952477936,173.8
2012,58.1,912.8684819097351,75.0,80.0,200.0,3514.589952477936,284.6
2012,33.9,100.0,1001.1105367138624,1159.7449092741936,608.3602528089887,3514.589952477936,115.4
2012,1007.0,406.7,200.0,63.0,800.0,3514.589952477936,4833.4
2012,346.9,2500.0,633.3,168.8,608.3602528089887,3514.589952477936,1440.6
2012,309.3,825.0,370.0,384.2,112.5,3514.589952477936,1297.8
2012,131.3,800.0,185.7,158.8,85.7,3514.589952477936,626.1
2012,242.7,190.9,733.3,126.9,57.1,3514.589952477936,1077.0
2012,119.2,233.3,100.0,94.4,608.3602528089887,3514.589952477936,584.6
2012,77.3,900.0,300.0,75.0,200.0,3514.589952477936,414.4
2012,200.1,141.7,107.1,111.5,350.0,3514.589952477936,860.8
2012,91.5,400.0,800.0,100.0,200.0,3514.589952477936,384.6
2012,42.5,912.8684819097351,150.0,33.3,100.0,3514.589952477936,144.3
2012,150.4,46.2,350.0,121.1,50.0,3514.589952477936,569.4
2012,1234.9,358.3,400.0,315.4,113.3,3514.589952477936,4342.1
2012,55.8,912.8684819097351,100.0,300.0,608.3602528089887,3514.589952477936,223.6
2012,279.8,200.0,155.6,58.3,8.7,3514.589952477936,1075.9
2012,414.7,283.3,45.5,23.9,120.0,3514.589952477936,1996.7
2012,1336.0,214.3,202.6,109.1,295.0,3514.589952477936,6828.8
2012,33.8,50.0,66.7,50.0,608.3602528089887,3514.589952477936,175.3
2012,1173.8,128.9,226.5,392.2,67.5,3514.589952477936,4963.5
2012,165.1,250.0,400.0,133.3,160.0,3514.589952477936,680.8
2012,636.6,204.5,194.7,170.0,130.8,3514.589952477936,2078.2
2012,117.5,912.8684819097351,350.0,233.3,600.0,3514.589952477936,454.3
2012,443.2,125.0,95.7,86.1,216.7,3514.589952477936,1978.1
2012,169.9,250.0,433.3,272.7,300.0,3514.589952477936,721.3
2012,115.8,912.8684819097351,900.0,133.3,600.0,3514.589952477936,436.3
2012,58.3,912.8684819097351,300.0,80.0,608.3602528089887,3514.589952477936,304.9
2012,624.2,1333.3,610.0,469.7,230.8,3514.589952477936,2088.0
2012,324.9,1950.0,160.0,41.0,608.3602528089887,3514.589952477936,1405.3
2012,158.3,100.0,450.0,85.7,300.0,3514.589952477936,667.8
2012,760.9,138.5,109.1,140.6,318.2,3514.589952477936,3124.9
2012,234.8,750.0,1900.0,307.7,166.7,3514.589952477936,913.8
2012,139.9,912.8684819097351,150.0,55.6,33.3,3514.589952477936,515.8
2012,424.7,685.7,308.3,465.0,285.7,3514.589952477936,1628.8
2012,75.8,912.8684819097351,266.7,50.0,66.7,3514.589952477936,305.4
2012,106.6,800.0,250.0,281.8,608.3602528089887,3514.589952477936,477.3
2012,326.5,153.8,178.6,154.1,55.6,3514.589952477936,1358.8
2012,34.1,912.8684819097351,33.3,100.0,608.3602528089887,3514.589952477936,211.9
2012,941.2,566.7,766.7,342.6,616.7,3514.589952477936,3508.1
2012,295.8,93.8,31.6,24.5,200.0,3514.589952477936,1567.2
2012,29.2,912.8684819097351,1001.1105367138624,62.5,608.3602528089887,3514.589952477936,126.3
2012,147.5,912.8684819097351,350.0,78.6,800.0,3514.589952477936,717.1
2012,88.2,400.0,400.0,100.0,50.0,3514.589952477936,403.8
2012,96.1,50.0,450.0,59.1,608.3602528089887,3514.589952477936,398.7
2012,101.8,912.8684819097351,1001.1105367138624,75.0,1000.0,3514.589952477936,440.7
2012,354.8,316.7,125.0,21.1,608.3602528089887,3514.589952477936,1583.6
2012,119.3,200.0,220.0,433.3,608.3602528089887,3514.589952477936,533.3
2012,717.7,1516.7,1040.0,282.9,112.5,3514.589952477936,2799.1
2012,423.3,350.0,93.3,20.0,608.3602528089887,3514.589952477936,1942.7
2012,201.5,700.0,725.0,1033.3,400.0,3514.589952477936,761.3
2012,66.4,912.8684819097351,150.0,116.7,608.3602528089887,3514.589952477936,227.7
2012,231.2,171.4,177.8,182.4,650.0,3514.589952477936,1192.9
2012,815.4,900.0,283.3,230.9,416.7,3514.589952477936,3696.7
2012,42.5,912.8684819097351,1001.1105367138624,100.0,608.3602528089887,3514.589952477936,196.2
2012,72.8,912.8684819097351,400.0,128.6,608.3602528089887,3514.589952477936,276.2
2012,507.9,222.2,168.8,126.8,350.0,3514.589952477936,1668.6
2012,317.2,122.2,371.4,295.2,71.4,3514.589952477936,930.8
2012,691.0,161.1,225.0,167.1,420.0,3514.589952477936,3348.1
2012,427.1,588.9,600.0,193.9,300.0,3514.589952477936,1822.8
2012,331.0,271.4,312.5,219.2,90.0,3514.589952477936,1448.0
2012,211.5,80.0,212.5,120.7,55.6,3514.589952477936,796.3
2012,821.8,423.1,321.1,105.8,127.8,3514.589952477936,4106.0
2012,1084.5,157.6,264.0,196.8,22.9,3514.589952477936,4200.9
2012,641.3,321.4,164.0,36.8,89.5,3514.589952477936,3121.8
2012,137.1,180.0,400.0,90.0,608.3602528089887,3514.589952477936,594.2
2012,74.2,42.9,75.0,69.2,200.0,3514.589952477936,287.3
2012,978.3,319.0,375.0,606.3,207.7,3514.589952477936,4088.8
2012,69.5,912.8684819097351,166.7,100.0,150.0,3514.589952477936,254.2
2012,78.8,400.0,600.0,162.5,300.0,3514.589952477936,405.8
2012,54.4,912.8684819097351,600.0,70.0,608.3602528089887,3514.589952477936,278.0
2012,55.9,912.8684819097351,100.0,57.1,75.0,3514.589952477936,264.9
2012,51.0,912.8684819097351,600.0,9.1,608.3602528089887,3514.589952477936,195.8
2012,405.3,912.8684819097351,850.0,200.0,1400.0,3514.589952477936,1740.2
2012,44.5,912.8684819097351,1001.1105367138624,100.0,608.3602528089887,3514.589952477936,209.8
2012,59.8,912.8684819097351,450.0,500.0,608.3602528089887,3514.589952477936,238.1
2012,193.2,912.8684819097351,650.0,205.6,800.0,3514.589952477936,881.4
2012,152.2,133.3,300.0,158.3,250.0,3514.589952477936,579.2
2012,712.5,700.0,540.0,251.9,614.3,3514.589952477936,2771.0
2012,40.3,912.8684819097351,1001.1105367138624,133.3,100.0,3514.589952477936,164.9
2012,94.4,912.8684819097351,60.0,85.7,250.0,3514.589952477936,436.0
2012,345.8,36.8,143.8,60.4,30.0,3514.589952477936,1591.9
2012,534.2,68.2,181.8,176.4,70.0,3514.589952477936,2458.3
2012,671.7,331.3,300.0,147.9,230.8,3514.589952477936,2711.4
2012,1632.0,229.8,260.9,238.3,140.5,3514.589952477936,6178.5
2012,1096.9,98.0,210.0,125.9,115.8,3514.589952477936,4436.3
2012,355.6,127.8,245.5,102.8,216.7,3514.589952477936,1331.8
2012,683.8,87.1,93.5,27.2,400.0,3514.589952477936,3358.2
2012,269.3,1100.0,650.0,500.0,900.0,3514.589952477936,1010.3
2012,225.3,2700.0,575.0,157.9,1000.0,3514.589952477936,965.5
2012,806.4,70.7,100.0,74.2,75.0,3514.589952477936,3174.0
2012,290.2,1150.0,875.0,400.0,600.0,3514.589952477936,1264.8
2012,35.8,912.8684819097351,1001.1105367138624,36.4,608.3602528089887,3514.589952477936,219.7
2012,1037.2,416.7,92.7,42.1,633.3,3514.589952477936,4656.3
2012,524.5,114.3,344.4,168.5,190.9,3514.589952477936,2137.1
2012,28.1,912.8684819097351,500.0,33.3,608.3602528089887,3514.589952477936,124.3
2012,74.3,912.8684819097351,250.0,108.3,608.3602528089887,3514.589952477936,295.9
2012,261.4,1300.0,2600.0,716.7,110.0,3514.589952477936,971.3
2012,61.8,300.0,375.0,100.0,608.3602528089887,3514.589952477936,198.9
2012,111.4,912.8684819097351,250.0,41.7,608.3602528089887,3514.589952477936,480.9
2012,143.8,533.3,1500.0,300.0,200.0,3514.589952477936,597.9
2012,145.6,1100.0,540.0,210.0,600.0,3514.589952477936,572.3
2012,107.2,912.8684819097351,900.0,180.0,608.3602528089887,3514.589952477936,325.7
2012,428.1,912.8684819097351,1100.0,216.7,140.0,3514.589952477936,1744.6
2012,111.0,912.8684819097351,650.0,129.4,608.3602528089887,3514.589952477936,485.8
2012,172.4,912.8684819097351,1000.0,65.5,366.7,3514.589952477936,679.3
2012,1121.8,166.7,173.0,168.6,166.7,3514.589952477936,4626.9
2012,67.3,912.8684819097351,200.0,37.5,50.0,3514.589952477936,315.5
2012,111.4,1500.0,150.0,88.9,608.3602528089887,3514.589952477936,517.0
2012,53.8,912.8684819097351,33.3,16.7,608.3602528089887,3514.589952477936,193.2
2012,79.8,912.8684819097351,250.0,42.9,608.3602528089887,3514.589952477936,374.8
2012,177.8,225.0,260.0,192.3,266.7,3514.589952477936,684.2
2012,382.8,2600.0,633.3,733.3,183.3,3514.589952477936,1492.9
2012,875.5,74.3,34.7,273.2,88.2,3514.589952477936,3421.8
2012,168.9,900.0,733.3,241.7,608.3602528089887,3514.589952477936,620.4
2012,44.5,912.8684819097351,150.0,150.0,300.0,3514.589952477936,230.2
2012,75.8,912.8684819097351,900.0,228.6,250.0,3514.589952477936,301.7
2012,340.5,136.4,105.6,100.0,133.3,3514.589952477936,1346.8
2012,53.1,100.0,57.1,33.3,100.0,3514.589952477936,209.3
2012,128.6,266.7,118.2,107.1,175.0,3514.589952477936,482.7
2012,73.8,500.0,233.3,100.0,200.0,3514.589952477936,322.1
2012,61.2,133.3,33.3,57.9,300.0,3514.589952477936,338.0
2012,247.4,600.0,300.0,100.0,175.0,3514.589952477936,921.3
2012,195.9,300.0,2200.0,155.0,250.0,3514.589952477936,801.8
2012,72.5,912.8684819097351,500.0,166.7,608.3602528089887,3514.589952477936,335.4
2012,356.6,121.4,133.3,105.6,108.3,3514.589952477936,1527.3
2012,1853.5,87.4,136.4,253.1,61.1,3514.589952477936,7505.1
2012,1766.1,61.8,184.8,334.4,82.7,3514.589952477936,7659.5
2012,29.6,912.8684819097351,1001.1105367138624,75.0,608.3602528089887,3514.589952477936,132.6
2012,810.6,181.3,171.4,123.6,70.0,3514.589952477936,3138.9
2012,680.3,105.7,171.9,120.0,164.7,3514.589952477936,3148.9
2012,99.8,1400.0,1001.1105367138624,85.7,608.3602528089887,3514.589952477936,449.5
2012,302.8,380.0,375.0,151.4,166.7,3514.589952477936,1110.3
2012,244.7,912.8684819097351,123.1,70.7,180.0,3514.589952477936,1014.1
2012,86.8,600.0,100.0,40.0,500.0,3514.589952477936,385.4
2012,456.2,266.7,200.0,161.5,800.0,3514.589952477936,1775.3
2012,849.5,122.2,207.1,175.7,184.6,3514.589952477936,4101.2
2012,790.6,89.5,131.4,103.4,71.0,3514.589952477936,3272.9
2012,23.0,100.0,20.0,37.5,608.3602528089887,3514.589952477936,127.1
2012,1546.8,94.6,127.9,68.9,195.0,3514.589952477936,7447.9
2012,104.5,160.0,150.0,46.2,50.0,3514.589952477936,504.2
2012,867.7,119.2,130.0,71.3,110.0,3514.589952477936,4705.2
2012,36.2,912.8684819097351,1001.1105367138624,100.0,608.3602528089887,3514.589952477936,193.8
2012,153.1,912.8684819097351,450.0,775.0,608.3602528089887,3514.589952477936,630.7
2012,1187.3,174.3,212.5,93.6,225.0,3514.589952477936,5297.5
2012,91.2,200.0,900.0,164.3,608.3602528089887,3514.589952477936,412.5
2012,37.3,912.8684819097351,1001.1105367138624,100.0,608.3602528089887,3514.589952477936,178.3
2012,40.5,600.0,1001.1105367138624,1159.7449092741936,100.0,3514.589952477936,139.1
2012,50.4,912.8684819097351,1001.1105367138624,166.7,608.3602528089887,3514.589952477936,211.5
2012,413.9,210.0,280.0,206.3,107.7,3514.589952477936,1634.3
2012,299.2,912.8684819097351,311.1,268.8,75.0,3514.589952477936,1247.0
2012,88.7,912.8684819097351,133.3,233.3,608.3602528089887,3514.589952477936,413.9
2012,449.7,200.0,291.7,174.5,216.7,3514.589952477936,2037.8
2012,161.9,912.8684819097351,500.0,180.0,50.0,3514.589952477936,717.9
2012,497.4,175.0,1400.0,152.1,800.0,3514.589952477936,2335.6
2012,251.8,475.0,460.0,118.2,116.7,3514.589952477936,1406.4
2012,392.5,3100.0,416.7,184.8,136.4,3514.589952477936,1357.0
2012,94.6,912.8684819097351,40.0,150.0,150.0,3514.589952477936,434.4
2012,1157.9,70.7,129.5,170.8,100.0,3514.589952477936,4710.8
2012,275.1,190.0,150.0,75.0,450.0,3514.589952477936,1214.5
2012,68.0,912.8684819097351,266.7,84.2,608.3602528089887,3514.589952477936,303.5
2012,273.1,371.4,620.0,157.7,216.7,3514.589952477936,1301.2
2012,1012.8,150.0,372.0,122.2,55.3,3514.589952477936,4602.8
2012,118.6,912.8684819097351,200.0,58.8,100.0,3514.589952477936,456.3
2012,171.0,350.0,533.3,105.6,900.0,3514.589952477936,683.1
2012,199.0,912.8684819097351,200.0,32.5,200.0,3514.589952477936,957.7
2012,87.8,1000.0,250.0,47.4,608.3602528089887,3514.589952477936,436.3
2012,236.9,53.8,222.2,115.2,200.0,3514.589952477936,1022.7
2012,99.3,1100.0,66.7,61.5,400.0,3514.589952477936,393.5
2012,107.7,912.8684819097351,187.5,200.0,608.3602528089887,3514.589952477936,402.4
2012,350.3,123.1,58.8,116.0,200.0,3514.589952477936,1709.2
2012,105.7,912.8684819097351,1001.1105367138624,450.0,450.0,3514.589952477936,528.2
2012,1931.3,54.1,217.5,166.7,256.7,3514.589952477936,9788.3
2012,112.8,912.8684819097351,1001.1105367138624,900.0,608.3602528089887,3514.589952477936,487.1
2012,839.2,196.7,271.4,265.3,193.3,3514.589952477936,3207.8
2012,446.1,480.0,194.4,211.4,200.0,3514.589952477936,1588.1
2012,1242.0,68.5,205.0,94.5,350.0,3514.589952477936,7083.7
2012,62.8,912.8684819097351,1001.1105367138624,116.7,608.3602528089887,3514.589952477936,230.0
2012,326.3,1800.0,1350.0,330.0,366.7,3514.589952477936,1541.5
2012,58.0,912.8684819097351,400.0,60.0,700.0,3514.589952477936,277.1
2012,226.6,175.0,350.0,76.7,400.0,3514.589952477936,1058.4
2012,161.2,912.8684819097351,250.0,117.4,225.0,3514.589952477936,783.3
2012,658.9,103.8,129.4,182.4,160.0,3514.589952477936,2586.0
2012,1812.1,128.9,302.0,268.9,58.3,3514.589952477936,7251.9
2012,107.1,600.0,116.7,93.3,608.3602528089887,3514.589952477936,569.8
2012,485.1,110.5,182.4,98.4,81.8,3514.589952477936,2155.4
2012,347.2,162.5,650.0,96.3,62.5,3514.589952477936,1204.5
2012,106.1,80.0,111.1,600.0,66.7,3514.589952477936,457.2
2012,197.8,850.0,700.0,372.7,350.0,3514.589952477936,848.8
2012,68.4,912.8684819097351,133.3,87.5,608.3602528089887,3514.589952477936,236.0
2012,141.3,1400.0,1001.1105367138624,133.3,608.3602528089887,3514.589952477936,646.4
2012,113.8,600.0,100.0,163.6,500.0,3514.589952477936,462.4
2012,308.1,79.2,152.9,108.6,300.0,3514.589952477936,1351.9
2012,99.3,150.0,200.0,60.0,608.3602528089887,3514.589952477936,383.6
2012,192.8,1100.0,733.3,128.1,750.0,3514.589952477936,810.3
2012,119.6,912.8684819097351,350.0,14.3,608.3602528089887,3514.589952477936,519.8
2012,130.0,912.8684819097351,600.0,77.8,800.0,3514.589952477936,600.3
2012,386.5,92.3,400.0,208.0,54.5,3514.589952477936,1604.3
2012,103.3,912.8684819097351,50.0,54.5,100.0,3514.589952477936,466.5
2012,542.0,180.8,750.0,270.2,287.5,3514.589952477936,2052.1
2012,220.1,2300.0,700.0,300.0,750.0,3514.589952477936,1057.4
2012,79.5,912.8684819097351,1400.0,161.5,400.0,3514.589952477936,451.1
2012,421.7,500.0,333.3,246.9,350.0,3514.589952477936,1672.3
2012,1054.8,100.0,137.0,166.3,84.8,3514.589952477936,4138.2
2012,72.2,912.8684819097351,900.0,82.4,800.0,3514.589952477936,282.9
2012,706.1,77.4,176.2,121.4,300.0,3514.589952477936,3987.9
2012,132.8,450.0,550.0,127.3,400.0,3514.589952477936,685.0
2012,246.7,750.0,233.3,144.0,1100.0,3514.589952477936,946.8
2012,233.0,250.0,109.1,159.1,608.3602528089887,3514.589952477936,852.3
2012,197.3,350.0,333.3,110.5,400.0,3514.589952477936,804.5
2012,200.0,2700.0,172.7,95.0,300.0,3514.589952477936,1020.3
2012,138.9,225.0,150.0,175.0,100.0,3514.589952477936,526.8
2012,86.6,700.0,350.0,157.1,75.0,3514.589952477936,308.7
2012,1255.6,245.2,297.1,239.0,120.7,3514.589952477936,5421.0
2012,89.1,250.0,400.0,233.3,400.0,3514.589952477936,350.2
2012,204.5,1500.0,1300.0,61.9,133.3,3514.589952477936,926.6
2012,85.3,912.8684819097351,250.0,90.0,608.3602528089887,3514.589952477936,396.6
2012,100.1,500.0,100.0,177.8,608.3602528089887,3514.589952477936,290.6
2012,91.3,400.0,366.7,84.6,300.0,3514.589952477936,427.2
2012,1907.6,146.8,196.4,104.0,102.0,3514.589952477936,10283.5
2012,91.7,912.8684819097351,250.0,266.7,200.0,3514.589952477936,321.1
2012,61.1,300.0,1001.1105367138624,72.7,608.3602528089887,3514.589952477936,297.8
2012,83.5,912.8684819097351,1000.0,141.7,100.0,3514.589952477936,376.9
2012,158.4,2000.0,650.0,192.9,700.0,3514.589952477936,756.4
2012,923.9,309.1,242.4,323.9,462.5,3514.589952477936,3274.3
2012,369.8,120.0,100.0,122.9,150.0,3514.589952477936,1539.7
2012,24.9,912.8684819097351,1001.1105367138624,200.0,608.3602528089887,3514.589952477936,114.6
2012,705.3,64.6,687.5,196.8,260.0,3514.589952477936,2949.2
2012,131.8,800.0,350.0,100.0,300.0,3514.589952477936,460.0
2012,24.7,912.8684819097351,1001.1105367138624,45.5,608.3602528089887,3514.589952477936,116.7
2012,49.1,300.0,100.0,60.0,608.3602528089887,3514.589952477936,229.2
2012,1139.2,96.4,290.6,178.9,205.6,3514.589952477936,5821.4
2012,45.9,912.8684819097351,1001.1105367138624,66.7,608.3602528089887,3514.589952477936,177.2
2012,88.6,1400.0,1001.1105367138624,45.5,608.3602528089887,3514.589952477936,399.5
2012,1644.6,434.4,547.8,287.6,458.8,3514.589952477936,5799.8
2012,295.1,52.9,146.7,71.7,80.0,3514.589952477936,2007.9
2012,99.7,912.8684819097351,450.0,72.2,608.3602528089887,3514.589952477936,450.3
2012,593.5,1266.7,188.9,236.8,177.8,3514.589952477936,2581.0
2012,1018.9,677.8,196.6,280.6,128.0,3514.589952477936,3431.8
2012,588.4,1075.0,2450.0,375.0,600.0,3514.589952477936,2300.5
2012,133.4,100.0,233.3,73.3,608.3602528089887,3514.589952477936,580.4
2013,629.2,2100.0,1650.0,438.1,287.5,2847.0,2649.0
2013,43.5,912.8684819097351,1001.1105367138624,71.4,608.3602528089887,361.0,222.4
2013,73.8,300.0,1001.1105367138624,100.0,300.0,230.0,338.6
2013,286.8,650.0,766.7,622.2,271.4,3461.0,1321.9
2013,799.3,171.4,269.2,129.4,76.5,6341.0,3353.4
2013,131.3,216.7,1001.1105367138624,1850.0,608.3602528089887,2211.0,513.7
2013,642.5,140.7,800.0,237.8,400.0,5673.0,2966.0
2013,241.6,122.2,366.7,250.0,38.5,1811.0,1026.4
2013,17.8,200.0,25.0,100.0,33.3,114.0,83.5
2013,138.5,140.0,500.0,88.9,266.7,901.0,582.8
2013,565.0,362.5,320.0,334.8,188.9,5294.0,2528.4
2013,58.8,912.8684819097351,500.0,175.0,608.3602528089887,186.0,319.4
2013,193.8,1700.0,1100.0,138.5,600.0,795.0,777.8
2013,63.9,300.0,33.3,40.0,608.3602528089887,255.0,301.0
2013,101.8,266.7,1001.1105367138624,118.2,200.0,1113.0,438.6
2013,63.4,912.8684819097351,1001.1105367138624,175.0,608.3602528089887,383.0,261.8
2013,347.3,133.3,800.0,850.0,400.0,1597.0,1470.6
2013,88.1,912.8684819097351,233.3,100.0,700.0,302.0,473.4
2013,101.7,350.0,800.0,150.0,608.3602528089887,481.0,456.1
2013,55.3,300.0,1001.1105367138624,250.0,608.3602528089887,185.0,214.8
2013,62.1,912.8684819097351,300.0,133.3,608.3602528089887,607.0,315.8
2013,38.7,912.8684819097351,50.0,1159.7449092741936,608.3602528089887,101.0,135.7
2013,949.9,914.3,338.9,117.6,1650.0,4649.0,4921.3
2013,337.3,912.8684819097351,1001.1105367138624,600.0,608.3602528089887,1328.0,1532.1
2013,305.8,485.7,1800.0,646.2,216.7,2673.0,1406.4
2013,144.8,912.8684819097351,1400.0,254.5,140.0,1068.0,686.8
2013,264.1,275.0,1001.1105367138624,350.0,87.5,1553.0,1179.8
2013,143.2,400.0,1001.1105367138624,275.0,608.3602528089887,822.0,676.1
2013,81.1,912.8684819097351,1001.1105367138624,150.0,608.3602528089887,391.0,446.0
2013,225.3,200.0,300.0,140.0,800.0,2137.0,1034.5
2013,91.3,912.8684819097351,1001.1105367138624,214.3,608.3602528089887,505.0,392.3
2013,35.6,100.0,300.0,50.0,200.0,175.0,140.3
2013,139.1,116.7,1600.0,184.6,62.5,1351.0,610.9
2013,1263.5,478.9,685.7,651.1,195.8,12280.0,4722.8
2013,67.2,912.8684819097351,200.0,133.3,608.3602528089887,388.0,271.9
2013,269.3,450.0,360.0,100.0,46.7,2543.0,1175.0
2013,437.3,300.0,76.9,58.8,150.0,941.0,2111.3
2013,1224.9,284.4,650.0,196.9,429.4,12863.0,6514.9
2013,30.8,912.8684819097351,100.0,33.3,608.3602528089887,119.0,171.2
2013,1242.8,151.5,390.0,567.4,86.5,3772.0,5344.1
2013,150.3,166.7,1000.0,216.7,333.3,2507.0,668.9
2013,671.8,383.3,345.5,336.7,222.2,3037.0,2301.6
2013,113.8,912.8684819097351,1001.1105367138624,425.0,608.3602528089887,408.0,498.7
2013,457.4,700.0,357.1,171.4,320.0,3245.0,2102.1
2013,158.9,550.0,1200.0,850.0,333.3,761.0,730.0
2013,118.1,912.8684819097351,1001.1105367138624,175.0,608.3602528089887,458.0,474.3
2013,68.8,912.8684819097351,500.0,250.0,608.3602528089887,307.0,331.4
2013,666.9,1500.0,1083.3,662.5,327.3,2372.0,2258.7
2013,311.9,3500.0,800.0,72.7,1000.0,907.0,1488.3
2013,171.3,133.3,800.0,163.6,1000.0,839.0,768.8
2013,714.8,164.7,148.6,150.4,370.0,4142.0,3101.1
2013,245.6,533.3,1001.1105367138624,1850.0,150.0,822.0,963.0
2013,153.8,912.8684819097351,1001.1105367138624,61.1,50.0,1062.0,605.5
2013,451.2,642.9,940.0,547.1,275.0,3694.0,1816.0
2013,81.8,912.8684819097351,1001.1105367138624,266.7,66.7,274.0,323.0
2013,120.2,912.8684819097351,1001.1105367138624,288.9,608.3602528089887,651.0,581.5
2013,309.7,333.3,900.0,276.2,133.3,1364.0,1355.9
2013,34.3,912.8684819097351,200.0,66.7,608.3602528089887,153.0,205.6
2013,983.8,709.1,1100.0,541.9,1000.0,4891.0,3830.0
2013,253.2,107.7,75.0,46.4,500.0,991.0,1413.2
2013,40.2,912.8684819097351,700.0,166.7,608.3602528089887,178.0,160.3
2013,183.0,2300.0,1001.1105367138624,131.6,608.3602528089887,880.0,915.4
2013,94.4,100.0,1001.1105367138624,100.0,100.0,310.0,445.7
2013,98.6,912.8684819097351,1001.1105367138624,177.8,608.3602528089887,2122.0,398.9
2013,115.3,912.8684819097351,1001.1105367138624,175.0,608.3602528089887,350.0,484.8
2013,370.4,2800.0,566.7,47.8,608.3602528089887,977.0,1781.9
2013,113.3,912.8684819097351,1001.1105367138624,340.0,608.3602528089887,822.0,516.3
2013,385.0,1250.0,240.0,38.5,608.3602528089887,934.0,2144.2
2013,199.6,1300.0,2900.0,900.0,650.0,871.0,822.3
2013,68.1,912.8684819097351,1001.1105367138624,400.0,608.3602528089887,527.0,232.0
2013,209.3,600.0,225.0,320.0,400.0,1530.0,1162.8
2013,803.9,164.1,540.0,358.3,490.0,4068.0,3589.8
2013,48.4,912.8684819097351,1001.1105367138624,125.0,200.0,161.0,197.2
2013,69.8,600.0,200.0,300.0,608.3602528089887,152.0,274.8
2013,501.2,733.3,342.9,203.7,350.0,1537.0,1840.1
2013,289.8,146.7,266.7,618.2,75.0,1592.0,959.4
2013,666.3,245.5,900.0,287.2,550.0,1806.0,3408.1
2013,405.3,625.0,1075.0,645.5,233.3,2589.0,1820.4
2013,337.9,228.6,1300.0,350.0,137.5,3177.0,1533.5
2013,214.3,700.0,800.0,341.7,120.0,1038.0,868.7
2013,788.8,490.0,675.0,166.7,123.8,3942.0,4039.2
2013,983.2,150.0,690.0,343.6,37.0,6867.0,4169.7
2013,558.6,328.6,420.0,73.1,92.0,8892.0,2923.6
2013,127.8,300.0,200.0,80.0,608.3602528089887,702.0,596.5
2013,69.6,41.7,166.7,160.0,250.0,717.0,305.0
2013,941.8,336.8,1650.0,970.0,333.3,6686.0,4374.1
2013,64.7,912.8684819097351,1001.1105367138624,200.0,150.0,271.0,265.6
2013,87.6,300.0,1001.1105367138624,400.0,608.3602528089887,284.0,444.2
2013,51.3,912.8684819097351,1001.1105367138624,100.0,608.3602528089887,242.0,278.5
2013,63.9,912.8684819097351,400.0,44.4,150.0,236.0,268.9
2013,55.1,912.8684819097351,166.7,40.0,608.3602528089887,227.0,222.0
2013,442.8,912.8684819097351,1133.3,357.1,1000.0,2176.0,1892.0
2013,45.3,912.8684819097351,200.0,100.0,608.3602528089887,99.0,217.4
2013,68.3,912.8684819097351,1001.1105367138624,1800.0,250.0,346.0,249.2
2013,162.5,912.8684819097351,1700.0,512.5,1700.0,623.0,864.9
2013,165.2,400.0,1300.0,366.7,225.0,806.0,644.3
2013,666.4,1171.4,1060.0,418.2,783.3,4054.0,2770.9
2013,48.3,912.8684819097351,400.0,400.0,100.0,217.0,187.2
2013,110.3,912.8684819097351,300.0,216.7,250.0,529.0,466.1
2013,356.7,50.0,190.9,100.0,100.0,2285.0,1651.3
2013,446.3,100.0,208.3,278.9,93.8,2479.0,2197.1
2013,765.0,1300.0,850.0,304.0,300.0,1608.0,3181.2
2013,1651.6,253.5,496.0,338.8,194.4,17298.0,6642.8
2013,1085.8,120.5,485.7,169.7,164.3,8927.0,4629.8
2013,340.6,192.3,428.6,287.5,375.0,1555.0,1435.8
2013,726.6,171.4,269.2,48.2,288.9,3858.0,3757.9
2013,279.0,912.8684819097351,1001.1105367138624,2650.0,800.0,1159.0,1128.0
2013,238.3,2400.0,550.0,206.7,1200.0,828.0,994.9
2013,832.7,117.9,263.6,118.9,113.8,9153.0,3686.4
2013,300.9,1250.0,3000.0,1000.0,750.0,3145.0,1303.6
2013,38.7,912.8684819097351,500.0,66.7,608.3602528089887,195.0,216.1
2013,1072.3,625.0,217.6,81.0,1333.3,4889.0,5222.1
2013,460.6,183.3,850.0,344.4,192.3,6055.0,2131.0
2013,34.8,912.8684819097351,200.0,200.0,608.3602528089887,122.0,153.8
2013,64.3,912.8684819097351,600.0,66.7,608.3602528089887,471.0,283.8
2013,248.8,1500.0,2600.0,1533.3,157.1,2473.0,1011.3
2013,73.9,912.8684819097351,800.0,700.0,608.3602528089887,334.0,250.6
2013,92.4,912.8684819097351,300.0,225.0,608.3602528089887,186.0,446.3
2013,177.5,400.0,1300.0,3400.0,608.3602528089887,785.0,723.9
2013,166.8,912.8684819097351,1350.0,362.5,608.3602528089887,527.0,669.9
2013,96.8,912.8684819097351,900.0,271.4,608.3602528089887,435.0,325.2
2013,450.4,912.8684819097351,3500.0,431.3,366.7,1453.0,1881.8
2013,124.1,912.8684819097351,1100.0,157.1,608.3602528089887,427.0,503.2
2013,185.8,2200.0,400.0,147.1,433.3,677.0,779.3
2013,1155.3,250.0,440.0,515.4,107.1,2320.0,4939.8
2013,68.8,900.0,500.0,75.0,300.0,291.0,367.5
2013,121.4,1500.0,233.3,125.0,608.3602528089887,272.0,548.8
2013,58.5,912.8684819097351,200.0,40.0,200.0,213.0,230.5
2013,102.7,912.8684819097351,700.0,61.5,608.3602528089887,396.0,439.6
2013,195.2,1000.0,1400.0,480.0,225.0,1488.0,795.8
2013,432.3,912.8684819097351,3700.0,1080.0,466.7,1091.0,1716.3
2013,857.8,107.7,161.9,776.9,90.5,3429.0,3672.8
2013,198.3,440.0,2100.0,800.0,1300.0,1222.0,727.2
2013,41.1,120.0,1001.1105367138624,233.3,400.0,333.0,254.2
2013,75.6,912.8684819097351,900.0,271.4,300.0,979.0,321.1
2013,368.8,400.0,140.0,217.6,366.7,1000.0,1528.6
2013,56.3,100.0,100.0,25.0,608.3602528089887,91.0,231.2
2013,122.0,800.0,400.0,214.3,266.7,611.0,492.3
2013,90.9,500.0,1001.1105367138624,166.7,300.0,229.0,395.5
2013,67.5,250.0,200.0,125.0,700.0,421.0,374.5
2013,39.2,912.8684819097351,1001.1105367138624,1159.7449092741936,608.3602528089887,261.0,155.1
2013,230.2,900.0,450.0,262.5,200.0,859.0,875.7
2013,201.9,550.0,1001.1105367138624,291.7,275.0,1157.0,893.4
2013,93.3,912.8684819097351,1001.1105367138624,300.0,608.3602528089887,284.0,377.6
2013,320.0,222.2,211.1,133.3,92.3,2095.0,1488.8
2013,1816.3,112.7,352.4,457.3,68.6,6954.0,7981.9
2013,45.8,400.0,200.0,166.7,608.3602528089887,374.0,224.9
2013,742.4,238.5,166.7,279.4,61.5,2283.0,3117.5
2013,679.8,200.0,358.8,337.0,213.3,10987.0,3246.1
2013,119.8,1400.0,700.0,420.0,608.3602528089887,2237.0,494.1
2013,312.2,400.0,400.0,266.7,266.7,2381.0,1234.1
2013,270.4,912.8684819097351,475.0,194.4,150.0,1793.0,1127.5
2013,66.8,800.0,500.0,100.0,500.0,317.0,321.0
2013,437.3,372.7,400.0,284.4,966.7,5425.0,1901.5
2013,823.4,80.7,957.1,559.1,192.9,6393.0,4230.4
2013,729.9,153.8,391.7,194.7,87.5,10638.0,3396.0
2013,16.7,100.0,20.0,28.6,608.3602528089887,230.0,128.3
2013,1652.1,152.8,317.2,120.8,238.9,7580.0,8583.3
2013,129.7,400.0,300.0,80.0,100.0,361.0,613.9
2013,934.0,163.6,227.8,96.7,147.1,6534.0,5482.9
2013,35.5,912.8684819097351,1001.1105367138624,800.0,608.3602528089887,279.0,199.3
2013,134.0,912.8684819097351,900.0,1166.7,608.3602528089887,792.0,630.8
2013,1265.8,239.3,452.9,181.3,571.4,6004.0,6045.0
2013,88.1,500.0,1200.0,350.0,608.3602528089887,515.0,435.6
2013,39.2,912.8684819097351,1001.1105367138624,180.0,608.3602528089887,241.0,203.7
2013,38.2,912.8684819097351,1001.1105367138624,1159.7449092741936,100.0,119.0,145.4
2013,61.2,912.8684819097351,1001.1105367138624,1100.0,608.3602528089887,580.0,276.1
2013,421.8,266.7,850.0,253.8,127.3,1898.0,1682.3
2013,313.9,1100.0,700.0,328.6,128.6,1156.0,1428.1
2013,85.3,912.8684819097351,300.0,475.0,608.3602528089887,600.0,390.8
2013,479.9,376.9,760.0,272.7,300.0,6417.0,2367.7
2013,166.0,912.8684819097351,1000.0,550.0,300.0,694.0,798.5
2013,229.0,600.0,1001.1105367138624,200.0,180.0,1068.0,1271.7
2013,426.8,800.0,442.9,296.6,228.6,1773.0,1484.8
2013,108.3,250.0,100.0,133.3,350.0,266.0,463.8
2013,1121.8,117.4,331.3,253.6,80.0,5238.0,4915.4
2013,268.1,625.0,316.7,129.2,566.7,2609.0,1263.1
2013,80.5,912.8684819097351,275.0,115.4,608.3602528089887,520.0,361.2
2013,302.8,625.0,1000.0,562.5,200.0,1481.0,1467.9
2013,974.1,238.5,460.0,250.8,84.4,4926.0,4429.3
2013,131.0,300.0,200.0,133.3,133.3,450.0,483.8
2013,216.2,800.0,1001.1105367138624,230.0,608.3602528089887,720.0,826.6
2013,230.0,1800.0,500.0,71.4,250.0,317.0,1085.7
2013,100.7,912.8684819097351,500.0,64.3,608.3602528089887,323.0,489.1
2013,243.0,87.5,1001.1105367138624,209.5,188.9,2233.0,1069.2
2013,103.8,912.8684819097351,1001.1105367138624,350.0,500.0,416.0,426.2
2013,115.1,1500.0,266.7,500.0,608.3602528089887,668.0,444.6
2013,343.0,163.6,375.0,200.0,233.3,1335.0,1680.5
2013,119.4,912.8684819097351,1001.1105367138624,900.0,400.0,632.0,601.6
2013,1897.7,83.1,1280.0,318.8,379.2,15197.0,9783.7
2013,109.3,912.8684819097351,1001.1105367138624,275.0,608.3602528089887,163.0,508.2
2013,831.8,276.2,408.3,416.1,276.9,5199.0,3364.1
2013,434.8,540.0,292.3,334.8,650.0,1807.0,1658.8
2013,1227.0,102.8,368.4,171.3,522.2,7396.0,7025.3
2013,55.8,912.8684819097351,1001.1105367138624,1000.0,608.3602528089887,144.0,253.4
2013,290.4,912.8684819097351,1001.1105367138624,583.3,325.0,1625.0,1482.8
2013,73.0,912.8684819097351,1001.1105367138624,75.0,800.0,321.0,326.8
2013,262.2,280.0,325.0,206.7,800.0,771.0,1182.2
2013,186.0,912.8684819097351,183.3,166.7,225.0,1067.0,897.3
2013,652.8,192.9,272.2,357.1,275.0,2276.0,2818.0
2013,1858.6,171.2,584.0,704.5,88.1,10317.0,8027.9
2013,108.3,550.0,400.0,350.0,608.3602528089887,1131.0,608.5
2013,442.8,123.5,775.0,295.7,100.0,2107.0,2077.3
2013,315.5,260.0,200.0,414.3,85.7,3852.0,1274.9
2013,102.7,133.3,1001.1105367138624,1159.7449092741936,33.3,674.0,531.4
2013,194.4,900.0,2000.0,511.1,400.0,727.0,911.4
2013,78.9,912.8684819097351,400.0,233.3,200.0,364.0,263.8
2013,145.7,912.8684819097351,1400.0,250.0,608.3602528089887,643.0,690.5
2013,115.3,500.0,600.0,200.0,200.0,610.0,523.5
2013,317.4,130.8,750.0,183.7,900.0,3514.589952477936,1430.5
2013,100.5,700.0,1001.1105367138624,100.0,608.3602528089887,473.0,396.4
2013,192.2,912.8684819097351,1001.1105367138624,306.3,1700.0,889.0,881.8
2013,119.3,900.0,600.0,42.9,608.3602528089887,208.0,570.1
2013,116.9,912.8684819097351,1001.1105367138624,88.9,300.0,437.0,648.0
2013,340.3,216.7,520.0,329.4,70.0,1657.0,1556.7
2013,101.2,200.0,500.0,180.0,150.0,366.0,499.8
2013,502.2,236.4,1001.1105367138624,846.7,442.9,2196.0,2038.5
2013,246.4,912.8684819097351,1800.0,523.1,2000.0,2345.0,1149.2
2013,98.1,912.8684819097351,1300.0,190.9,500.0,702.0,500.8
2013,398.8,387.5,900.0,533.3,383.3,3550.0,1658.8
2013,1100.8,127.3,225.0,342.6,168.2,7375.0,4587.8
2013,91.2,912.8684819097351,800.0,140.0,1100.0,770.0,355.2
2013,681.8,112.5,372.7,162.5,420.0,6456.0,4042.3
2013,137.1,700.0,500.0,214.3,608.3602528089887,1043.0,723.7
2013,251.8,800.0,550.0,341.7,608.3602528089887,1563.0,1026.5
2013,226.3,475.0,1400.0,528.6,608.3602528089887,3514.589952477936,864.8
2013,207.2,1100.0,1001.1105367138624,342.9,500.0,1482.0,878.8
2013,1962.2,143.1,495.0,933.3,311.8,6490.0,9294.1
2013,184.6,2500.0,900.0,244.4,500.0,653.0,980.7
2013,116.4,333.3,240.0,211.1,200.0,979.0,514.2
2013,79.9,250.0,250.0,350.0,150.0,240.0,305.9
2013,1291.9,468.2,1120.0,428.6,164.0,8667.0,5607.8
2013,86.6,166.7,800.0,175.0,300.0,261.0,391.8
2013,195.1,912.8684819097351,1500.0,116.7,400.0,704.0,973.7
2013,84.4,912.8684819097351,1001.1105367138624,66.7,608.3602528089887,358.0,422.3
2013,1780.5,88.6,189.8,297.9,73.4,12461.0,7575.0
2013,95.9,912.8684819097351,300.0,285.7,800.0,195.0,307.7
2013,91.0,1100.0,800.0,200.0,100.0,1267.0,431.6
2013,1921.9,188.7,500.0,226.9,138.6,17941.0,10391.7
2013,96.0,912.8684819097351,600.0,500.0,150.0,449.0,340.8
2013,75.3,912.8684819097351,1001.1105367138624,220.0,608.3602528089887,187.0,333.6
2013,99.8,912.8684819097351,1400.0,450.0,100.0,593.0,439.9
2013,135.3,2000.0,1001.1105367138624,337.5,350.0,687.0,784.9
2013,1046.8,439.1,727.3,592.6,700.0,3704.0,3719.7
2013,366.7,137.5,287.5,300.0,200.0,1470.0,1645.5
2013,25.3,912.8684819097351,1001.1105367138624,300.0,608.3602528089887,373.0,127.5
2013,675.4,65.2,950.0,1333.3,500.0,3301.0,2964.0
2013,110.8,912.8684819097351,1200.0,169.2,608.3602528089887,946.0,442.0
2013,25.3,912.8684819097351,1001.1105367138624,60.0,608.3602528089887,179.0,109.2
2013,53.9,100.0,100.0,150.0,200.0,516.0,246.3
2013,1160.5,137.8,1716.7,348.8,300.0,9997.0,5740.8
2013,50.3,912.8684819097351,350.0,100.0,608.3602528089887,176.0,188.6
2013,101.8,912.8684819097351,1001.1105367138624,275.0,608.3602528089887,320.0,455.8
2013,1720.8,537.5,636.8,409.0,464.7,10392.0,6187.1
2013,286.3,38.9,266.7,113.9,140.0,2483.0,1808.0
2013,109.1,1100.0,450.0,200.0,608.3602528089887,610.0,515.5
2013,571.6,1333.3,345.5,454.5,212.5,6212.0,2719.2
2013,1063.0,508.3,406.3,411.4,145.0,6052.0,3838.9
2013,571.1,1266.7,540.0,778.6,500.0,2827.0,2428.4
2013,124.2,400.0,850.0,350.0,450.0,1213.0,624.2
2014,42.2,800.0,500.0,80.0,608.3602528089887,385.0,230.3
2014,66.3,912.8684819097351,400.0,150.0,608.3602528089887,229.0,303.4
2014,241.9,2400.0,2700.0,1625.0,262.5,3612.0,1173.8
2014,635.5,725.0,800.0,405.3,170.0,6737.0,2697.9
2014,97.9,433.3,1001.1105367138624,3800.0,1300.0,2244.0,434.7
2014,466.7,433.3,633.3,536.4,216.7,5892.0,2347.8
2014,200.7,162.5,325.0,341.7,88.9,1793.0,912.2
2014,12.6,912.8684819097351,1001.1105367138624,50.0,608.3602528089887,125.0,75.0
2014,113.0,100.0,1001.1105367138624,200.0,900.0,838.0,517.3
2014,355.5,1550.0,780.0,690.9,420.0,5507.0,1941.7
2014,65.8,912.8684819097351,500.0,300.0,608.3602528089887,196.0,337.7
2014,156.2,900.0,1001.1105367138624,650.0,233.3,850.0,686.4
2014,50.8,200.0,1001.1105367138624,40.0,608.3602528089887,282.0,262.7
2014,96.5,912.8684819097351,1001.1105367138624,233.3,608.3602528089887,1149.0,391.4
2014,1965.4,196.3,405.4,1151.8,151.1,7865.0,9559.5
2014,52.9,912.8684819097351,1001.1105367138624,366.7,800.0,356.0,214.9
2014,264.7,550.0,2000.0,2033.3,300.0,1536.0,1263.5
2014,67.9,912.8684819097351,1001.1105367138624,500.0,900.0,315.0,377.0
2014,82.8,912.8684819097351,600.0,200.0,608.3602528089887,486.0,410.4
2014,48.1,912.8684819097351,1001.1105367138624,300.0,608.3602528089887,179.0,187.5
2014,55.3,912.8684819097351,1001.1105367138624,350.0,608.3602528089887,609.0,329.8
2014,31.2,912.8684819097351,100.0,1159.7449092741936,608.3602528089887,120.0,117.1
2014,814.9,1625.0,500.0,167.3,1650.0,4833.0,4469.1
2014,269.9,912.8684819097351,1001.1105367138624,4100.0,608.3602528089887,1433.0,1393.3
2014,230.4,966.7,1850.0,1128.6,200.0,2650.0,1160.4
2014,128.8,912.8684819097351,1600.0,272.7,300.0,1124.0,667.8
2014,181.9,550.0,1900.0,875.0,100.0,1528.0,963.3
2014,112.6,333.3,1001.1105367138624,420.0,608.3602528089887,783.0,610.6
2014,67.4,912.8684819097351,1001.1105367138624,600.0,608.3602528089887,376.0,407.7
2014,170.0,400.0,566.7,542.9,550.0,2239.0,827.4
2014,77.3,912.8684819097351,1001.1105367138624,300.0,608.3602528089887,524.0,376.7
2014,34.4,912.8684819097351,100.0,125.0,608.3602528089887,176.0,133.6
2014,93.2,112.5,425.0,209.1,500.0,1332.0,515.5
2014,1030.6,1087.5,1357.1,1220.8,239.1,12571.0,4191.8
2014,50.3,912.8684819097351,500.0,100.0,608.3602528089887,401.0,225.5
2014,200.6,242.9,2000.0,185.7,46.2,2716.0,936.1
2014,357.8,1600.0,1100.0,106.7,120.0,927.0,1989.6
2014,1005.7,677.8,614.3,363.3,517.6,13307.0,5642.0
2014,26.4,912.8684819097351,200.0,100.0,608.3602528089887,131.0,133.0
2014,1038.5,233.3,1800.0,970.4,86.1,4040.0,5073.0
2014,114.9,200.0,300.0,300.0,1000.0,2569.0,573.3
2014,511.0,1800.0,680.0,1100.0,250.0,3161.0,1915.0
2014,93.2,1200.0,1001.1105367138624,320.0,608.3602528089887,432.0,495.3
2014,353.5,1100.0,1001.1105367138624,716.7,1050.0,3279.0,1762.5
2014,110.0,650.0,1001.1105367138624,1100.0,450.0,845.0,563.5
2014,81.3,912.8684819097351,1001.1105367138624,600.0,608.3602528089887,499.0,396.3
2014,63.2,912.8684819097351,1001.1105367138624,300.0,300.0,323.0,315.8
2014,469.8,2633.3,883.3,968.8,362.5,2364.0,1754.3
2014,274.3,3400.0,350.0,106.3,1400.0,908.0,1407.5
2014,112.1,88.9,266.7,600.0,1100.0,799.0,596.1
2014,559.6,183.9,110.8,191.3,380.0,4127.0,2436.8
2014,229.0,912.8684819097351,1001.1105367138624,4100.0,220.0,850.0,906.0
2014,130.9,912.8684819097351,1001.1105367138624,133.3,133.3,1127.0,510.0
2014,342.8,650.0,1100.0,918.2,314.3,3627.0,1616.8
2014,87.4,912.8684819097351,800.0,450.0,200.0,256.0,328.9
2014,99.4,912.8684819097351,1001.1105367138624,428.6,608.3602528089887,681.0,564.8
2014,225.3,211.1,1300.0,645.5,280.0,1380.0,1103.8
2014,34.8,912.8684819097351,1001.1105367138624,1159.7449092741936,608.3602528089887,161.0,220.2
2014,731.6,1850.0,1450.0,944.4,685.7,4848.0,3263.5
2014,226.5,325.0,450.0,222.2,608.3602528089887,884.0,1309.8
2014,41.2,912.8684819097351,300.0,200.0,300.0,198.0,154.2
2014,169.2,912.8684819097351,1001.1105367138624,433.3,608.3602528089887,956.0,935.8
2014,65.6,300.0,700.0,100.0,66.7,358.0,347.0
2014,74.0,912.8684819097351,800.0,533.3,608.3602528089887,2008.0,315.4
2014,94.4,912.8684819097351,1001.1105367138624,366.7,550.0,374.0,446.4
2014,308.3,3200.0,1100.0,750.0,608.3602528089887,1099.0,1580.8
2014,85.0,912.8684819097351,1000.0,1159.7449092741936,500.0,803.0,425.2
2014,570.7,1516.7,1275.0,786.7,183.3,2559.0,2555.3
2014,406.5,2800.0,325.0,92.0,1200.0,1030.0,2315.5
2014,152.0,912.8684819097351,1001.1105367138624,1159.7449092741936,1300.0,840.0,726.4
2014,62.2,912.8684819097351,1001.1105367138624,233.3,608.3602528089887,522.0,232.3
2014,159.8,800.0,500.0,450.0,1300.0,1614.0,944.1
2014,684.7,916.7,625.0,715.0,454.5,4148.0,3189.2
2014,37.0,912.8684819097351,1001.1105367138624,150.0,200.0,162.0,177.0
2014,64.4,912.8684819097351,1001.1105367138624,1159.7449092741936,608.3602528089887,177.0,253.7
2014,451.5,833.3,525.0,239.1,175.0,1452.0,1779.1
2014,230.8,262.5,287.5,985.7,118.2,1626.0,859.3
2014,573.1,600.0,1001.1105367138624,615.0,650.0,1733.0,3107.8
2014,321.8,733.3,2000.0,1100.0,350.0,3228.0,1578.8
2014,308.2,212.5,2500.0,1750.0,162.5,3275.0,1448.3
2014,183.2,266.7,650.0,511.1,300.0,1112.0,767.5
2014,659.6,850.0,966.7,261.1,176.5,4019.0,3461.2
2014,759.2,353.8,640.0,521.1,50.0,6740.0,3393.1
2014,449.2,700.0,820.0,194.7,133.3,9507.0,2446.5
2014,102.2,1000.0,700.0,366.7,250.0,689.0,487.8
2014,47.8,600.0,500.0,250.0,700.0,724.0,250.4
2014,773.8,435.7,1650.0,2010.0,291.7,6622.0,3973.4
2014,73.9,912.8684819097351,1001.1105367138624,260.0,150.0,209.0,268.2
2014,73.6,912.8684819097351,600.0,750.0,300.0,306.0,411.4
2014,38.9,912.8684819097351,1001.1105367138624,333.3,608.3602528089887,241.0,217.3
2014,60.3,912.8684819097351,1001.1105367138624,100.0,200.0,245.0,276.8
2014,38.1,912.8684819097351,500.0,300.0,608.3602528089887,213.0,187.0
2014,327.9,912.8684819097351,933.3,780.0,1033.3,2328.0,1621.9
2014,38.2,912.8684819097351,1001.1105367138624,133.3,608.3602528089887,110.0,195.5
2014,53.8,912.8684819097351,800.0,850.0,500.0,372.0,217.8
2014,135.2,912.8684819097351,1001.1105367138624,733.3,1000.0,629.0,720.3
2014,138.0,275.0,1400.0,575.0,450.0,814.0,558.8
2014,577.0,1085.7,2150.0,642.9,533.3,4291.0,2412.1
2014,41.8,150.0,1001.1105367138624,400.0,608.3602528089887,204.0,184.5
2014,99.3,912.8684819097351,500.0,650.0,350.0,544.0,437.3
2014,294.7,157.1,733.3,105.9,175.0,2474.0,1527.7
2014,333.7,111.1,380.0,706.3,75.0,2650.0,1726.5
2014,610.3,2450.0,1300.0,377.3,500.0,1612.0,2930.0
2014,1267.6,333.3,656.3,487.9,173.3,18095.0,5696.1
2014,854.1,369.2,744.4,294.5,366.7,9306.0,3962.1
2014,237.8,150.0,1700.0,816.7,425.0,1773.0,1226.6
2014,636.4,620.0,1800.0,135.7,428.6,4414.0,3467.2
2014,224.0,912.8684819097351,1900.0,1159.7449092741936,1300.0,1211.0,948.3
2014,201.7,2200.0,766.7,300.0,608.3602528089887,812.0,910.1
2014,633.4,269.2,220.8,119.0,185.0,8933.0,3254.3
2014,238.3,912.8684819097351,1001.1105367138624,900.0,750.0,2901.0,1153.3
2014,40.5,300.0,500.0,100.0,608.3602528089887,159.0,197.8
2014,923.1,1080.0,194.1,172.4,1500.0,4909.0,5030.6
2014,410.6,342.9,560.0,568.4,433.3,6134.0,1966.8
2014,29.7,912.8684819097351,1001.1105367138624,100.0,608.3602528089887,144.0,128.7
2014,46.3,912.8684819097351,400.0,260.0,608.3602528089887,467.0,268.8
2014,164.6,912.8684819097351,1001.1105367138624,1159.7449092741936,750.0,2558.0,831.9
2014,48.8,900.0,1001.1105367138624,300.0,608.3602528089887,361.0,195.7
2014,73.7,912.8684819097351,1001.1105367138624,500.0,608.3602528089887,141.0,415.2
2014,143.0,1300.0,1001.1105367138624,1159.7449092741936,608.3602528089887,782.0,653.3
2014,142.2,1300.0,950.0,1133.3,1100.0,456.0,588.0
2014,61.6,912.8684819097351,1001.1105367138624,566.7,608.3602528089887,431.0,248.4
2014,376.8,912.8684819097351,1066.7,563.6,466.7,1466.0,1725.5
2014,114.8,912.8684819097351,366.7,220.0,608.3602528089887,435.0,529.9
2014,153.1,912.8684819097351,366.7,362.5,600.0,623.0,701.9
2014,1015.3,1066.7,508.3,475.0,136.4,2395.0,4848.8
2014,53.3,600.0,1001.1105367138624,100.0,608.3602528089887,280.0,320.7
2014,124.5,912.8684819097351,1000.0,216.7,608.3602528089887,270.0,560.3
2014,55.2,912.8684819097351,50.0,100.0,608.3602528089887,231.0,214.0
2014,95.5,1600.0,1001.1105367138624,250.0,608.3602528089887,448.0,423.3
2014,162.1,912.8684819097351,1001.1105367138624,420.0,333.3,1468.0,717.7
2014,354.9,912.8684819097351,1001.1105367138624,1159.7449092741936,500.0,1183.0,1509.1
2014,715.0,226.7,450.0,833.3,123.5,3582.0,3253.8
2014,159.8,912.8684819097351,1700.0,1159.7449092741936,1500.0,1154.0,662.9
2014,42.7,912.8684819097351,1001.1105367138624,300.0,608.3602528089887,306.0,210.1
2014,69.3,912.8684819097351,1001.1105367138624,1250.0,400.0,994.0,335.6
2014,306.8,600.0,600.0,471.4,700.0,935.0,1389.9
2014,63.7,912.8684819097351,400.0,200.0,608.3602528089887,100.0,279.4
2014,98.4,912.8684819097351,1001.1105367138624,700.0,900.0,566.0,442.3
2014,80.1,500.0,700.0,650.0,608.3602528089887,194.0,382.8
2014,67.1,700.0,1001.1105367138624,150.0,600.0,421.0,371.3
2014,30.6,912.8684819097351,1001.1105367138624,350.0,608.3602528089887,240.0,124.0
2014,186.7,133.3,600.0,300.0,200.0,903.0,712.5
2014,179.1,450.0,1001.1105367138624,542.9,260.0,1241.0,855.8
2014,73.3,912.8684819097351,1001.1105367138624,180.0,608.3602528089887,269.0,335.7
2014,262.1,950.0,300.0,186.4,130.0,2306.0,1250.2
2014,1532.0,154.5,586.4,703.4,87.5,6978.0,7498.0
2014,40.3,400.0,300.0,133.3,608.3602528089887,394.0,222.6
2014,553.6,500.0,600.0,505.3,110.0,2465.0,2532.1
2014,551.0,153.6,700.0,807.7,528.6,11257.0,2686.9
2014,96.2,912.8684819097351,1001.1105367138624,250.0,608.3602528089887,2236.0,434.3
2014,229.8,850.0,1001.1105367138624,483.3,300.0,2603.0,1017.3
2014,232.0,2600.0,1001.1105367138624,323.1,280.0,1891.0,1094.8
2014,49.4,900.0,600.0,600.0,608.3602528089887,353.0,248.0
2014,346.5,650.0,975.0,570.6,1600.0,5153.0,1675.4
2014,727.8,880.0,750.0,700.0,221.4,6693.0,3919.6
2014,542.4,215.8,427.3,277.3,100.0,10781.0,2926.2
2014,11.0,912.8684819097351,1001.1105367138624,100.0,608.3602528089887,238.0,113.0
2014,1324.3,278.9,482.4,310.5,373.3,8001.0,7803.0
2014,84.5,900.0,1001.1105367138624,200.0,608.3602528089887,354.0,479.5
2014,793.2,200.0,323.1,205.6,186.7,6907.0,5113.2
2014,33.5,912.8684819097351,400.0,600.0,608.3602528089887,246.0,212.3
2014,108.3,1200.0,1001.1105367138624,1133.3,608.3602528089887,811.0,592.2
2014,1041.9,766.7,609.1,373.5,800.0,6269.0,5611.6
2014,89.3,200.0,1001.1105367138624,766.7,608.3602528089887,516.0,444.1
2014,41.3,912.8684819097351,1001.1105367138624,366.7,608.3602528089887,277.0,237.9
2014,32.7,912.8684819097351,1001.1105367138624,100.0,608.3602528089887,110.0,144.2
2014,57.3,912.8684819097351,900.0,1159.7449092741936,608.3602528089887,599.0,251.4
2014,344.9,300.0,650.0,660.0,171.4,1773.0,1432.9
2014,295.3,912.8684819097351,1200.0,860.0,250.0,1159.0,1454.3
2014,61.3,912.8684819097351,1001.1105367138624,475.0,608.3602528089887,610.0,301.9
2014,366.3,540.0,900.0,568.4,355.6,6434.0,2056.2
2014,131.1,912.8684819097351,1001.1105367138624,1100.0,300.0,637.0,671.0
2014,392.5,2200.0,3500.0,573.3,1450.0,3065.0,2094.7
2014,187.8,700.0,1600.0,2000.0,200.0,1109.0,997.4
2014,317.3,912.8684819097351,1250.0,404.8,525.0,1813.0,1232.0
2014,84.3,600.0,1001.1105367138624,333.3,800.0,294.0,373.7
2014,891.4,108.0,662.5,448.8,129.4,5109.0,4312.1
2014,196.0,2700.0,950.0,585.7,1900.0,2724.0,1057.7
2014,75.2,912.8684819097351,1100.0,137.5,608.3602528089887,508.0,319.9
2014,276.2,550.0,1001.1105367138624,1733.3,500.0,1481.0,1422.3
2014,751.1,338.9,676.9,424.3,147.4,5121.0,3965.2
2014,97.3,912.8684819097351,1001.1105367138624,242.9,608.3602528089887,448.0,403.7
2014,155.0,700.0,1400.0,200.0,900.0,724.0,702.6
2014,192.0,912.8684819097351,1001.1105367138624,166.7,600.0,312.0,1018.4
2014,85.7,912.8684819097351,400.0,137.5,608.3602528089887,325.0,505.2
2014,157.3,70.0,850.0,378.6,225.0,2156.0,805.8
2014,72.4,912.8684819097351,1001.1105367138624,1100.0,400.0,433.0,402.3
2014,104.3,912.8684819097351,125.0,400.0,608.3602528089887,674.0,392.3
2014,233.8,912.8684819097351,1001.1105367138624,370.0,300.0,1475.0,1251.8
2014,98.3,912.8684819097351,1001.1105367138624,833.3,450.0,621.0,561.3
2014,1592.1,161.5,1041.7,589.2,335.7,15468.0,8725.6
2014,103.8,912.8684819097351,1001.1105367138624,500.0,608.3602528089887,219.0,541.7
2014,579.3,655.6,450.0,503.8,266.7,5315.0,2765.3
2014,325.7,625.0,1001.1105367138624,1050.0,475.0,1873.0,1562.5
2014,925.8,122.2,507.7,306.3,480.0,7193.0,5893.3
2014,43.3,912.8684819097351,1001.1105367138624,1100.0,608.3602528089887,176.0,217.5
2014,250.8,912.8684819097351,1450.0,770.0,312.5,1698.0,1228.2
2014,1760.7,218.2,471.0,960.0,65.2,7775.0,8637.9
2014,55.1,912.8684819097351,1001.1105367138624,1159.7449092741936,700.0,334.0,296.8
2014,227.9,320.0,1001.1105367138624,175.0,608.3602528089887,812.0,1032.2
2014,185.7,1600.0,325.0,258.3,400.0,1109.0,811.7
2014,469.6,245.5,733.3,584.2,262.5,2105.0,2237.3
2014,1461.5,325.0,1030.8,979.4,95.2,9911.0,7149.6
2014,83.1,912.8684819097351,1000.0,766.7,608.3602528089887,1162.0,522.2
2014,342.9,460.0,466.7,268.0,116.7,2377.0,1686.3
2014,251.3,912.8684819097351,1001.1105367138624,866.7,160.0,3637.0,1145.9
2014,72.1,400.0,1001.1105367138624,1600.0,50.0,781.0,423.7
2014,158.1,1800.0,2300.0,716.7,608.3602528089887,761.0,820.9
2014,50.8,912.8684819097351,1001.1105367138624,300.0,608.3602528089887,358.0,220.5
2014,130.5,912.8684819097351,1100.0,483.3,1300.0,627.0,681.1
2014,86.0,912.8684819097351,700.0,220.0,250.0,635.0,442.8
2014,275.8,233.3,1400.0,244.4,1000.0,4641.0,1324.8
2014,87.6,912.8684819097351,1001.1105367138624,150.0,608.3602528089887,498.0,377.1
2014,166.1,912.8684819097351,1000.0,1566.7,633.3,963.0,831.5
2014,110.0,900.0,300.0,75.0,608.3602528089887,226.0,552.8
2014,105.3,1400.0,500.0,200.0,400.0,390.0,655.4
2014,237.2,300.0,1200.0,666.7,100.0,1790.0,1175.6
2014,95.3,800.0,500.0,450.0,400.0,367.0,497.4
2014,412.9,742.9,1500.0,1857.1,566.7,2312.0,1801.7
2014,89.7,912.8684819097351,1300.0,366.7,800.0,564.0,498.6
2014,293.7,760.0,875.0,1080.0,312.5,3614.0,1455.3
2014,763.9,168.8,405.9,606.9,157.7,8030.0,3940.1
2014,78.7,912.8684819097351,900.0,533.3,600.0,812.0,302.7
2014,515.6,262.5,780.0,244.8,833.3,6656.0,3339.3
2014,108.3,912.8684819097351,1001.1105367138624,850.0,400.0,1060.0,614.4
2014,195.3,2500.0,1150.0,714.3,608.3602528089887,1736.0,862.3
2014,190.1,912.8684819097351,1001.1105367138624,1000.0,608.3602528089887,3572.0,784.3
2014,166.9,500.0,1001.1105367138624,766.7,900.0,1349.0,775.9
2014,1683.2,128.6,529.4,1458.8,300.0,6531.0,8680.8
2014,180.3,912.8684819097351,1400.0,380.0,608.3602528089887,657.0,925.0
2014,92.4,800.0,240.0,542.9,608.3602528089887,991.0,415.4
2014,77.1,912.8684819097351,1001.1105367138624,1500.0,300.0,259.0,297.6
2014,1063.5,523.8,954.5,631.8,151.9,8882.0,5108.9
2014,91.3,250.0,700.0,600.0,350.0,278.0,382.0
2014,228.5,912.8684819097351,1001.1105367138624,466.7,608.3602528089887,697.0,1074.9
2014,84.0,912.8684819097351,1001.1105367138624,1159.7449092741936,500.0,371.0,411.8
2014,1395.3,116.1,460.0,375.3,92.6,14100.0,6658.2
2014,80.0,912.8684819097351,1001.1105367138624,400.0,700.0,203.0,288.8
2014,69.1,600.0,400.0,200.0,150.0,1299.0,373.2
2014,83.8,912.8684819097351,300.0,1900.0,200.0,463.0,323.2
2014,72.6,912.8684819097351,1001.1105367138624,220.0,608.3602528089887,209.0,320.3
2014,87.8,450.0,1001.1105367138624,2200.0,608.3602528089887,563.0,401.2
2014,122.3,1800.0,1600.0,660.0,800.0,708.0,765.2
2014,894.6,1212.5,528.6,1031.3,783.3,3767.0,3531.1
2014,308.6,600.0,900.0,783.3,120.0,1429.0,1415.3
2014,17.7,912.8684819097351,1001.1105367138624,150.0,608.3602528089887,409.0,114.8
2014,598.3,369.2,1300.0,1457.1,820.0,3401.0,2754.2
2014,88.2,912.8684819097351,1300.0,675.0,600.0,962.0,415.3
2014,17.9,912.8684819097351,1001.1105367138624,500.0,608.3602528089887,187.0,107.8
2014,34.8,133.3,400.0,100.0,300.0,513.0,203.5
2014,929.5,233.3,1300.0,855.6,323.5,10063.0,4892.8
2014,48.7,912.8684819097351,1001.1105367138624,75.0,608.3602528089887,171.0,182.8
2014,101.8,912.8684819097351,1001.1105367138624,1159.7449092741936,608.3602528089887,353.0,478.7
2014,1421.3,1054.5,1325.0,624.0,435.0,10591.0,5791.2
2014,231.8,62.5,600.0,208.7,250.0,2600.0,1476.8
2014,88.0,912.8684819097351,500.0,260.0,608.3602528089887,591.0,512.1
2014,420.3,1750.0,1266.7,611.8,328.6,6640.0,2227.4
2014,872.8,1033.3,950.0,780.0,163.2,6000.0,3464.7
2014,89.7,900.0,800.0,700.0,608.3602528089887,1236.0,489.3
2015,410.4,1466.7,1100.0,1337.5,540.0,3000.0,2038.6
2015,35.8,912.8684819097351,1001.1105367138624,150.0,608.3602528089887,379.0,201.5
2015,61.4,912.8684819097351,1001.1105367138624,100.0,608.3602528089887,265.0,278.3
2015,208.1,1200.0,2200.0,2300.0,316.7,3746.0,1031.2
2015,581.0,1450.0,1300.0,600.0,220.0,7345.0,2447.6
2015,89.1,600.0,1700.0,1159.7449092741936,1400.0,2148.0,396.3
2015,172.3,200.0,750.0,418.2,116.7,1907.0,841.7
2015,10.4,912.8684819097351,1001.1105367138624,400.0,608.3602528089887,126.0,64.2
2015,85.3,912.8684819097351,1001.1105367138624,420.0,350.0,887.0,405.8
2015,261.8,1100.0,1950.0,606.7,400.0,5669.0,1483.4
2015,78.8,912.8684819097351,600.0,600.0,608.3602528089887,204.0,413.8
2015,125.3,912.8684819097351,1001.1105367138624,1300.0,333.3,932.0,631.5
2015,41.2,912.8684819097351,1001.1105367138624,100.0,608.3602528089887,267.0,218.6
2015,86.2,450.0,900.0,162.5,700.0,1209.0,353.8
2015,1696.1,305.9,770.0,1119.4,205.6,7939.0,8429.4
2015,38.8,912.8684819097351,350.0,450.0,800.0,331.0,176.1
2015,225.5,300.0,1100.0,1340.0,700.0,1419.0,1093.8
2015,65.3,912.8684819097351,1001.1105367138624,1159.7449092741936,900.0,333.0,321.6
2015,75.6,500.0,700.0,125.0,608.3602528089887,468.0,357.7
2015,43.6,912.8684819097351,1001.1105367138624,200.0,608.3602528089887,179.0,188.2
2015,49.7,912.8684819097351,500.0,450.0,608.3602528089887,596.0,301.9
2015,30.2,912.8684819097351,100.0,1159.7449092741936,608.3602528089887,124.0,121.7
2015,1837.7,118.1,395.5,500.0,180.5,14323.0,8841.1
2015,716.3,3150.0,610.0,273.5,816.7,4848.0,3841.7
2015,233.3,766.7,1001.1105367138624,4100.0,608.3602528089887,1476.0,1199.9
2015,196.3,1000.0,3300.0,2900.0,177.8,2788.0,1065.7
2015,323.633075622131,442.9,184.2,224.1,412.5,2467.0,4551.0
2015,110.4,912.8684819097351,650.0,660.0,333.3,1122.0,614.4
2015,159.2,1400.0,1001.1105367138624,950.0,175.0,1708.0,876.0
2015,91.8,912.8684819097351,700.0,366.7,608.3602528089887,853.0,492.8
2015,62.4,912.8684819097351,1001.1105367138624,233.3,608.3602528089887,328.0,362.9
2015,134.0,266.7,1500.0,1075.0,600.0,2367.0,719.5
2015,75.8,912.8684819097351,1001.1105367138624,360.0,608.3602528089887,524.0,336.8
2015,32.8,912.8684819097351,150.0,200.0,608.3602528089887,171.0,140.3
2015,77.8,1100.0,1900.0,650.0,500.0,1320.0,417.7
2015,890.7,1087.5,1225.0,1352.2,295.0,12908.0,3774.0
2015,47.8,912.8684819097351,500.0,25.0,608.3602528089887,403.0,232.5
2015,136.3,250.0,525.0,425.0,66.7,2818.0,675.3
2015,337.1,912.8684819097351,1400.0,94.4,100.0,1022.0,1883.0
2015,853.1,461.5,836.4,473.5,872.7,13763.0,4608.5
2015,30.3,912.8684819097351,1001.1105367138624,28.6,608.3602528089887,111.0,153.4
2015,900.2,294.4,837.5,1020.7,90.9,3801.0,4672.9
2015,90.3,366.7,1001.1105367138624,330.0,325.0,2646.0,480.0
2015,456.5,2750.0,966.7,1109.1,450.0,3325.0,1771.8
2015,75.3,912.8684819097351,1001.1105367138624,750.0,608.3602528089887,425.0,415.1
2015,331.1,285.7,2400.0,383.3,700.0,3343.0,1645.3
2015,86.7,912.8684819097351,1001.1105367138624,925.0,450.0,846.0,474.8
2015,62.4,912.8684819097351,1001.1105367138624,350.0,608.3602528089887,535.0,374.7
2015,49.8,912.8684819097351,1001.1105367138624,1159.7449092741936,200.0,332.0,267.9
2015,253.6,1350.0,500.0,157.1,1500.0,1039.0,1310.5
2015,91.8,450.0,1001.1105367138624,1200.0,1200.0,816.0,505.8
2015,471.0,254.5,160.7,203.4,354.5,4239.0,2134.3
2015,323.633075622131,50.0,100.0,33.3,50.0,188.0,390.0
2015,323.633075622131,56.3,150.0,64.3,50.0,801.0,1355.0
2015,166.2,1200.0,1001.1105367138624,1950.0,200.0,891.0,731.8
2015,118.3,912.8684819097351,1001.1105367138624,107.7,125.0,1176.0,491.4
2015,266.8,2200.0,1533.3,838.5,480.0,3466.0,1322.1
2015,78.1,912.8684819097351,800.0,900.0,608.3602528089887,264.0,309.5
2015,74.9,912.8684819097351,1001.1105367138624,3800.0,608.3602528089887,732.0,447.7
2015,168.2,600.0,520.0,492.9,466.7,1407.0,866.5
2015,1743.8,103.8,289.4,497.7,152.2,16128.0,9727.3
2015,32.6,912.8684819097351,1001.1105367138624,1159.7449092741936,608.3602528089887,143.0,197.3
2015,601.0,2433.3,2850.0,1131.3,577.8,4813.0,2739.1
2015,202.4,266.7,225.0,200.0,1400.0,1106.0,1178.7
2015,36.0,912.8684819097351,500.0,233.3,300.0,198.0,143.5
2015,144.9,912.8684819097351,1001.1105367138624,580.0,608.3602528089887,972.0,832.7
2015,56.2,400.0,1001.1105367138624,200.0,150.0,369.0,320.0
2015,63.7,700.0,1001.1105367138624,475.0,900.0,2030.0,277.6
2015,92.9,912.8684819097351,1001.1105367138624,750.0,366.7,344.0,410.5
2015,235.3,1350.0,1300.0,300.0,608.3602528089887,930.0,1257.6
2015,69.0,912.8684819097351,1001.1105367138624,2000.0,800.0,889.0,333.1
2015,517.8,1880.0,1001.1105367138624,1100.0,207.1,2606.0,2318.1
2015,303.3,575.0,300.0,100.0,1100.0,836.0,1853.3
2015,1706.9,397.1,718.2,1160.0,154.3,14017.0,6855.7
2015,129.7,1700.0,1001.1105367138624,1159.7449092741936,1600.0,896.0,622.0
2015,46.3,912.8684819097351,400.0,450.0,608.3602528089887,540.0,192.2
2015,132.6,566.7,1500.0,1166.7,608.3602528089887,1583.0,855.1
2015,625.3,1240.0,588.9,852.9,440.0,4085.0,3010.9
2015,34.5,912.8684819097351,400.0,150.0,608.3602528089887,164.0,189.1
2015,58.9,912.8684819097351,1001.1105367138624,1159.7449092741936,608.3602528089887,189.0,238.9
2015,323.633075622131,82.2,173.3,108.9,138.5,1305.0,2066.0
2015,416.7,700.0,1050.0,622.2,500.0,1477.0,1695.1
2015,221.0,300.0,400.0,1057.1,118.2,1587.0,790.8
2015,472.8,766.7,1850.0,817.6,1450.0,1916.0,2749.6
2015,268.6,512.5,1400.0,1483.3,460.0,3348.0,1357.3
2015,245.6,633.3,1550.0,2150.0,320.0,3444.0,1177.0
2015,149.4,900.0,1400.0,488.9,300.0,1198.0,700.4
2015,617.6,1020.0,550.0,525.0,194.1,4208.0,3191.6
2015,634.2,530.0,2166.7,648.4,62.1,7154.0,2927.3
2015,373.3,612.5,1366.7,369.6,183.3,9886.0,2188.1
2015,95.5,912.8684819097351,700.0,500.0,266.7,783.0,467.1
2015,44.3,912.8684819097351,600.0,266.7,800.0,721.0,206.6
2015,60.3,912.8684819097351,500.0,433.3,200.0,239.0,239.2
2015,64.8,912.8684819097351,1001.1105367138624,1159.7449092741936,608.3602528089887,306.0,367.5
2015,36.1,912.8684819097351,1001.1105367138624,700.0,608.3602528089887,246.0,189.8
2015,57.2,912.8684819097351,400.0,66.7,200.0,217.0,247.8
2015,30.6,912.8684819097351,1001.1105367138624,75.0,608.3602528089887,228.0,182.3
2015,36.7,912.8684819097351,1001.1105367138624,200.0,608.3602528089887,117.0,197.8
2015,41.2,912.8684819097351,1001.1105367138624,1800.0,608.3602528089887,374.0,190.8
2015,102.7,2100.0,1001.1105367138624,1159.7449092741936,850.0,646.0,569.2
2015,107.5,550.0,1500.0,580.0,608.3602528089887,796.0,466.1
2015,40.8,400.0,300.0,1159.7449092741936,608.3602528089887,204.0,174.7
2015,323.633075622131,50.0,1400.0,144.4,83.3,984.0,1997.0
2015,97.8,912.8684819097351,1001.1105367138624,466.7,900.0,551.0,434.8
2015,278.2,220.0,285.7,144.4,180.0,2789.0,1346.5
2015,323.633075622131,63.6,76.9,93.8,33.3,988.0,1523.0
2015,281.1,133.3,500.0,436.0,73.3,2844.0,1456.3
2015,323.633075622131,133.3,450.0,83.3,608.3602528089887,132.0,344.0
2015,500.2,1600.0,2600.0,452.6,1233.3,1748.0,2502.2
2015,699.4,317.6,650.0,346.7,300.0,10006.0,3251.3
2015,198.3,1000.0,1700.0,1866.7,666.7,1795.0,977.8
2015,478.1,230.8,628.6,225.8,633.3,4541.0,2814.7
2015,177.3,912.8684819097351,2300.0,1866.7,1200.0,1224.0,812.8
2015,187.4,912.8684819097351,1001.1105367138624,330.0,608.3602528089887,843.0,861.6
2015,323.633075622131,187.5,162.5,485.7,750.0,1198.0,2141.0
2015,323.633075622131,450.0,166.7,57.1,250.0,490.0,923.0
2015,497.6,223.5,408.3,170.9,233.3,8952.0,2741.8
2015,193.6,2100.0,1001.1105367138624,3250.0,608.3602528089887,2912.0,1040.5
2015,37.0,912.8684819097351,400.0,166.7,608.3602528089887,168.0,229.8
2015,359.3,520.0,1500.0,712.5,580.0,6321.0,1727.5
2015,24.1,912.8684819097351,200.0,100.0,608.3602528089887,128.0,115.5
2015,43.3,912.8684819097351,1001.1105367138624,300.0,608.3602528089887,418.0,234.8
2015,144.7,1500.0,1001.1105367138624,1300.0,850.0,2576.0,707.8
2015,46.0,800.0,800.0,1159.7449092741936,608.3602528089887,316.0,186.0
2015,85.6,912.8684819097351,300.0,150.0,608.3602528089887,117.0,440.8
2015,109.8,400.0,1001.1105367138624,1159.7449092741936,608.3602528089887,780.0,582.5
2015,120.5,912.8684819097351,1150.0,1800.0,550.0,452.0,508.1
2015,51.9,912.8684819097351,1001.1105367138624,2000.0,608.3602528089887,444.0,243.7
2015,353.5,912.8684819097351,1100.0,722.2,566.7,1497.0,1630.3
2015,98.4,912.8684819097351,300.0,400.0,608.3602528089887,435.0,464.3
2015,147.5,912.8684819097351,1001.1105367138624,471.4,1100.0,664.0,666.3
2015,875.4,400.0,666.7,721.7,158.3,2551.0,4435.4
2015,47.2,600.0,1001.1105367138624,100.0,608.3602528089887,296.0,286.7
2015,105.8,912.8684819097351,1001.1105367138624,350.0,608.3602528089887,296.0,538.4
2015,51.3,912.8684819097351,50.0,100.0,608.3602528089887,227.0,206.9
2015,99.1,333.3,300.0,325.0,608.3602528089887,455.0,428.5
2015,139.7,912.8684819097351,1001.1105367138624,600.0,466.7,1467.0,619.3
2015,277.8,912.8684819097351,1001.1105367138624,5800.0,566.7,1242.0,1238.8
2015,645.2,177.8,371.4,1170.0,146.2,3770.0,2975.8
2015,129.9,912.8684819097351,1001.1105367138624,3500.0,1200.0,1162.0,588.1
2015,38.1,912.8684819097351,400.0,600.0,608.3602528089887,325.0,191.0
2015,52.1,912.8684819097351,1001.1105367138624,2500.0,1000.0,1001.0,270.6
2015,292.4,2400.0,525.0,355.6,1600.0,947.0,1370.7
2015,53.0,912.8684819097351,1001.1105367138624,33.3,608.3602528089887,106.0,242.1
2015,80.0,912.8684819097351,1001.1105367138624,750.0,400.0,662.0,387.4
2015,68.0,1000.0,1001.1105367138624,500.0,250.0,230.0,368.0
2015,64.8,400.0,400.0,466.7,608.3602528089887,400.0,378.4
2015,24.2,912.8684819097351,1001.1105367138624,800.0,400.0,219.0,110.1
2015,134.3,225.0,400.0,500.0,900.0,932.0,572.5
2015,125.0,500.0,2100.0,1075.0,350.0,1374.0,642.6
2015,59.0,912.8684819097351,1001.1105367138624,900.0,608.3602528089887,250.0,264.5
2015,323.633075622131,9.1,400.0,40.0,166.7,200.0,328.0
2015,230.7,733.3,2300.0,333.3,160.0,2639.0,1102.3
2015,1327.5,235.5,884.6,1045.2,95.8,7367.0,6859.4
2015,26.5,400.0,1001.1105367138624,200.0,300.0,401.0,167.3
2015,432.3,528.6,400.0,456.5,140.0,2588.0,2145.0
2015,427.0,383.3,1350.0,1170.0,350.0,11345.0,2262.6
2015,64.3,912.8684819097351,1001.1105367138624,342.9,608.3602528089887,1897.0,367.7
2015,176.4,750.0,1001.1105367138624,885.7,600.0,2728.0,830.3
2015,205.2,912.8684819097351,1001.1105367138624,400.0,380.0,1945.0,1015.8
2015,46.3,912.8684819097351,1001.1105367138624,300.0,608.3602528089887,342.0,251.7
2015,266.3,920.0,666.7,466.7,1850.0,5354.0,1343.4
2015,612.8,2350.0,2233.3,835.3,350.0,6867.0,3366.1
2015,468.6,211.1,662.5,481.5,126.1,10856.0,2540.1
2015,20.9,912.8684819097351,66.7,150.0,608.3602528089887,188.0,130.8
2015,1090.3,407.1,1228.6,469.0,438.5,8513.0,6833.8
2015,70.1,700.0,1001.1105367138624,1159.7449092741936,608.3602528089887,400.0,388.4
2015,547.7,217.6,361.5,310.7,194.1,7280.0,3897.5
2015,33.7,912.8684819097351,150.0,1159.7449092741936,608.3602528089887,304.0,185.3
2015,90.7,912.8684819097351,1001.1105367138624,1159.7449092741936,608.3602528089887,920.0,508.4
2015,69.4,500.0,1001.1105367138624,800.0,608.3602528089887,542.0,395.0
2015,39.1,912.8684819097351,1001.1105367138624,600.0,608.3602528089887,242.0,204.7
2015,25.0,912.8684819097351,1001.1105367138624,100.0,608.3602528089887,122.0,139.7
2015,43.6,912.8684819097351,800.0,1159.7449092741936,608.3602528089887,659.0,210.1
2015,254.4,1250.0,1350.0,600.0,650.0,1858.0,1228.1
2015,288.8,912.8684819097351,2700.0,840.0,333.3,1131.0,1401.3
2015,61.8,912.8684819097351,1001.1105367138624,800.0,608.3602528089887,530.0,286.4
2015,358.4,828.6,2100.0,958.3,400.0,6360.0,1853.2
2015,323.633075622131,87.5,133.3,107.7,60.0,296.0,557.0
2015,114.8,900.0,1001.1105367138624,1200.0,608.3602528089887,631.0,579.3
2015,323.5,2400.0,3700.0,2350.0,1650.0,3420.0,1815.2
2015,165.2,2000.0,1001.1105367138624,500.0,600.0,1164.0,921.8
2015,257.5,912.8684819097351,2400.0,473.7,666.7,1842.0,1033.8
2015,71.8,912.8684819097351,1001.1105367138624,333.3,700.0,282.0,308.3
2015,744.4,241.7,1060.0,527.8,223.1,5553.0,3728.9
2015,323.633075622131,37.5,300.0,625.0,608.3602528089887,522.0,989.0
2015,156.9,1250.0,1000.0,422.2,2100.0,2710.0,914.8
2015,323.633075622131,500.0,100.0,28.6,100.0,299.0,569.0
2015,58.3,912.8684819097351,1001.1105367138624,375.0,608.3602528089887,515.0,246.8
2015,242.0,1100.0,1001.1105367138624,1500.0,1000.0,1491.0,1317.7
2015,656.6,380.0,772.7,590.0,122.7,5333.0,3611.1
2015,73.2,912.8684819097351,1001.1105367138624,600.0,608.3602528089887,508.0,343.2
2015,148.7,912.8684819097351,1900.0,275.0,608.3602528089887,681.0,653.8
2015,182.3,912.8684819097351,1001.1105367138624,190.9,800.0,318.0,958.8
2015,323.633075622131,105.6,900.0,450.0,350.0,656.0,1328.0
2015,323.633075622131,58.3,88.9,127.3,34.8,2479.0,4032.0
2015,83.3,800.0,400.0,600.0,100.0,370.0,482.8
2015,135.6,100.0,1800.0,520.0,200.0,2275.0,650.8
2015,77.6,912.8684819097351,1001.1105367138624,1159.7449092741936,608.3602528089887,391.0,417.9
2015,88.2,912.8684819097351,200.0,460.0,1100.0,612.0,366.7
2015,222.7,1900.0,1500.0,444.4,366.7,1514.0,1180.3
2015,79.9,912.8684819097351,1001.1105367138624,132.0,350.0,644.0,514.4
2015,323.633075622131,185.2,1650.0,221.1,133.3,2956.0,4928.0
2015,323.633075622131,600.0,200.0,40.0,300.0,254.0,475.0
2015,323.633075622131,25.0,20.0,33.3,608.3602528089887,147.0,286.0
2015,1313.8,300.0,2183.3,1347.1,327.6,15531.0,7716.6
2015,99.6,912.8684819097351,1001.1105367138624,900.0,200.0,204.0,520.5
2015,323.633075622131,76.5,175.0,60.0,33.3,160.0,458.0
2015,501.5,580.0,461.5,617.4,671.4,5342.0,2394.9
2015,236.3,1300.0,1500.0,790.9,425.0,2019.0,1244.2
2015,706.5,178.9,942.9,387.8,566.7,7475.0,4896.6
2015,42.4,912.8684819097351,1001.1105367138624,433.3,608.3602528089887,156.0,191.4
2015,194.2,1050.0,3300.0,600.0,416.7,1760.0,1054.3
2015,1436.9,234.9,715.0,904.4,105.5,7813.0,7351.8
2015,50.7,912.8684819097351,300.0,1159.7449092741936,700.0,355.0,260.5
2015,201.0,1800.0,1001.1105367138624,350.0,608.3602528089887,814.0,958.1
2015,147.8,912.8684819097351,240.0,485.7,1700.0,1042.0,650.2
2015,384.8,620.0,771.4,807.1,500.0,2232.0,1920.3
2015,1329.7,321.9,2720.0,943.2,97.6,9704.0,6334.7
2015,87.8,912.8684819097351,800.0,440.0,608.3602528089887,1180.0,490.4
2015,294.3,625.0,483.3,426.3,171.4,2409.0,1448.8
2015,221.7,1300.0,350.0,1159.7449092741936,225.0,3786.0,1056.3
2015,56.6,912.8684819097351,1001.1105367138624,850.0,66.7,730.0,344.3
2015,140.8,912.8684819097351,1100.0,2300.0,608.3602528089887,779.0,700.5
2015,44.6,912.8684819097351,1001.1105367138624,450.0,608.3602528089887,371.0,199.6
2015,141.5,550.0,650.0,850.0,1500.0,653.0,661.3
2015,76.6,1100.0,1001.1105367138624,575.0,350.0,650.0,402.4
2015,220.2,425.0,520.0,440.9,1150.0,3514.589952477936,1059.9
2015,69.1,912.8684819097351,1001.1105367138624,333.3,608.3602528089887,473.0,335.0
2015,151.1,2000.0,1001.1105367138624,1225.0,733.3,958.0,754.5
2015,323.633075622131,912.8684819097351,400.0,125.0,50.0,228.0,387.0
2015,323.633075622131,91.7,66.7,100.0,100.0,221.0,420.0
2015,89.6,912.8684819097351,1001.1105367138624,400.0,608.3602528089887,232.0,486.4
2015,92.1,912.8684819097351,1001.1105367138624,350.0,333.3,468.0,605.1
2015,183.1,700.0,1150.0,928.6,166.7,1937.0,919.2
2015,100.9,166.7,1001.1105367138624,225.0,608.3602528089887,377.0,473.2
2015,332.3,1040.0,1001.1105367138624,1511.1,528.6,2363.0,1475.5
2015,176.6,2200.0,1001.1105367138624,866.7,608.3602528089887,2310.0,869.3
2015,93.3,912.8684819097351,1001.1105367138624,2300.0,900.0,399.0,476.7
2015,277.8,1100.0,975.0,1657.1,433.3,3583.0,1319.8
2015,617.3,278.3,569.2,703.6,191.3,8295.0,3315.5
2015,65.9,912.8684819097351,1001.1105367138624,1700.0,1200.0,847.0,281.8
2015,412.1,540.0,975.0,395.2,675.0,6929.0,2748.4
2015,92.4,912.8684819097351,1300.0,600.0,1000.0,1237.0,557.2
2015,147.5,1350.0,1001.1105367138624,1040.0,608.3602528089887,1970.0,700.8
2015,147.2,1800.0,1001.1105367138624,4200.0,608.3602528089887,3621.0,671.8
2015,121.0,500.0,1001.1105367138624,1159.7449092741936,608.3602528089887,1383.0,647.3
2015,1339.0,304.5,593.8,1675.0,371.4,6480.0,7586.6
2015,164.9,912.8684819097351,700.0,500.0,608.3602528089887,639.0,793.8
2015,323.633075622131,912.8684819097351,166.7,71.4,400.0,321.0,664.0
2015,84.2,450.0,275.0,444.4,608.3602528089887,1023.0,397.6
2015,64.7,912.8684819097351,800.0,425.0,500.0,266.0,260.7
2015,832.9,807.7,1750.0,862.9,176.0,9439.0,4297.5
2015,85.8,233.3,700.0,1159.7449092741936,350.0,286.0,378.3
2015,185.9,200.0,1001.1105367138624,375.0,608.3602528089887,706.0,980.3
2015,76.5,912.8684819097351,300.0,1159.7449092741936,700.0,349.0,415.0
2015,1168.5,188.6,691.7,521.3,131.0,14058.0,5588.8
2015,323.633075622131,260.0,200.0,84.6,66.7,425.0,769.0
2015,71.9,912.8684819097351,1001.1105367138624,1700.0,608.3602528089887,227.0,276.2
2015,54.6,500.0,1000.0,283.3,300.0,1392.0,308.0
2015,77.8,912.8684819097351,133.3,575.0,400.0,378.0,311.2
2015,62.1,912.8684819097351,1001.1105367138624,225.0,608.3602528089887,208.0,273.5
2015,72.6,912.8684819097351,1001.1105367138624,1150.0,200.0,586.0,347.8
2015,127.3,2100.0,1600.0,600.0,700.0,713.0,724.2
2015,775.8,1700.0,666.7,1292.9,900.0,4200.0,3213.0
2015,236.8,1400.0,440.0,766.7,233.3,1602.0,1144.3
2015,14.3,912.8684819097351,400.0,66.7,608.3602528089887,421.0,85.3
2015,489.1,510.0,1100.0,2340.0,1275.0,3599.0,2381.1
2015,88.7,1000.0,1300.0,675.0,250.0,971.0,379.8
2015,323.633075622131,85.7,250.0,137.5,650.0,1234.0,2076.0
2015,23.6,912.8684819097351,1001.1105367138624,300.0,608.3602528089887,236.0,102.6
2015,35.3,250.0,300.0,1159.7449092741936,300.0,540.0,178.4
2015,778.0,360.0,2550.0,1055.6,375.0,10365.0,4230.7
2015,323.633075622131,912.8684819097351,166.7,162.5,250.0,453.0,770.0
2015,43.8,912.8684819097351,1001.1105367138624,400.0,608.3602528089887,166.0,192.3
2015,90.5,912.8684819097351,1001.1105367138624,1000.0,608.3602528089887,316.0,455.1
2015,1190.7,1500.0,1437.5,905.4,494.4,10934.0,5222.3
2015,199.3,100.0,1400.0,273.7,500.0,2638.0,1255.2
2015,59.9,912.8684819097351,1001.1105367138624,1400.0,608.3602528089887,636.0,400.6
2015,379.5,1850.0,820.0,1170.0,540.0,6590.0,1971.0
2015,672.4,985.7,688.9,1115.0,242.9,6553.0,2853.8
2015,394.9,3800.0,1001.1105367138624,1288.9,460.0,3090.0,1809.7
2015,75.2,400.0,433.3,533.3,608.3602528089887,1307.0,446.1
2016,40.3,912.8684819097351,1001.1105367138624,1159.7449092741936,608.3602528089887,402.0,180.3
2016,56.5,100.0,1001.1105367138624,125.0,608.3602528089887,249.0,278.2
2016,528.9,400.0,616.7,758.3,287.5,7825.0,2196.4
2016,87.9,1300.0,1001.1105367138624,2200.0,608.3602528089887,2244.0,402.7
2016,352.8,1225.0,1001.1105367138624,1742.9,400.0,6180.0,1768.8
2016,150.1,300.0,533.3,771.4,233.3,1932.0,766.5
2016,8.9,912.8684819097351,1001.1105367138624,150.0,608.3602528089887,136.0,72.6
2016,88.8,900.0,550.0,383.3,1000.0,908.0,384.8
2016,71.8,912.8684819097351,1001.1105367138624,800.0,608.3602528089887,164.0,354.3
2016,140.3,1800.0,1300.0,1700.0,1700.0,872.0,633.8
2016,31.0,400.0,1001.1105367138624,250.0,608.3602528089887,335.0,180.8
2016,91.5,300.0,1001.1105367138624,750.0,600.0,1200.0,405.7
2016,1613.0,337.5,884.2,1465.3,222.9,8326.0,8163.3
2016,37.1,912.8684819097351,500.0,700.0,900.0,317.0,180.4
2016,188.3,2000.0,2100.0,1675.0,1000.0,1745.0,966.0
2016,64.3,912.8684819097351,1001.1105367138624,1000.0,608.3602528089887,324.0,328.8
2016,50.5,912.8684819097351,1001.1105367138624,240.0,608.3602528089887,465.0,285.9
2016,47.9,912.8684819097351,1001.1105367138624,233.3,608.3602528089887,160.0,181.9
2016,40.6,700.0,1001.1105367138624,1159.7449092741936,608.3602528089887,639.0,265.0
2016,27.6,912.8684819097351,1001.1105367138624,33.3,608.3602528089887,126.0,125.3
2016,1699.2,214.3,487.9,709.5,172.1,15043.0,8062.6
2016,190.6,912.8684819097351,1001.1105367138624,1566.7,608.3602528089887,1602.0,1005.8
2016,166.6,1000.0,2900.0,2250.0,285.7,2894.0,904.0
2016,323.633075622131,437.5,315.4,312.5,487.5,2954.0,5399.0
2016,91.7,912.8684819097351,1700.0,1700.0,400.0,1093.0,517.2
2016,137.7,400.0,2300.0,1433.3,200.0,1786.0,787.3
2016,74.7,1400.0,1001.1105367138624,933.3,608.3602528089887,848.0,460.8
2016,71.6,800.0,125.0,400.0,608.3602528089887,339.0,386.8
2016,130.3,333.3,1001.1105367138624,685.7,608.3602528089887,2337.0,692.1
2016,64.1,912.8684819097351,1001.1105367138624,420.0,608.3602528089887,521.0,293.9
2016,27.0,912.8684819097351,300.0,50.0,608.3602528089887,147.0,127.0
2016,60.1,912.8684819097351,1001.1105367138624,2700.0,433.3,1522.0,384.1
2016,775.0,1880.0,2675.0,2576.9,352.9,13829.0,3538.2
2016,45.8,912.8684819097351,1001.1105367138624,14.3,608.3602528089887,382.0,224.3
2016,131.8,566.7,2500.0,466.7,550.0,3002.0,677.3
2016,310.6,1900.0,1800.0,126.3,180.0,988.0,1683.6
2016,745.3,657.9,1212.5,705.7,1030.0,14238.0,3904.1
2016,39.7,912.8684819097351,1001.1105367138624,66.7,608.3602528089887,117.0,205.8
2016,839.6,380.0,800.0,1200.0,128.6,3858.0,4380.8
2016,85.0,912.8684819097351,800.0,700.0,600.0,2639.0,441.0
2016,446.4,1220.0,1750.0,991.7,580.0,3374.0,1794.1
2016,78.6,912.8684819097351,400.0,1800.0,608.3602528089887,417.0,403.9
2016,280.5,575.0,3500.0,500.0,1200.0,3472.0,1480.3
2016,93.8,1100.0,1001.1105367138624,2150.0,333.3,883.0,448.3
2016,68.5,912.8684819097351,1001.1105367138624,700.0,608.3602528089887,502.0,361.2
2016,46.7,912.8684819097351,1001.1105367138624,400.0,150.0,326.0,262.2
2016,225.9,2400.0,1001.1105367138624,322.2,608.3602528089887,1071.0,1137.7
2016,94.4,900.0,1001.1105367138624,1050.0,900.0,879.0,515.3
2016,386.1,305.6,275.0,397.9,330.8,4309.0,1929.0
2016,323.633075622131,66.7,200.0,33.3,33.3,177.0,383.0
2016,323.633075622131,105.9,250.0,100.0,300.0,954.0,1528.0
2016,139.2,2600.0,2500.0,2000.0,400.0,910.0,646.3
2016,130.5,1200.0,800.0,187.5,300.0,1227.0,506.4
2016,82.1,800.0,1001.1105367138624,1100.0,608.3602528089887,259.0,319.5
2016,62.5,912.8684819097351,1001.1105367138624,1850.0,608.3602528089887,723.0,375.5
2016,148.3,1800.0,500.0,822.2,400.0,1389.0,837.7
2016,1588.4,129.6,346.7,606.9,139.0,16868.0,9259.2
2016,27.6,912.8684819097351,1001.1105367138624,300.0,608.3602528089887,140.0,174.3
2016,189.8,275.0,333.3,600.0,900.0,1005.0,1141.8
2016,32.3,912.8684819097351,1001.1105367138624,900.0,608.3602528089887,214.0,132.2
2016,135.1,912.8684819097351,1001.1105367138624,1500.0,1700.0,1013.0,786.5
2016,51.0,912.8684819097351,1001.1105367138624,200.0,300.0,467.0,308.8
2016,64.8,900.0,1001.1105367138624,1050.0,608.3602528089887,1972.0,298.8
2016,71.5,912.8684819097351,1001.1105367138624,1050.0,1300.0,336.0,349.3
2016,177.2,3100.0,633.3,1050.0,608.3602528089887,1027.0,1101.8
2016,68.8,912.8684819097351,1000.0,2100.0,608.3602528089887,889.0,314.8
2016,294.7,2900.0,475.0,120.8,608.3602528089887,1141.0,1816.3
2016,1667.6,662.5,1278.6,1431.9,232.3,14376.0,6817.3
2016,125.6,1800.0,1001.1105367138624,1466.7,1700.0,954.0,578.8
2016,38.7,912.8684819097351,1001.1105367138624,350.0,608.3602528089887,564.0,174.9
2016,130.5,950.0,800.0,900.0,600.0,1496.0,787.1
2016,571.0,912.8684819097351,700.0,993.8,714.3,4094.0,2838.8
2016,31.7,912.8684819097351,500.0,500.0,608.3602528089887,166.0,179.3
2016,61.2,912.8684819097351,1001.1105367138624,300.0,700.0,204.0,231.9
2016,323.633075622131,182.6,260.0,188.9,200.0,1377.0,2167.0
2016,444.7,800.0,2600.0,483.3,1500.0,1583.0,1833.0
2016,209.1,580.0,1100.0,1185.7,163.6,1603.0,762.4
2016,236.5,920.0,1001.1105367138624,2350.0,520.0,3577.0,1255.1
2016,217.3,2300.0,1001.1105367138624,3133.3,316.7,3478.0,1130.7
2016,147.2,912.8684819097351,1600.0,391.7,608.3602528089887,1205.0,627.6
2016,544.8,1866.7,622.2,605.9,444.4,4428.0,2792.8
2016,589.5,812.5,2366.7,981.8,61.3,7673.0,2634.4
2016,101.8,1000.0,1001.1105367138624,1200.0,900.0,745.0,390.0
2016,43.9,800.0,1001.1105367138624,200.0,900.0,758.0,206.6
2016,588.4,1085.7,1001.1105367138624,2762.5,444.4,7115.0,3242.8
2016,67.2,912.8684819097351,1001.1105367138624,650.0,300.0,229.0,270.8
2016,52.0,912.8684819097351,1001.1105367138624,1500.0,200.0,317.0,337.8
2016,41.4,912.8684819097351,1001.1105367138624,566.7,608.3602528089887,242.0,210.1
2016,48.3,500.0,1001.1105367138624,100.0,200.0,198.0,228.1
2016,34.8,912.8684819097351,1001.1105367138624,75.0,608.3602528089887,254.0,182.0
2016,279.0,912.8684819097351,3100.0,922.2,608.3602528089887,2405.0,1507.8
2016,41.3,912.8684819097351,1001.1105367138624,200.0,608.3602528089887,105.0,184.7
2016,37.7,700.0,700.0,1800.0,608.3602528089887,378.0,176.9
2016,109.3,912.8684819097351,1001.1105367138624,2200.0,1900.0,664.0,584.3
2016,124.0,1300.0,700.0,1350.0,608.3602528089887,837.0,505.4
2016,32.0,912.8684819097351,1001.1105367138624,1159.7449092741936,608.3602528089887,170.0,167.6
2016,323.633075622131,155.6,2200.0,350.0,125.0,1158.0,2260.0
2016,98.6,600.0,600.0,200.0,800.0,539.0,435.9
2016,229.1,400.0,328.6,375.0,260.0,3015.0,1135.8
2016,323.633075622131,128.6,177.8,222.2,200.0,992.0,1554.0
2016,248.1,150.0,228.6,1045.5,85.7,3102.0,1278.8
2016,323.633075622131,600.0,700.0,150.0,608.3602528089887,119.0,341.0
2016,487.3,1275.0,1001.1105367138624,450.0,608.3602528089887,1808.0,2532.2
2016,577.8,385.7,971.4,443.2,487.5,10705.0,2698.1
2016,177.6,475.0,1001.1105367138624,1116.7,2300.0,1923.0,870.1
2016,397.3,241.7,816.7,284.0,616.7,4861.0,2409.3
2016,162.6,912.8684819097351,1001.1105367138624,1159.7449092741936,1400.0,1229.0,771.0
2016,183.4,2700.0,1200.0,350.0,608.3602528089887,826.0,815.5
2016,323.633075622131,281.8,320.0,1125.0,850.0,1153.0,2113.0
2016,323.633075622131,550.0,400.0,100.0,200.0,514.0,1005.0
2016,419.8,250.0,423.1,288.2,243.8,9594.0,2488.9
2016,31.2,912.8684819097351,400.0,200.0,608.3602528089887,178.0,165.3
2016,706.8,1425.0,950.0,600.0,1766.7,5297.0,3937.4
2016,273.7,500.0,1750.0,1562.5,1100.0,6457.0,1444.3
2016,16.2,912.8684819097351,1001.1105367138624,300.0,608.3602528089887,135.0,109.3
2016,51.6,912.8684819097351,1001.1105367138624,316.7,608.3602528089887,440.0,227.2
2016,134.1,912.8684819097351,1001.1105367138624,1159.7449092741936,280.0,2729.0,646.7
2016,46.3,912.8684819097351,1001.1105367138624,1000.0,608.3602528089887,339.0,196.8
2016,67.7,912.8684819097351,1001.1105367138624,450.0,608.3602528089887,135.0,384.8
2016,90.0,912.8684819097351,1001.1105367138624,3800.0,608.3602528089887,794.0,524.8
2016,106.3,912.8684819097351,1001.1105367138624,2250.0,300.0,460.0,437.1
2016,57.2,912.8684819097351,900.0,1159.7449092741936,608.3602528089887,449.0,257.5
2016,337.3,912.8684819097351,680.0,600.0,1600.0,1473.0,1584.1
2016,112.7,2200.0,250.0,766.7,608.3602528089887,465.0,517.2
2016,136.1,912.8684819097351,1001.1105367138624,462.5,1100.0,669.0,692.8
2016,832.8,437.5,2100.0,781.8,210.0,2133.0,4116.2
2016,36.3,600.0,1001.1105367138624,125.0,608.3602528089887,331.0,262.5
2016,86.3,1400.0,800.0,1159.7449092741936,608.3602528089887,319.0,477.8
2016,52.8,250.0,50.0,83.3,608.3602528089887,240.0,232.7
2016,87.3,912.8684819097351,1001.1105367138624,283.3,608.3602528089887,452.0,426.9
2016,133.3,912.8684819097351,1001.1105367138624,620.0,240.0,1477.0,545.9
2016,612.3,308.3,1250.0,893.3,176.9,4008.0,2825.7
2016,114.3,1800.0,1001.1105367138624,1159.7449092741936,608.3602528089887,1242.0,506.6
2016,31.3,912.8684819097351,1001.1105367138624,1000.0,608.3602528089887,315.0,157.0
2016,44.3,912.8684819097351,1001.1105367138624,2800.0,800.0,1059.0,247.9
2016,273.3,2700.0,283.3,377.8,900.0,935.0,1308.3
2016,60.6,912.8684819097351,200.0,200.0,608.3602528089887,108.0,241.3
2016,62.8,912.8684819097351,1001.1105367138624,1159.7449092741936,900.0,626.0,340.2
2016,67.0,912.8684819097351,1001.1105367138624,850.0,500.0,247.0,385.8
2016,69.6,912.8684819097351,1001.1105367138624,1400.0,608.3602528089887,381.0,379.4
2016,24.9,912.8684819097351,1001.1105367138624,1100.0,150.0,261.0,113.8
2016,121.9,912.8684819097351,1300.0,450.0,900.0,945.0,551.7
2016,96.5,1100.0,2200.0,916.7,750.0,1399.0,539.9
2016,62.1,912.8684819097351,1001.1105367138624,900.0,608.3602528089887,272.0,262.4
2016,323.633075622131,20.0,166.7,71.4,600.0,187.0,324.0
2016,207.3,766.7,650.0,500.0,283.3,3167.0,1060.7
2016,1229.2,260.7,2180.0,1275.7,117.4,7794.0,6216.8
2016,19.8,912.8684819097351,1001.1105367138624,700.0,400.0,378.0,137.8
2016,373.8,975.0,875.0,876.9,242.9,2778.0,1865.4
2016,66.8,912.8684819097351,1400.0,1033.3,608.3602528089887,1892.0,362.3
2016,140.3,2000.0,1001.1105367138624,2100.0,950.0,2845.0,745.7
2016,179.6,912.8684819097351,1001.1105367138624,1175.0,380.0,1930.0,840.4
2016,44.6,912.8684819097351,1001.1105367138624,400.0,608.3602528089887,370.0,257.6
2016,229.4,1700.0,850.0,605.9,925.0,5411.0,1202.2
2016,491.5,1766.7,1001.1105367138624,1300.0,366.7,7039.0,2903.3
2016,462.8,242.1,771.4,486.7,188.2,10943.0,2456.1
2016,19.7,400.0,200.0,42.9,608.3602528089887,186.0,126.0
2016,996.1,630.0,1516.7,551.9,350.0,9105.0,6062.0
2016,54.7,912.8684819097351,1001.1105367138624,900.0,608.3602528089887,426.0,320.3
2016,505.8,400.0,530.0,426.9,285.7,7451.0,3629.3
2016,28.8,912.8684819097351,1001.1105367138624,1159.7449092741936,608.3602528089887,299.0,162.6
2016,84.6,1200.0,1001.1105367138624,1159.7449092741936,608.3602528089887,1057.0,443.5
2016,802.4,1975.0,1333.3,591.3,885.7,6617.0,4576.1
2016,58.3,912.8684819097351,1001.1105367138624,2500.0,608.3602528089887,524.0,394.2
2016,34.8,912.8684819097351,1001.1105367138624,325.0,608.3602528089887,229.0,178.9
2016,21.8,912.8684819097351,1001.1105367138624,1159.7449092741936,608.3602528089887,119.0,135.4
2016,37.3,912.8684819097351,1001.1105367138624,1159.7449092741936,608.3602528089887,673.0,174.5
2016,240.2,1250.0,3100.0,788.9,275.0,2054.0,1089.9
2016,285.7,912.8684819097351,1100.0,1083.3,1100.0,1093.0,1340.3
2016,63.7,912.8684819097351,1001.1105367138624,1159.7449092741936,608.3602528089887,562.0,295.3
2016,323.633075622131,133.3,400.0,366.7,608.3602528089887,317.0,591.0
2016,104.2,912.8684819097351,1001.1105367138624,1159.7449092741936,608.3602528089887,652.0,515.1
2016,161.3,912.8684819097351,1400.0,685.7,650.0,1150.0,820.2
2016,196.5,3600.0,2200.0,494.7,525.0,1903.0,892.2
2016,84.7,900.0,133.3,333.3,350.0,314.0,354.9
2016,657.5,257.1,441.7,870.8,290.0,6128.0,3134.0
2016,323.633075622131,83.3,300.0,1450.0,600.0,561.0,1077.0
2016,144.6,750.0,1050.0,783.3,2100.0,2745.0,831.9
2016,323.633075622131,600.0,100.0,71.4,608.3602528089887,327.0,690.0
2016,43.8,912.8684819097351,1001.1105367138624,566.7,608.3602528089887,551.0,220.0
2016,201.3,912.8684819097351,1550.0,3450.0,1900.0,1689.0,1099.1
2016,634.8,295.2,836.4,780.0,158.8,5662.0,3411.6
2016,76.3,912.8684819097351,800.0,350.0,608.3602528089887,475.0,374.4
2016,135.3,912.8684819097351,475.0,184.6,608.3602528089887,794.0,665.1
2016,149.7,2600.0,900.0,366.7,800.0,347.0,817.9
2016,323.633075622131,100.0,152.6,195.0,64.3,2594.0,4096.0
2016,81.6,600.0,600.0,750.0,200.0,435.0,447.8
2016,125.4,111.1,1900.0,1400.0,212.5,2436.0,610.3
2016,63.3,800.0,1001.1105367138624,1400.0,608.3602528089887,363.0,367.8
2016,76.3,912.8684819097351,200.0,2900.0,608.3602528089887,659.0,348.5
2016,225.2,950.0,1001.1105367138624,671.4,1400.0,1533.0,1174.8
2016,64.8,912.8684819097351,1700.0,194.4,266.7,648.0,434.5
2016,323.633075622131,282.4,900.0,263.2,233.3,2983.0,4998.0
2016,323.633075622131,350.0,175.0,125.0,500.0,297.0,531.0
2016,323.633075622131,100.0,100.0,33.3,608.3602528089887,175.0,329.0
2016,1178.3,471.4,2400.0,2084.6,355.6,15963.0,6895.9
2016,93.0,912.8684819097351,1001.1105367138624,1000.0,200.0,196.0,515.3
2016,323.633075622131,187.5,350.0,88.9,608.3602528089887,161.0,460.0
2016,431.1,966.7,1000.0,993.8,742.9,5680.0,2152.2
2016,234.7,1066.7,1450.0,2375.0,2400.0,2103.0,1258.6
2016,653.2,412.5,1360.0,590.0,409.1,7581.0,4472.8
2016,32.2,912.8684819097351,1001.1105367138624,280.0,608.3602528089887,158.0,174.3
2016,205.7,912.8684819097351,2800.0,1142.9,625.0,1662.0,1051.9
2016,1445.3,336.4,757.9,1350.0,138.6,8167.0,7183.5
2016,54.8,912.8684819097351,200.0,400.0,300.0,386.0,276.6
2016,190.7,600.0,2000.0,533.3,608.3602528089887,859.0,919.3
2016,140.5,912.8684819097351,400.0,720.0,608.3602528089887,1130.0,609.3
2016,380.8,566.7,590.0,2800.0,414.3,2278.0,1877.6
2016,1271.5,429.2,1511.1,1306.9,175.9,9853.0,6022.9
2016,67.8,1100.0,1001.1105367138624,1159.7449092741936,608.3602528089887,1144.0,419.6
2016,268.8,500.0,1033.3,493.8,150.0,2570.0,1375.4
2016,206.8,1100.0,1300.0,1400.0,157.1,3585.0,1049.4
2016,50.1,150.0,1001.1105367138624,1000.0,200.0,793.0,308.3
2016,120.0,912.8684819097351,1001.1105367138624,5300.0,608.3602528089887,802.0,619.3
2016,42.2,912.8684819097351,1001.1105367138624,200.0,608.3602528089887,360.0,213.2
2016,125.9,912.8684819097351,1001.1105367138624,1800.0,1400.0,663.0,636.2
2016,63.0,1000.0,1001.1105367138624,500.0,800.0,693.0,342.8
2016,182.2,380.0,1366.7,846.2,2200.0,5172.0,948.4
2016,83.4,912.8684819097351,1001.1105367138624,1159.7449092741936,608.3602528089887,460.0,373.1
2016,323.633075622131,912.8684819097351,133.3,80.0,100.0,295.0,470.0
2016,323.633075622131,216.7,100.0,85.7,200.0,220.0,431.0
2016,95.4,912.8684819097351,1001.1105367138624,125.0,608.3602528089887,222.0,520.2
2016,111.8,912.8684819097351,1001.1105367138624,800.0,500.0,489.0,625.6
2016,167.6,600.0,2200.0,1440.0,171.4,2272.0,862.7
2016,80.4,250.0,1001.1105367138624,600.0,608.3602528089887,366.0,411.2
2016,288.8,1120.0,1001.1105367138624,4800.0,583.3,2363.0,1333.1
2016,146.4,912.8684819097351,1001.1105367138624,2633.3,608.3602528089887,2427.0,828.0
2016,81.8,912.8684819097351,1001.1105367138624,1250.0,608.3602528089887,360.0,439.3
2016,288.2,490.0,600.0,1400.0,650.0,3616.0,1281.2
2016,613.2,350.0,690.9,1110.5,329.4,8317.0,3181.0
2016,61.6,912.8684819097351,1001.1105367138624,1900.0,608.3602528089887,788.0,263.2
2016,369.4,450.0,1233.3,586.7,933.3,7162.0,2405.9
2016,72.9,700.0,1300.0,525.0,1000.0,1310.0,478.2
2016,136.8,912.8684819097351,2300.0,1160.0,1900.0,2261.0,662.3
2016,129.4,750.0,1001.1105367138624,1159.7449092741936,608.3602528089887,3706.0,655.8
2016,101.3,912.8684819097351,1001.1105367138624,1159.7449092741936,608.3602528089887,1310.0,559.3
2016,1253.9,507.7,735.7,1782.4,538.5,6977.0,7048.3
2016,158.7,2600.0,1500.0,1000.0,608.3602528089887,638.0,790.3
2016,323.633075622131,1100.0,250.0,166.7,608.3602528089887,429.0,779.0
2016,63.2,500.0,650.0,410.0,608.3602528089887,1017.0,345.5
2016,59.8,912.8684819097351,1001.1105367138624,300.0,400.0,313.0,253.3
2016,755.4,1311.1,3125.0,1040.0,350.0,9688.0,4014.3
2016,93.8,266.7,800.0,450.0,400.0,275.0,396.3
2016,166.9,912.8684819097351,1001.1105367138624,380.0,608.3602528089887,612.0,871.8
2016,69.3,800.0,1001.1105367138624,1159.7449092741936,800.0,329.0,427.3
2016,1121.9,248.1,836.4,571.7,187.9,14011.0,5278.7
2016,323.633075622131,425.0,366.7,171.4,166.7,461.0,830.0
2016,59.9,1000.0,1001.1105367138624,850.0,1000.0,242.0,267.5
2016,53.4,912.8684819097351,1100.0,950.0,400.0,1436.0,296.2
2016,68.8,1000.0,300.0,1300.0,400.0,387.0,312.2
2016,57.9,500.0,1001.1105367138624,1000.0,608.3602528089887,219.0,261.6
2016,55.6,900.0,1001.1105367138624,2400.0,400.0,599.0,303.4
2016,120.3,912.8684819097351,1001.1105367138624,1159.7449092741936,900.0,769.0,706.3
2016,756.5,1450.0,922.2,3233.3,1020.0,4091.0,3186.3
2016,217.1,375.0,800.0,445.5,180.0,1724.0,1088.3
2016,18.0,912.8684819097351,1001.1105367138624,1159.7449092741936,608.3602528089887,438.0,86.8
2016,400.8,1140.0,2600.0,1016.7,900.0,3696.0,1910.8
2016,89.5,912.8684819097351,1200.0,600.0,500.0,971.0,393.5
2016,323.633075622131,162.5,700.0,315.4,1500.0,1322.0,2193.0
2016,23.9,400.0,1001.1105367138624,600.0,400.0,203.0,92.6
2016,36.3,700.0,400.0,500.0,608.3602528089887,660.0,174.8
2016,685.3,380.0,2350.0,1158.8,435.7,10616.0,3744.1
2016,323.633075622131,600.0,333.3,200.0,608.3602528089887,449.0,767.0
2016,42.3,912.8684819097351,1001.1105367138624,1159.7449092741936,608.3602528089887,190.0,186.3
2016,77.8,912.8684819097351,500.0,1000.0,608.3602528089887,294.0,448.3
2016,1046.5,1290.0,2680.0,1306.9,640.0,10955.0,4840.5
2016,184.3,142.9,2200.0,272.7,260.0,2912.0,1112.8
2016,62.4,912.8684819097351,1600.0,466.7,608.3602528089887,609.0,374.6
2016,322.5,3800.0,1333.3,1942.9,700.0,7048.0,1574.0
2016,649.7,937.5,1166.7,975.0,292.9,6534.0,2732.6
2016,345.9,2050.0,1001.1105367138624,1814.3,1400.0,3167.0,1677.6
2016,66.9,1200.0,1001.1105367138624,1050.0,608.3602528089887,1339.0,390.0
2017,30.3,600.0,1001.1105367138624,250.0,608.3602528089887,414.0,164.6
2017,44.3,300.0,1001.1105367138624,600.0,608.3602528089887,273.0,220.7
2017,484.1,675.0,1850.0,612.5,300.0,8396.0,1960.6
2017,71.7,1400.0,1001.1105367138624,1159.7449092741936,608.3602528089887,2076.0,324.2
2017,109.8,700.0,633.3,644.4,250.0,1976.0,649.8
2017,8.2,912.8684819097351,1001.1105367138624,33.3,608.3602528089887,138.0,70.0
2017,59.7,1000.0,1001.1105367138624,833.3,608.3602528089887,855.0,281.6
2017,230.7,462.5,2350.0,1628.6,350.0,5640.0,1183.5
2017,58.8,912.8684819097351,1001.1105367138624,1000.0,608.3602528089887,187.0,300.0
2017,144.0,2100.0,1300.0,2200.0,850.0,729.0,652.0
2017,31.3,912.8684819097351,1001.1105367138624,600.0,608.3602528089887,354.0,156.3
2017,81.4,433.3,900.0,2200.0,608.3602528089887,1251.0,318.3
2017,1337.0,380.0,1011.8,1875.6,269.7,8372.0,7045.3
2017,28.8,912.8684819097351,1001.1105367138624,500.0,608.3602528089887,313.0,176.4
2017,143.8,833.3,460.0,777.8,600.0,1647.0,752.2
2017,48.1,912.8684819097351,1001.1105367138624,233.3,608.3602528089887,334.0,264.6
2017,37.5,600.0,1001.1105367138624,1400.0,608.3602528089887,534.0,206.9
2017,38.3,912.8684819097351,1001.1105367138624,200.0,608.3602528089887,167.0,157.5
2017,28.2,700.0,1001.1105367138624,1159.7449092741936,608.3602528089887,635.0,193.4
2017,17.0,912.8684819097351,300.0,100.0,608.3602528089887,111.0,75.5
2017,1229.4,242.2,648.0,1187.0,216.2,15620.0,6137.1
2017,545.9,1540.0,1675.0,542.9,1450.0,4917.0,3094.0
2017,155.2,1000.0,2200.0,2750.0,608.3602528089887,1721.0,747.6
2017,147.8,800.0,3100.0,1880.0,380.0,2960.0,717.2
2017,323.633075622131,381.8,525.0,571.4,1150.0,3067.0,5661.0
2017,73.3,912.8684819097351,450.0,1900.0,608.3602528089887,1121.0,381.6
2017,100.6,1700.0,1300.0,2550.0,250.0,1803.0,623.3
2017,74.8,912.8684819097351,1001.1105367138624,1033.3,608.3602528089887,866.0,442.8
2017,61.5,912.8684819097351,1001.1105367138624,1000.0,608.3602528089887,391.0,348.0
2017,81.2,912.8684819097351,2100.0,842.9,608.3602528089887,2365.0,533.4
2017,50.6,912.8684819097351,1001.1105367138624,1159.7449092741936,608.3602528089887,559.0,244.3
2017,23.1,912.8684819097351,1001.1105367138624,75.0,608.3602528089887,143.0,102.1
2017,45.7,900.0,1001.1105367138624,1159.7449092741936,275.0,1707.0,339.2
2017,583.9,1633.3,3633.3,3108.3,413.3,14290.0,2817.2
2017,36.3,912.8684819097351,500.0,50.0,608.3602528089887,383.0,185.1
2017,92.5,912.8684819097351,1001.1105367138624,2200.0,1100.0,4663.0,531.5
2017,238.3,912.8684819097351,1900.0,233.3,333.3,1062.0,1418.9
2017,29.8,912.8684819097351,1001.1105367138624,300.0,608.3602528089887,114.0,171.6
2017,718.8,461.5,645.5,1357.7,134.5,3900.0,3830.1
2017,71.7,912.8684819097351,800.0,2200.0,750.0,2758.0,352.1
2017,348.8,3300.0,4000.0,1023.1,680.0,3692.0,1433.9
2017,72.6,912.8684819097351,1001.1105367138624,1159.7449092741936,900.0,462.0,355.3
2017,245.7,433.3,1700.0,885.7,800.0,3461.0,1246.1
2017,65.7,1100.0,1001.1105367138624,2050.0,1000.0,963.0,345.5
2017,60.4,1000.0,1001.1105367138624,1000.0,608.3602528089887,515.0,295.3
2017,28.8,600.0,700.0,400.0,150.0,333.0,194.5
2017,195.3,2300.0,1200.0,1066.7,608.3602528089887,1157.0,973.7
2017,71.6,900.0,1001.1105367138624,1159.7449092741936,608.3602528089887,909.0,379.4
2017,293.0,453.8,470.0,820.8,427.3,4747.0,1540.3
2017,323.633075622131,100.0,200.0,50.0,33.3,177.0,378.0
2017,323.633075622131,500.0,800.0,425.0,300.0,1053.0,1594.0
2017,99.6,2500.0,833.3,800.0,400.0,904.0,509.3
2017,84.9,912.8684819097351,1001.1105367138624,320.0,300.0,1278.0,390.8
2017,201.5,1766.7,1001.1105367138624,4100.0,1600.0,3675.0,1080.1
2017,70.5,912.8684819097351,1001.1105367138624,600.0,608.3602528089887,265.0,318.3
2017,42.2,912.8684819097351,1001.1105367138624,4000.0,608.3602528089887,925.0,308.2
2017,114.7,500.0,620.0,1300.0,450.0,1304.0,662.9
2017,1246.6,155.7,319.0,856.5,152.7,17278.0,8034.7
2017,20.2,912.8684819097351,1001.1105367138624,400.0,608.3602528089887,122.0,144.0
2017,131.8,1100.0,1001.1105367138624,933.3,608.3602528089887,959.0,885.8
2017,27.6,912.8684819097351,1001.1105367138624,1000.0,608.3602528089887,191.0,106.3
2017,116.3,912.8684819097351,2300.0,1650.0,2000.0,1003.0,736.1
2017,37.9,912.8684819097351,1001.1105367138624,500.0,600.0,476.0,197.9
2017,53.3,912.8684819097351,1001.1105367138624,1250.0,608.3602528089887,1735.0,265.0
2017,67.2,912.8684819097351,1001.1105367138624,633.3,1400.0,356.0,308.3
2017,162.7,912.8684819097351,2000.0,1159.7449092741936,750.0,1022.0,1061.0
2017,44.9,1700.0,1001.1105367138624,1159.7449092741936,608.3602528089887,903.0,227.6
2017,213.9,600.0,1700.0,142.9,608.3602528089887,1550.0,1428.0
2017,1232.8,950.0,1240.0,1275.4,274.2,14746.0,5339.9
2017,88.0,912.8684819097351,1001.1105367138624,4300.0,608.3602528089887,1002.0,427.8
2017,32.3,1300.0,1001.1105367138624,240.0,608.3602528089887,523.0,147.1
2017,124.1,912.8684819097351,1001.1105367138624,766.7,650.0,1504.0,724.4
2017,442.0,912.8684819097351,2900.0,994.1,850.0,4151.0,2380.9
2017,28.3,912.8684819097351,500.0,600.0,608.3602528089887,170.0,148.0
2017,53.3,800.0,1001.1105367138624,1159.7449092741936,608.3602528089887,228.0,215.8
2017,323.633075622131,960.0,3300.0,361.1,1100.0,1534.0,2373.0
2017,389.0,3300.0,1450.0,442.9,2100.0,1680.0,1701.1
2017,165.9,933.3,2800.0,1820.0,666.7,1416.0,652.3
2017,347.6,833.3,2050.0,1660.0,1500.0,2208.0,2288.7
2017,173.2,671.4,1001.1105367138624,5450.0,540.0,3831.0,952.5
2017,124.2,912.8684819097351,950.0,1000.0,600.0,1233.0,537.2
2017,450.8,1116.7,400.0,712.5,487.5,4586.0,2379.0
2017,414.8,636.4,2400.0,1200.0,117.4,8138.0,1748.7
2017,321.6,527.3,1400.0,681.3,315.4,10043.0,1891.5
2017,80.3,600.0,1001.1105367138624,600.0,608.3602528089887,798.0,289.7
2017,38.4,1100.0,1001.1105367138624,300.0,400.0,785.0,196.9
2017,61.2,912.8684819097351,600.0,375.0,350.0,243.0,247.2
2017,43.3,200.0,1001.1105367138624,1159.7449092741936,150.0,308.0,247.8
2017,33.5,912.8684819097351,1001.1105367138624,1700.0,608.3602528089887,275.0,189.0
2017,50.1,912.8684819097351,400.0,300.0,608.3602528089887,185.0,223.3
2017,29.1,912.8684819097351,1001.1105367138624,200.0,608.3602528089887,226.0,158.2
2017,29.8,912.8684819097351,1001.1105367138624,350.0,608.3602528089887,118.0,137.5
2017,28.7,700.0,1001.1105367138624,2100.0,500.0,346.0,146.1
2017,1802.9,656.3,1850.0,1460.0,388.9,9547.0,10454.7
2017,102.9,912.8684819097351,1600.0,1159.7449092741936,2100.0,642.0,537.4
2017,98.3,912.8684819097351,800.0,466.7,608.3602528089887,942.0,451.9
2017,23.6,912.8684819097351,1001.1105367138624,700.0,608.3602528089887,192.0,153.5
2017,323.633075622131,420.0,1001.1105367138624,640.0,900.0,1256.0,2465.0
2017,102.4,600.0,1001.1105367138624,500.0,1000.0,521.0,451.0
2017,213.4,475.0,650.0,650.0,533.3,3330.0,948.7
2017,323.633075622131,188.9,380.0,580.0,180.0,1145.0,1778.0
2017,213.0,342.9,500.0,938.5,100.0,3638.0,1112.1
2017,323.633075622131,600.0,350.0,266.7,608.3602528089887,158.0,393.0
2017,448.8,828.6,1560.0,577.4,325.0,11576.0,2156.5
2017,284.0,411.1,628.6,404.5,666.7,5122.0,1880.7
2017,123.3,2200.0,1200.0,1159.7449092741936,608.3602528089887,1271.0,623.7
2017,160.2,912.8684819097351,700.0,666.7,608.3602528089887,827.0,728.3
2017,323.633075622131,471.4,850.0,1275.0,1600.0,1297.0,2271.0
2017,323.633075622131,1100.0,900.0,266.7,300.0,532.0,1054.0
2017,302.0,472.7,1040.0,367.4,221.1,10050.0,1963.6
2017,27.9,912.8684819097351,1001.1105367138624,233.3,608.3602528089887,182.0,143.5
2017,11.5,912.8684819097351,1001.1105367138624,1159.7449092741936,608.3602528089887,132.0,90.2
2017,36.8,912.8684819097351,1001.1105367138624,425.0,608.3602528089887,477.0,193.7
2017,88.8,1150.0,1001.1105367138624,1159.7449092741936,375.0,2702.0,483.0
2017,25.1,800.0,1001.1105367138624,1159.7449092741936,700.0,367.0,154.5
2017,60.2,912.8684819097351,1001.1105367138624,1159.7449092741936,608.3602528089887,193.0,357.2
2017,77.2,912.8684819097351,1001.1105367138624,1159.7449092741936,608.3602528089887,830.0,445.4
2017,85.2,2200.0,1001.1105367138624,1159.7449092741936,300.0,482.0,363.2
2017,49.8,912.8684819097351,1001.1105367138624,2400.0,608.3602528089887,418.0,232.5
2017,306.8,4000.0,1001.1105367138624,1440.0,608.3602528089887,1492.0,1372.3
2017,83.2,912.8684819097351,500.0,2700.0,608.3602528089887,498.0,418.5
2017,115.6,1000.0,1001.1105367138624,585.7,1300.0,708.0,658.8
2017,698.0,354.5,1675.0,1253.3,244.4,2193.0,3572.0
2017,29.7,700.0,1001.1105367138624,600.0,608.3602528089887,344.0,218.7
2017,77.8,1400.0,800.0,1159.7449092741936,608.3602528089887,349.0,434.6
2017,60.3,500.0,400.0,62.5,608.3602528089887,235.0,239.7
2017,64.0,600.0,1001.1105367138624,475.0,608.3602528089887,501.0,362.1
2017,96.7,850.0,900.0,1233.3,600.0,1489.0,448.8
2017,559.0,341.7,442.9,1928.6,184.6,4028.0,2577.3
2017,64.5,912.8684819097351,1001.1105367138624,4300.0,608.3602528089887,1275.0,395.2
2017,16.8,912.8684819097351,1001.1105367138624,300.0,608.3602528089887,291.0,123.5
2017,37.2,912.8684819097351,1001.1105367138624,2900.0,1000.0,1135.0,204.8
2017,232.3,1400.0,425.0,566.7,2100.0,944.0,1133.6
2017,46.8,912.8684819097351,1001.1105367138624,100.0,608.3602528089887,123.0,209.7
2017,48.1,912.8684819097351,1001.1105367138624,1500.0,900.0,620.0,238.3
2017,59.5,912.8684819097351,1001.1105367138624,1000.0,608.3602528089887,230.0,363.0
2017,52.3,700.0,1001.1105367138624,333.3,608.3602528089887,392.0,300.8
2017,19.3,912.8684819097351,1001.1105367138624,1159.7449092741936,608.3602528089887,258.0,92.9
2017,93.9,600.0,600.0,375.0,1000.0,1119.0,450.8
2017,83.1,1100.0,1001.1105367138624,1933.3,850.0,1495.0,493.2
2017,49.3,912.8684819097351,600.0,1159.7449092741936,608.3602528089887,267.0,235.6
2017,323.633075622131,100.0,200.0,300.0,608.3602528089887,210.0,376.0
2017,152.6,400.0,1001.1105367138624,522.2,525.0,3469.0,789.5
2017,894.8,390.5,1657.1,2300.0,147.7,8106.0,4425.1
2017,13.3,400.0,400.0,700.0,400.0,348.0,105.0
2017,254.1,2150.0,1075.0,1400.0,210.0,2849.0,1190.6
2017,57.8,912.8684819097351,1001.1105367138624,1133.3,608.3602528089887,1775.0,337.6
2017,137.6,2000.0,1001.1105367138624,1071.4,1900.0,2970.0,621.8
2017,137.3,912.8684819097351,1001.1105367138624,2000.0,285.7,1942.0,701.5
2017,26.7,900.0,1001.1105367138624,500.0,600.0,404.0,188.5
2017,182.0,2900.0,1166.7,780.0,800.0,5782.0,874.2
2017,370.3,1200.0,3250.0,2850.0,528.6,7218.0,2163.8
2017,364.3,530.0,983.3,777.3,283.3,13218.0,2000.8
2017,14.8,912.8684819097351,1001.1105367138624,75.0,608.3602528089887,187.0,103.1
2017,814.9,575.0,1616.7,1041.2,675.0,9620.0,4938.9
2017,36.5,912.8684819097351,1001.1105367138624,1159.7449092741936,608.3602528089887,520.0,237.8
2017,428.5,300.0,611.1,463.0,440.0,7760.0,2933.0
2017,21.2,200.0,400.0,1159.7449092741936,608.3602528089887,238.0,146.1
2017,63.3,912.8684819097351,1001.1105367138624,4500.0,608.3602528089887,1063.0,342.1
2017,614.3,2150.0,1680.0,943.8,1300.0,6811.0,3692.4
2017,50.7,500.0,1001.1105367138624,2800.0,608.3602528089887,546.0,349.7
2017,35.5,912.8684819097351,1001.1105367138624,800.0,608.3602528089887,219.0,193.6
2017,20.3,912.8684819097351,1001.1105367138624,500.0,200.0,139.0,114.8
2017,25.0,912.8684819097351,800.0,1500.0,608.3602528089887,704.0,132.3
2017,186.3,933.3,3300.0,2533.3,400.0,2169.0,883.4
2017,239.9,3000.0,2800.0,1120.0,1300.0,1074.0,1199.2
2017,42.2,912.8684819097351,1001.1105367138624,2800.0,608.3602528089887,609.0,202.8
2017,242.4,1375.0,1001.1105367138624,2000.0,880.0,6837.0,1261.8
2017,66.6,1000.0,1001.1105367138624,1159.7449092741936,800.0,646.0,372.2
2017,133.5,2500.0,1001.1105367138624,685.7,750.0,1201.0,585.8
2017,166.1,3900.0,2600.0,707.1,666.7,1954.0,758.7
2017,67.6,900.0,1001.1105367138624,333.3,500.0,263.0,289.3
2017,575.2,390.0,1240.0,904.2,412.5,6487.0,2763.3
2017,323.633075622131,300.0,400.0,3000.0,608.3602528089887,631.0,1190.0
2017,101.3,3300.0,1001.1105367138624,612.5,2300.0,2672.0,599.8
2017,323.633075622131,800.0,233.3,150.0,608.3602528089887,382.0,798.0
2017,36.6,912.8684819097351,1001.1105367138624,1900.0,608.3602528089887,581.0,210.3
2017,498.4,376.5,1000.0,1222.2,200.0,5734.0,2791.2
2017,60.6,600.0,1001.1105367138624,900.0,608.3602528089887,465.0,308.8
2017,119.8,375.0,1700.0,700.0,608.3602528089887,814.0,534.8
2017,128.3,912.8684819097351,500.0,520.0,900.0,365.0,747.8
2017,323.633075622131,117.4,514.3,200.0,212.5,2768.0,4334.0
2017,44.4,912.8684819097351,1001.1105367138624,800.0,608.3602528089887,769.0,315.1
2017,93.2,100.0,1100.0,650.0,222.2,2573.0,486.4
2017,46.0,912.8684819097351,1001.1105367138624,1400.0,608.3602528089887,370.0,319.8
2017,65.7,912.8684819097351,1001.1105367138624,725.0,1400.0,650.0,328.1
2017,182.8,1150.0,800.0,1350.0,1400.0,1508.0,1026.9
2017,62.8,912.8684819097351,1001.1105367138624,253.3,608.3602528089887,612.0,397.6
2017,323.633075622131,250.0,1001.1105367138624,250.0,900.0,304.0,559.0
2017,323.633075622131,100.0,50.0,22.2,608.3602528089887,200.0,340.0
2017,894.0,557.1,2166.7,1495.0,566.7,17312.0,5672.7
2017,75.5,912.8684819097351,1001.1105367138624,1000.0,200.0,211.0,479.8
2017,323.633075622131,650.0,700.0,375.0,608.3602528089887,159.0,472.0
2017,330.3,492.9,1575.0,1933.3,1100.0,5844.0,1688.7
2017,176.7,1133.3,3100.0,1666.7,608.3602528089887,1997.0,1008.5
2017,524.4,650.0,3150.0,1137.5,657.1,8122.0,3641.3
2017,26.8,912.8684819097351,1001.1105367138624,566.7,608.3602528089887,139.0,157.1
2017,181.7,912.8684819097351,1200.0,4200.0,766.7,1559.0,930.9
2017,1187.4,393.5,827.8,1693.3,223.3,8429.0,5983.3
2017,47.7,912.8684819097351,1001.1105367138624,500.0,300.0,395.0,234.0
2017,155.5,912.8684819097351,1001.1105367138624,1133.3,608.3602528089887,915.0,758.8
2017,112.8,1050.0,750.0,1100.0,1400.0,1056.0,537.1
2017,306.7,720.0,1001.1105367138624,2583.3,483.3,2389.0,1585.3
2017,980.4,403.7,823.5,1623.1,234.8,10184.0,5000.3
2017,68.5,912.8684819097351,1001.1105367138624,2500.0,608.3602528089887,1217.0,355.6
2017,210.8,428.6,1750.0,772.7,140.0,2821.0,1101.0
2017,156.3,1100.0,1001.1105367138624,640.0,200.0,3815.0,817.1
2017,45.9,912.8684819097351,1001.1105367138624,2600.0,200.0,826.0,247.4
2017,96.8,2300.0,1001.1105367138624,1800.0,1700.0,832.0,510.7
2017,33.7,400.0,1001.1105367138624,225.0,608.3602528089887,358.0,186.7
2017,105.8,912.8684819097351,1001.1105367138624,760.0,1500.0,667.0,581.4
2017,39.4,650.0,1001.1105367138624,1450.0,400.0,781.0,245.7
2017,56.8,912.8684819097351,700.0,600.0,608.3602528089887,479.0,264.4
2017,125.6,912.8684819097351,2500.0,5400.0,608.3602528089887,941.0,703.5
2017,323.633075622131,400.0,250.0,300.0,608.3602528089887,287.0,481.0
2017,323.633075622131,433.3,66.7,300.0,608.3602528089887,252.0,479.0
2017,78.3,912.8684819097351,1001.1105367138624,150.0,608.3602528089887,211.0,471.4
2017,107.2,912.8684819097351,450.0,333.3,1100.0,698.0,599.0
2017,134.2,600.0,2900.0,2400.0,162.5,2325.0,661.3
2017,63.6,500.0,1001.1105367138624,350.0,608.3602528089887,436.0,332.8
2017,120.1,912.8684819097351,1001.1105367138624,3033.3,608.3602528089887,2464.0,645.6
2017,73.7,1100.0,1001.1105367138624,1400.0,608.3602528089887,359.0,385.8
2017,213.8,966.7,1150.0,1488.9,400.0,3734.0,1010.0
2017,462.0,450.0,922.2,1991.7,476.9,8721.0,2588.8
2017,54.2,912.8684819097351,1001.1105367138624,700.0,608.3602528089887,851.0,243.0
2017,289.8,833.3,1700.0,686.7,660.0,7288.0,1914.1
2017,62.6,912.8684819097351,1001.1105367138624,2300.0,608.3602528089887,1263.0,406.5
2017,101.4,3400.0,1001.1105367138624,1600.0,608.3602528089887,2403.0,493.0
2017,99.6,900.0,1001.1105367138624,1159.7449092741936,608.3602528089887,3775.0,537.3
2017,77.8,1200.0,1500.0,1800.0,1500.0,1332.0,460.6
2017,991.3,446.7,1155.6,1783.3,506.7,7687.0,5946.9
2017,128.9,912.8684819097351,700.0,1200.0,608.3602528089887,622.0,697.8
2017,323.633075622131,1200.0,250.0,200.0,608.3602528089887,415.0,767.0
2017,49.8,1300.0,1001.1105367138624,642.9,800.0,986.0,292.8
2017,52.7,912.8684819097351,1001.1105367138624,1159.7449092741936,608.3602528089887,306.0,225.8
2017,82.0,1000.0,1001.1105367138624,700.0,700.0,298.0,375.7
2017,137.3,912.8684819097351,1001.1105367138624,733.3,608.3602528089887,633.0,806.1
2017,47.9,912.8684819097351,1001.1105367138624,650.0,608.3602528089887,331.0,366.3
2017,828.1,338.1,808.3,886.7,234.5,13753.0,4060.8
2017,323.633075622131,420.0,550.0,340.0,250.0,502.0,908.0
2017,49.1,912.8684819097351,1001.1105367138624,2200.0,608.3602528089887,235.0,203.2
2017,38.1,1000.0,400.0,633.3,700.0,1588.0,222.8
2017,57.8,912.8684819097351,350.0,1200.0,700.0,412.0,260.2
2017,56.8,912.8684819097351,1001.1105367138624,1159.7449092741936,608.3602528089887,223.0,235.2
2017,49.5,912.8684819097351,1001.1105367138624,1159.7449092741936,200.0,683.0,264.2
2017,103.6,912.8684819097351,1900.0,3400.0,608.3602528089887,820.0,651.8
2017,648.8,1880.0,850.0,2422.2,1833.3,4341.0,2946.5
2017,151.4,1800.0,400.0,1140.0,500.0,1768.0,751.7
2017,12.3,912.8684819097351,700.0,300.0,608.3602528089887,467.0,70.6
2017,311.8,3250.0,2700.0,2350.0,980.0,3882.0,1566.8
2017,65.4,1100.0,1001.1105367138624,875.0,600.0,976.0,310.9
2017,19.0,250.0,1001.1105367138624,1159.7449092741936,608.3602528089887,197.0,78.9
2017,39.0,300.0,200.0,1159.7449092741936,608.3602528089887,718.0,162.1
2017,544.3,433.3,3200.0,2444.4,471.4,11123.0,3157.5
2017,33.4,912.8684819097351,1001.1105367138624,300.0,608.3602528089887,186.0,166.5
2017,63.0,912.8684819097351,1001.1105367138624,1159.7449092741936,608.3602528089887,275.0,370.7
2017,907.2,2028.6,2128.6,3230.8,925.0,11200.0,4158.5
2017,147.6,137.5,1001.1105367138624,405.9,400.0,3016.0,921.8
2017,63.7,912.8684819097351,1800.0,600.0,608.3602528089887,583.0,378.1
2017,256.8,2000.0,1125.0,2366.7,500.0,7133.0,1280.8
2017,488.9,1214.3,957.1,1108.3,418.2,6885.0,2102.6
2017,261.1,912.8684819097351,816.7,2014.3,866.7,3199.0,1301.0
2017,54.8,1100.0,1001.1105367138624,580.0,608.3602528089887,1504.0,308.6
2018,27.4,912.8684819097351,1001.1105367138624,275.0,608.3602528089887,425.0,162.0
2018,28.6,500.0,1001.1105367138624,500.0,608.3602528089887,279.0,164.6
2018,117.3,912.8684819097351,2900.0,1159.7449092741936,2000.0,3996.0,576.8
2018,465.0,640.0,666.7,1462.5,227.3,8779.0,1855.8
2018,56.0,1600.0,1800.0,2350.0,608.3602528089887,2123.0,275.3
2018,215.3,912.8684819097351,1183.3,2616.7,600.0,6694.0,1166.9
2018,89.3,1700.0,900.0,914.3,300.0,2029.0,523.8
2018,6.2,912.8684819097351,1001.1105367138624,1159.7449092741936,50.0,122.0,41.7
2018,42.7,912.8684819097351,1001.1105367138624,3300.0,608.3602528089887,932.0,235.2
2018,50.8,912.8684819097351,800.0,700.0,608.3602528089887,191.0,263.1
2018,115.2,912.8684819097351,1100.0,1900.0,1100.0,690.0,589.8
2018,29.2,912.8684819097351,1001.1105367138624,300.0,608.3602528089887,411.0,134.8
2018,78.7,700.0,1001.1105367138624,850.0,608.3602528089887,1125.0,318.1
2018,1133.6,459.3,1955.6,2438.2,287.5,8865.0,6150.3
2018,27.4,912.8684819097351,1001.1105367138624,475.0,608.3602528089887,336.0,156.4
2018,115.5,866.7,1450.0,837.5,1900.0,1702.0,580.8
2018,30.3,700.0,1001.1105367138624,1500.0,800.0,332.0,209.2
2018,25.1,912.8684819097351,900.0,1159.7449092741936,608.3602528089887,707.0,167.7
2018,26.9,912.8684819097351,1001.1105367138624,200.0,608.3602528089887,154.0,135.8
2018,30.3,800.0,1001.1105367138624,1159.7449092741936,608.3602528089887,658.0,150.3
2018,12.1,912.8684819097351,1001.1105367138624,1159.7449092741936,608.3602528089887,104.0,61.1
2018,1011.4,300.0,648.0,1575.0,251.5,17547.0,4844.2
2018,117.6,2200.0,1001.1105367138624,1159.7449092741936,608.3602528089887,1817.0,570.1
2018,104.1,1900.0,1000.0,1287.5,500.0,2994.0,555.4
2018,323.633075622131,293.3,420.0,500.0,920.0,3208.0,5985.0
2018,54.9,1500.0,1900.0,1159.7449092741936,608.3602528089887,1200.0,299.0
2018,77.9,1600.0,1001.1105367138624,1260.0,333.3,1885.0,492.2
2018,63.5,912.8684819097351,1001.1105367138624,1850.0,608.3602528089887,900.0,394.6
2018,48.4,912.8684819097351,600.0,900.0,608.3602528089887,414.0,270.6
2018,65.8,1400.0,2100.0,1750.0,608.3602528089887,2486.0,459.4
2018,29.8,912.8684819097351,1001.1105367138624,900.0,608.3602528089887,542.0,165.0
2018,21.0,912.8684819097351,1001.1105367138624,150.0,608.3602528089887,165.0,88.6
2018,39.2,1000.0,1001.1105367138624,1159.7449092741936,1100.0,1703.0,280.7
2018,481.3,1166.7,3866.7,3023.1,630.0,14707.0,2361.8
2018,23.8,912.8684819097351,500.0,133.3,608.3602528089887,402.0,133.8
2018,83.8,912.8684819097351,1500.0,1533.3,550.0,4937.0,429.1
2018,182.8,2200.0,2400.0,800.0,500.0,1144.0,1109.3
2018,459.7,1871.4,1462.5,1317.4,2380.0,15689.0,2396.8
2018,20.2,912.8684819097351,1001.1105367138624,200.0,608.3602528089887,121.0,127.3
2018,580.5,590.9,600.0,1677.3,162.5,3898.0,3216.6
2018,43.8,912.8684819097351,900.0,2700.0,700.0,2754.0,263.3
2018,290.5,1320.0,1175.0,1133.3,600.0,3686.0,1212.1
2018,50.4,912.8684819097351,1001.1105367138624,1900.0,800.0,480.0,270.1
2018,46.2,1100.0,1001.1105367138624,975.0,608.3602528089887,1036.0,259.8
2018,44.8,912.8684819097351,1001.1105367138624,1300.0,700.0,492.0,214.8
2018,20.5,912.8684819097351,1001.1105367138624,250.0,133.3,360.0,161.8
2018,153.3,912.8684819097351,1001.1105367138624,775.0,608.3602528089887,1178.0,789.8
2018,52.3,900.0,1001.1105367138624,700.0,700.0,1003.0,306.7
2018,236.4,491.7,490.0,1550.0,511.1,5125.0,1205.7
2018,323.633075622131,912.8684819097351,600.0,50.0,50.0,206.0,446.0
2018,323.633075622131,700.0,175.0,385.7,608.3602528089887,1177.0,1810.0
2018,75.4,912.8684819097351,1001.1105367138624,4400.0,650.0,947.0,380.3
2018,79.3,912.8684819097351,1001.1105367138624,314.3,350.0,1262.0,343.9
2018,61.7,912.8684819097351,1001.1105367138624,700.0,608.3602528089887,259.0,258.4
2018,31.8,912.8684819097351,1001.1105367138624,4300.0,608.3602528089887,914.0,237.0
2018,87.0,1150.0,3100.0,1257.1,900.0,1476.0,514.2
2018,969.4,172.6,376.6,991.3,179.7,18029.0,6622.1
2018,14.9,912.8684819097351,1001.1105367138624,1159.7449092741936,608.3602528089887,148.0,106.1
2018,119.3,550.0,466.7,725.0,608.3602528089887,1209.0,827.3
2018,19.3,912.8684819097351,1001.1105367138624,900.0,608.3602528089887,203.0,78.8
2018,126.4,912.8684819097351,1001.1105367138624,3600.0,1700.0,995.0,716.5
2018,26.3,500.0,1001.1105367138624,1159.7449092741936,500.0,497.0,154.3
2018,44.3,912.8684819097351,1001.1105367138624,650.0,608.3602528089887,2164.0,206.3
2018,51.7,912.8684819097351,1001.1105367138624,766.7,608.3602528089887,451.0,219.6
2018,112.7,3200.0,1700.0,2800.0,608.3602528089887,1099.0,876.7
2018,38.0,900.0,1001.1105367138624,1159.7449092741936,608.3602528089887,876.0,187.3
2018,286.7,3200.0,3050.0,4050.0,820.0,2950.0,1673.1
2018,141.3,1250.0,1001.1105367138624,190.0,608.3602528089887,1727.0,1020.1
2018,966.8,1038.9,1727.3,1095.6,290.0,14928.0,4281.3
2018,69.3,912.8684819097351,1001.1105367138624,1159.7449092741936,608.3602528089887,1025.0,352.5
2018,25.9,1300.0,1001.1105367138624,750.0,608.3602528089887,506.0,140.8
2018,114.0,700.0,1600.0,2400.0,1200.0,1485.0,668.7
2018,302.5,912.8684819097351,3150.0,1960.0,1250.0,4334.0,1798.0
2018,23.8,912.8684819097351,1001.1105367138624,250.0,608.3602528089887,144.0,124.5
2018,41.3,912.8684819097351,1001.1105367138624,1159.7449092741936,608.3602528089887,211.0,175.3
2018,323.633075622131,1125.0,633.3,1440.0,560.0,1634.0,2532.0
2018,308.9,912.8684819097351,3100.0,1000.0,1600.0,1557.0,1382.8
2018,109.0,3200.0,1001.1105367138624,3033.3,440.0,1559.0,458.0
2018,281.1,2600.0,1001.1105367138624,3440.0,1550.0,2197.0,1794.1
2018,88.8,912.8684819097351,1001.1105367138624,2650.0,1000.0,1254.0,392.0
2018,392.9,1320.0,837.5,940.0,571.4,4643.0,2162.7
2018,305.8,542.9,3850.0,1647.1,194.1,8522.0,1295.2
2018,324.1,484.6,1180.0,572.7,323.1,9635.0,1836.9
2018,56.3,1500.0,1001.1105367138624,1100.0,608.3602528089887,831.0,231.2
2018,22.6,912.8684819097351,1001.1105367138624,1159.7449092741936,400.0,870.0,147.9
2018,52.5,912.8684819097351,1001.1105367138624,300.0,400.0,258.0,208.3
2018,29.3,912.8684819097351,1001.1105367138624,450.0,300.0,293.0,175.4
2018,31.1,912.8684819097351,1001.1105367138624,500.0,608.3602528089887,281.0,155.8
2018,41.8,912.8684819097351,166.7,1159.7449092741936,608.3602528089887,176.0,195.4
2018,21.6,912.8684819097351,1001.1105367138624,125.0,608.3602528089887,228.0,130.3
2018,24.2,912.8684819097351,1001.1105367138624,350.0,608.3602528089887,94.0,107.8
2018,22.9,1000.0,1001.1105367138624,1159.7449092741936,400.0,363.0,117.7
2018,1304.3,504.5,1558.3,1556.7,348.4,9808.0,7919.4
2018,78.3,912.8684819097351,1001.1105367138624,1159.7449092741936,1500.0,672.0,462.6
2018,75.1,650.0,850.0,1159.7449092741936,608.3602528089887,909.0,357.7
2018,21.4,912.8684819097351,1001.1105367138624,1159.7449092741936,608.3602528089887,185.0,138.8
2018,323.633075622131,460.0,1100.0,900.0,550.0,1296.0,2542.0
2018,72.3,912.8684819097351,1001.1105367138624,300.0,1000.0,512.0,400.8
2018,184.8,357.1,560.0,622.2,375.0,3614.0,837.3
2018,323.633075622131,466.7,2200.0,616.7,500.0,1257.0,1871.0
2018,188.3,207.7,433.3,1310.0,127.3,3925.0,981.9
2018,411.8,775.0,1150.0,1035.0,540.0,12101.0,1891.7
2018,128.0,1200.0,3900.0,709.1,608.3602528089887,2068.0,636.0
2018,251.7,1125.0,1000.0,626.7,2150.0,5352.0,1600.4
2018,86.9,912.8684819097351,1001.1105367138624,1159.7449092741936,608.3602528089887,1273.0,524.3
2018,132.8,3300.0,1300.0,477.8,608.3602528089887,833.0,602.9
2018,323.633075622131,700.0,1001.1105367138624,1260.0,566.7,1425.0,2451.0
2018,323.633075622131,1000.0,366.7,900.0,800.0,612.0,1108.0
2018,230.7,509.1,1120.0,566.7,490.0,10485.0,1593.3
2018,95.0,912.8684819097351,1001.1105367138624,2000.0,608.3602528089887,3409.0,657.8
2018,17.8,912.8684819097351,1001.1105367138624,175.0,608.3602528089887,202.0,101.4
2018,10.4,912.8684819097351,1001.1105367138624,300.0,608.3602528089887,131.0,81.8
2018,30.4,912.8684819097351,1001.1105367138624,400.0,608.3602528089887,485.0,157.5
2018,69.2,912.8684819097351,1001.1105367138624,1159.7449092741936,340.0,2712.0,382.3
2018,19.9,912.8684819097351,1001.1105367138624,1100.0,608.3602528089887,358.0,130.0
2018,52.1,912.8684819097351,1001.1105367138624,700.0,608.3602528089887,166.0,299.0
2018,58.1,912.8684819097351,1001.1105367138624,1159.7449092741936,1100.0,868.0,335.7
2018,54.6,2100.0,1001.1105367138624,5000.0,1100.0,487.0,314.3
2018,34.0,912.8684819097351,1001.1105367138624,1159.7449092741936,608.3602528089887,453.0,189.7
2018,231.3,912.8684819097351,1001.1105367138624,2433.3,608.3602528089887,1449.0,1051.8
2018,57.2,912.8684819097351,1300.0,2400.0,608.3602528089887,506.0,350.3
2018,115.0,912.8684819097351,900.0,537.5,1400.0,708.0,634.5
2018,548.8,571.4,3300.0,1592.9,322.2,2223.0,2926.5
2018,24.9,700.0,1001.1105367138624,1159.7449092741936,608.3602528089887,298.0,182.5
2018,50.7,912.8684819097351,1100.0,1159.7449092741936,608.3602528089887,356.0,338.1
2018,61.3,912.8684819097351,250.0,75.0,608.3602528089887,252.0,214.2
2018,43.8,912.8684819097351,200.0,540.0,608.3602528089887,510.0,308.3
2018,72.1,912.8684819097351,1800.0,1433.3,650.0,1560.0,325.1
2018,154.8,912.8684819097351,1001.1105367138624,1159.7449092741936,800.0,1424.0,831.0
2018,434.6,455.6,680.0,1688.9,244.4,4120.0,2151.2
2018,42.6,1900.0,950.0,1666.7,1800.0,1292.0,337.1
2018,18.5,700.0,1001.1105367138624,300.0,608.3602528089887,299.0,109.8
2018,27.3,912.8684819097351,1001.1105367138624,1159.7449092741936,900.0,1289.0,150.4
2018,197.7,2700.0,360.0,444.4,608.3602528089887,993.0,981.3
2018,43.5,200.0,1001.1105367138624,150.0,608.3602528089887,115.0,188.8
2018,37.1,800.0,1001.1105367138624,1159.7449092741936,800.0,652.0,189.2
2018,57.8,912.8684819097351,1001.1105367138624,733.3,608.3602528089887,234.0,344.4
2018,34.8,912.8684819097351,1001.1105367138624,1300.0,608.3602528089887,407.0,247.8
2018,15.3,912.8684819097351,1001.1105367138624,1159.7449092741936,608.3602528089887,243.0,73.1
2018,66.6,1400.0,650.0,625.0,1100.0,1127.0,361.5
2018,73.3,912.8684819097351,2100.0,5500.0,600.0,1624.0,429.2
2018,36.3,912.8684819097351,1001.1105367138624,900.0,608.3602528089887,249.0,198.8
2018,323.633075622131,100.0,600.0,100.0,608.3602528089887,224.0,386.0
2018,157.8,520.0,2400.0,1475.0,383.3,3756.0,767.8
2018,753.3,478.9,1511.1,2104.0,248.3,8307.0,3701.4
2018,15.5,912.8684819097351,1001.1105367138624,266.7,300.0,373.0,103.8
2018,197.1,1025.0,1040.0,3100.0,211.1,3077.0,950.3
2018,51.0,912.8684819097351,1001.1105367138624,1266.7,608.3602528089887,1888.0,287.3
2018,108.3,912.8684819097351,1001.1105367138624,2000.0,608.3602528089887,2953.0,490.8
2018,117.4,912.8684819097351,1001.1105367138624,3400.0,666.7,2021.0,628.7
2018,19.6,800.0,1001.1105367138624,400.0,600.0,387.0,153.0
2018,133.9,2950.0,2200.0,1033.3,1500.0,6081.0,686.3
2018,341.4,1180.0,3450.0,1860.0,557.1,7560.0,1977.9
2018,268.3,725.0,1340.0,800.0,363.6,14689.0,1550.4
2018,12.5,912.8684819097351,400.0,166.7,100.0,184.0,105.2
2018,618.8,672.7,1030.0,1675.0,711.1,10322.0,3809.2
2018,25.2,600.0,1001.1105367138624,1159.7449092741936,608.3602528089887,482.0,162.2
2018,309.1,475.0,711.1,681.0,372.7,7987.0,2161.7
2018,15.5,912.8684819097351,1001.1105367138624,800.0,608.3602528089887,236.0,117.1
2018,51.6,912.8684819097351,1001.1105367138624,2600.0,608.3602528089887,1090.0,283.3
2018,470.5,912.8684819097351,1740.0,1106.7,1440.0,7115.0,2835.3
2018,33.3,912.8684819097351,1001.1105367138624,3400.0,608.3602528089887,569.0,288.4
2018,25.2,912.8684819097351,1001.1105367138624,375.0,608.3602528089887,186.0,170.5
2018,16.0,912.8684819097351,600.0,1159.7449092741936,608.3602528089887,141.0,99.3
2018,14.5,912.8684819097351,1001.1105367138624,750.0,608.3602528089887,765.0,101.2
2018,206.9,912.8684819097351,1150.0,1033.3,1300.0,982.0,1086.0
2018,35.5,912.8684819097351,1001.1105367138624,1550.0,608.3602528089887,574.0,164.3
2018,234.2,2950.0,1001.1105367138624,1862.5,960.0,6803.0,1140.1
2018,45.2,912.8684819097351,1001.1105367138624,2900.0,608.3602528089887,656.0,264.1
2018,93.8,2600.0,1001.1105367138624,916.7,800.0,1136.0,425.7
2018,143.6,2250.0,1001.1105367138624,668.8,608.3602528089887,2060.0,665.3
2018,39.6,912.8684819097351,150.0,1159.7449092741936,500.0,286.0,203.8
2018,505.6,390.9,1033.3,1068.2,410.0,7134.0,2471.0
2018,83.9,912.8684819097351,1001.1105367138624,1250.0,608.3602528089887,2765.0,492.7
2018,323.633075622131,500.0,150.0,180.0,608.3602528089887,390.0,800.0
2018,29.2,912.8684819097351,1001.1105367138624,1159.7449092741936,608.3602528089887,604.0,201.6
2018,156.6,2300.0,3100.0,4150.0,2000.0,1586.0,885.6
2018,386.3,788.9,1960.0,1411.1,366.7,6071.0,2177.2
2018,37.3,912.8684819097351,1001.1105367138624,2000.0,608.3602528089887,519.0,224.9
2018,90.5,850.0,1001.1105367138624,3300.0,608.3602528089887,855.0,425.6
2018,130.2,2900.0,1001.1105367138624,550.0,608.3602528089887,376.0,699.9
2018,323.633075622131,420.0,620.0,418.2,266.7,2902.0,4549.0
2018,30.3,600.0,1001.1105367138624,850.0,608.3602528089887,693.0,284.0
2018,72.6,320.0,1001.1105367138624,2466.7,300.0,2524.0,374.9
2018,40.3,912.8684819097351,700.0,1300.0,608.3602528089887,426.0,291.4
2018,63.9,912.8684819097351,1001.1105367138624,725.0,750.0,631.0,297.5
2018,154.3,633.3,566.7,942.9,700.0,1545.0,916.9
2018,44.6,912.8684819097351,1700.0,390.0,608.3602528089887,658.0,299.0
2018,323.633075622131,842.9,1001.1105367138624,1028.6,400.0,3252.0,5420.0
2018,323.633075622131,350.0,800.0,1159.7449092741936,500.0,338.0,599.0
2018,323.633075622131,28.6,16.7,60.0,608.3602528089887,201.0,343.0
2018,756.8,641.7,2028.6,1635.0,547.4,17299.0,4685.8
2018,67.1,912.8684819097351,1001.1105367138624,600.0,200.0,210.0,441.3
2018,323.633075622131,650.0,700.0,750.0,608.3602528089887,186.0,493.0
2018,280.0,493.3,3100.0,2144.4,644.4,5971.0,1381.1
2018,122.2,900.0,1001.1105367138624,1485.7,1450.0,2049.0,727.0
2018,365.8,1125.0,1525.0,1050.0,916.7,8019.0,2920.3
2018,19.3,912.8684819097351,1001.1105367138624,1159.7449092741936,608.3602528089887,131.0,129.1
2018,145.4,912.8684819097351,1001.1105367138624,1159.7449092741936,800.0,1510.0,773.3
2018,939.8,534.8,1811.1,1862.1,276.9,9128.0,4895.2
2018,47.9,912.8684819097351,1001.1105367138624,1159.7449092741936,300.0,411.0,228.9
2018,141.7,912.8684819097351,2100.0,800.0,608.3602528089887,902.0,698.7
2018,75.3,912.8684819097351,1001.1105367138624,2350.0,650.0,1241.0,409.8
2018,235.9,1333.3,3200.0,4050.0,550.0,2410.0,1282.9
2018,760.2,672.2,1291.7,5700.0,335.0,10578.0,4030.6
2018,37.4,912.8684819097351,1001.1105367138624,3300.0,608.3602528089887,1278.0,231.3
2018,194.8,516.7,1366.7,1187.5,200.0,3030.0,950.4
2018,120.0,600.0,1400.0,2800.0,433.3,4326.0,592.2
2018,34.4,912.8684819097351,1001.1105367138624,1400.0,400.0,817.0,204.5
2018,71.7,912.8684819097351,1900.0,1500.0,1800.0,812.0,428.3
2018,31.7,912.8684819097351,1001.1105367138624,225.0,608.3602528089887,315.0,149.1
2018,87.5,912.8684819097351,1001.1105367138624,4600.0,608.3602528089887,686.0,485.3
2018,38.3,912.8684819097351,1001.1105367138624,1159.7449092741936,450.0,885.0,183.7
2018,123.0,912.8684819097351,1001.1105367138624,1466.7,608.3602528089887,5317.0,678.9
2018,45.9,912.8684819097351,700.0,1600.0,608.3602528089887,532.0,206.6
2018,108.0,912.8684819097351,2600.0,2750.0,608.3602528089887,918.0,641.3
2018,323.633075622131,400.0,250.0,300.0,608.3602528089887,299.0,484.0
2018,75.8,912.8684819097351,1001.1105367138624,166.7,608.3602528089887,255.0,410.4
2018,88.6,912.8684819097351,1001.1105367138624,650.0,333.3,653.0,524.3
2018,103.3,900.0,1350.0,4050.0,185.7,2446.0,539.3
2018,49.9,912.8684819097351,1001.1105367138624,1800.0,608.3602528089887,433.0,278.3
2018,185.3,2033.3,2250.0,3825.0,1100.0,2700.0,962.4
2018,101.8,2800.0,1001.1105367138624,3500.0,608.3602528089887,2829.0,547.6
2018,62.8,912.8684819097351,1001.1105367138624,3100.0,608.3602528089887,471.0,357.1
2018,143.2,2000.0,1566.7,2880.0,320.0,3676.0,735.1
2018,337.2,542.9,966.7,1740.0,722.2,9135.0,2062.5
2018,34.9,912.8684819097351,1001.1105367138624,1159.7449092741936,608.3602528089887,757.0,184.4
2018,195.0,2500.0,1800.0,1230.0,457.1,7438.0,1437.1
2018,55.3,912.8684819097351,1600.0,2900.0,608.3602528089887,1261.0,368.3
2018,96.0,912.8684819097351,2000.0,1460.0,608.3602528089887,2660.0,439.3
2018,61.1,750.0,1001.1105367138624,3500.0,608.3602528089887,1424.0,389.2
2018,781.1,957.1,1628.6,1994.1,607.1,7850.0,4803.0
2018,112.3,912.8684819097351,1001.1105367138624,2800.0,1400.0,688.0,594.3
2018,45.6,912.8684819097351,1300.0,866.7,608.3602528089887,1024.0,230.8
2018,33.8,912.8684819097351,1001.1105367138624,700.0,500.0,339.0,173.8
2018,375.8,1942.9,3250.0,1910.0,937.5,10612.0,2033.6
2018,61.8,912.8684819097351,1001.1105367138624,900.0,800.0,310.0,306.8
2018,102.4,912.8684819097351,1001.1105367138624,2500.0,608.3602528089887,627.0,630.5
2018,54.7,912.8684819097351,700.0,550.0,608.3602528089887,339.0,343.4
2018,655.7,500.0,1018.2,1200.0,521.4,14217.0,3533.1
2018,323.633075622131,950.0,500.0,233.3,400.0,592.0,1023.0
2018,36.2,912.8684819097351,1001.1105367138624,1200.0,608.3602528089887,229.0,157.5
2018,30.9,912.8684819097351,1001.1105367138624,550.0,608.3602528089887,1746.0,207.8
2018,41.0,912.8684819097351,1001.1105367138624,2600.0,608.3602528089887,451.0,208.2
2018,50.6,912.8684819097351,1001.1105367138624,1400.0,608.3602528089887,231.0,210.8
2018,30.8,912.8684819097351,1001.1105367138624,2600.0,500.0,680.0,207.8
2018,74.0,912.8684819097351,1001.1105367138624,3300.0,608.3602528089887,935.0,519.3
2018,123.6,1300.0,1400.0,478.6,333.3,1845.0,598.2
2018,10.3,912.8684819097351,1001.1105367138624,1159.7449092741936,608.3602528089887,481.0,68.1
2018,261.5,1725.0,1733.3,1159.7449092741936,1866.7,4063.0,1303.1
2018,54.6,912.8684819097351,1001.1105367138624,720.0,700.0,947.0,265.0
2018,10.4,912.8684819097351,1001.1105367138624,350.0,608.3602528089887,180.0,53.7
2018,32.3,250.0,200.0,800.0,608.3602528089887,748.0,144.3
2018,425.7,733.3,1600.0,3075.0,486.7,11471.0,2554.4
2018,23.5,912.8684819097351,1001.1105367138624,1159.7449092741936,608.3602528089887,193.0,143.2
2018,53.5,912.8684819097351,1001.1105367138624,466.7,608.3602528089887,285.0,329.4
2018,121.0,175.0,1200.0,452.9,280.0,2987.0,828.4
2018,62.0,912.8684819097351,1001.1105367138624,300.0,608.3602528089887,633.0,322.6
2018,230.5,912.8684819097351,1160.0,2100.0,1033.3,3291.0,1180.9
2018,37.6,650.0,1100.0,1400.0,608.3602528089887,1451.0,226.2
2019,24.1,912.8684819097351,1001.1105367138624,1159.7449092741936,608.3602528089887,429.0,133.1
2019,24.8,912.8684819097351,1001.1105367138624,900.0,608.3602528089887,300.0,156.8
2019,90.8,912.8684819097351,1001.1105367138624,1159.7449092741936,475.0,4072.0,485.9
2019,42.0,900.0,1001.1105367138624,5500.0,608.3602528089887,1975.0,201.5
2019,78.8,2100.0,400.0,2433.3,280.0,2189.0,415.3
2019,4.4,912.8684819097351,1001.1105367138624,200.0,100.0,124.0,35.5
2019,30.9,912.8684819097351,1001.1105367138624,3200.0,700.0,991.0,190.7
2019,186.9,2150.0,2400.0,1787.5,1500.0,5721.0,965.7
2019,44.5,912.8684819097351,400.0,600.0,608.3602528089887,174.0,215.7
2019,94.5,912.8684819097351,1000.0,1150.0,608.3602528089887,684.0,513.8
2019,25.7,912.8684819097351,1001.1105367138624,1159.7449092741936,608.3602528089887,475.0,137.5
2019,57.0,912.8684819097351,800.0,1900.0,900.0,1110.0,252.7
2019,925.3,524.0,1453.8,2205.3,277.1,9214.0,5217.3
2019,29.5,912.8684819097351,1200.0,2200.0,608.3602528089887,357.0,126.2
2019,95.7,1650.0,1350.0,2600.0,950.0,1738.0,490.8
2019,27.3,912.8684819097351,1001.1105367138624,1159.7449092741936,800.0,330.0,174.1
2019,24.3,912.8684819097351,1001.1105367138624,1159.7449092741936,608.3602528089887,498.0,135.2
2019,30.3,912.8684819097351,500.0,200.0,608.3602528089887,151.0,132.2
2019,27.8,912.8684819097351,1001.1105367138624,650.0,608.3602528089887,647.0,130.4
2019,12.0,912.8684819097351,1001.1105367138624,100.0,608.3602528089887,115.0,61.7
2019,887.8,289.5,593.1,2013.3,278.1,18046.0,4017.3
2019,92.2,912.8684819097351,2300.0,3300.0,608.3602528089887,1871.0,515.4
2019,89.8,1266.7,1700.0,1337.5,400.0,3059.0,482.6
2019,323.633075622131,384.6,307.1,1333.3,2200.0,3236.0,6092.0
2019,35.5,912.8684819097351,1001.1105367138624,1533.3,1100.0,1193.0,241.6
2019,69.2,912.8684819097351,1600.0,1700.0,333.3,1852.0,468.3
2019,52.3,912.8684819097351,1001.1105367138624,2000.0,608.3602528089887,852.0,339.3
2019,44.4,912.8684819097351,200.0,1159.7449092741936,608.3602528089887,446.0,241.6
2019,73.6,912.8684819097351,1001.1105367138624,1625.0,1050.0,2562.0,474.3
2019,24.9,912.8684819097351,1001.1105367138624,950.0,608.3602528089887,550.0,119.3
2019,15.5,912.8684819097351,1001.1105367138624,700.0,608.3602528089887,194.0,68.8
2019,45.5,550.0,1001.1105367138624,1159.7449092741936,1300.0,1905.0,252.3
2019,18.3,912.8684819097351,600.0,600.0,608.3602528089887,411.0,106.8
2019,69.4,912.8684819097351,1001.1105367138624,1800.0,608.3602528089887,4881.0,398.7
2019,157.3,912.8684819097351,2700.0,287.5,608.3602528089887,1384.0,996.5
2019,11.5,912.8684819097351,1001.1105367138624,1159.7449092741936,608.3602528089887,117.0,92.2
2019,518.3,618.2,468.8,1626.1,209.5,3903.0,2878.9
2019,33.3,912.8684819097351,1800.0,2800.0,1400.0,2624.0,237.9
2019,219.6,912.8684819097351,2550.0,2042.9,850.0,3715.0,1052.5
2019,42.3,912.8684819097351,1001.1105367138624,1159.7449092741936,608.3602528089887,500.0,232.2
2019,37.5,1100.0,1001.1105367138624,2150.0,608.3602528089887,1025.0,231.3
2019,40.3,912.8684819097351,1001.1105367138624,700.0,800.0,453.0,205.3
2019,20.2,912.8684819097351,1001.1105367138624,900.0,608.3602528089887,354.0,121.1
2019,210.8,912.8684819097351,1001.1105367138624,4950.0,1533.3,2970.0,880.3
2019,115.3,912.8684819097351,1700.0,466.7,608.3602528089887,1170.0,722.0
2019,41.4,1100.0,1000.0,1200.0,608.3602528089887,980.0,258.7
2019,188.8,812.5,1275.0,908.0,980.0,5323.0,1082.4
2019,323.633075622131,380.0,300.0,1400.0,700.0,1160.0,1831.0
2019,62.9,912.8684819097351,2500.0,4400.0,466.7,926.0,326.9
2019,85.8,912.8684819097351,1001.1105367138624,1000.0,608.3602528089887,1277.0,385.6
2019,126.9,912.8684819097351,980.0,3725.0,1550.0,3902.0,741.1
2019,42.5,912.8684819097351,1001.1105367138624,800.0,608.3602528089887,234.0,212.2
2019,42.6,912.8684819097351,1001.1105367138624,4600.0,608.3602528089887,900.0,230.4
2019,80.8,2700.0,3500.0,1185.7,433.3,1399.0,434.5
2019,816.7,174.7,393.3,911.8,213.4,18368.0,5659.3
2019,13.6,912.8684819097351,1001.1105367138624,1159.7449092741936,608.3602528089887,148.0,77.1
2019,87.8,912.8684819097351,1001.1105367138624,1000.0,1900.0,1180.0,598.0
2019,15.2,912.8684819097351,1001.1105367138624,1100.0,300.0,201.0,69.5
2019,112.5,912.8684819097351,1001.1105367138624,3700.0,608.3602528089887,1061.0,618.3
2019,31.1,912.8684819097351,1001.1105367138624,1159.7449092741936,200.0,507.0,146.5
2019,36.4,912.8684819097351,1001.1105367138624,1450.0,608.3602528089887,2025.0,167.4
2019,42.2,912.8684819097351,1001.1105367138624,2100.0,608.3602528089887,443.0,196.1
2019,101.1,3000.0,1900.0,725.0,608.3602528089887,1110.0,708.3
2019,35.1,912.8684819097351,1001.1105367138624,3000.0,608.3602528089887,871.0,181.7
2019,113.3,2700.0,1001.1105367138624,194.4,608.3602528089887,2133.0,831.2
2019,845.1,1193.8,1523.1,1578.4,350.0,15368.0,3798.8
2019,62.8,912.8684819097351,800.0,1159.7449092741936,608.3602528089887,1016.0,330.4
2019,27.4,1300.0,1001.1105367138624,1159.7449092741936,608.3602528089887,521.0,130.7
2019,106.3,912.8684819097351,1500.0,1120.0,1400.0,1476.0,583.2
2019,270.7,912.8684819097351,3700.0,3028.6,1250.0,4135.0,1487.5
2019,20.4,912.8684819097351,1001.1105367138624,700.0,608.3602528089887,160.0,99.3
2019,35.9,912.8684819097351,1001.1105367138624,1159.7449092741936,608.3602528089887,225.0,162.3
2019,234.7,912.8684819097351,2900.0,1100.0,2200.0,1737.0,1066.7
2019,109.8,3600.0,3200.0,4600.0,300.0,1679.0,432.3
2019,88.7,2100.0,1001.1105367138624,1475.0,350.0,1304.0,356.4
2019,319.3,1650.0,1216.7,1191.7,2150.0,4496.0,1926.6
2019,304.4,1000.0,2866.7,1415.0,193.3,8925.0,1298.0
2019,61.9,912.8684819097351,1001.1105367138624,1159.7449092741936,608.3602528089887,738.0,232.6
2019,24.2,912.8684819097351,1001.1105367138624,1159.7449092741936,400.0,902.0,135.8
2019,49.4,912.8684819097351,1001.1105367138624,1000.0,400.0,258.0,191.6
2019,29.9,912.8684819097351,600.0,1000.0,608.3602528089887,294.0,178.5
2019,24.1,912.8684819097351,1001.1105367138624,1800.0,608.3602528089887,279.0,157.4
2019,39.9,912.8684819097351,200.0,1159.7449092741936,608.3602528089887,116.0,190.8
2019,19.1,912.8684819097351,1001.1105367138624,200.0,608.3602528089887,196.0,122.1
2019,14.3,912.8684819097351,500.0,600.0,608.3602528089887,95.0,84.2
2019,16.0,912.8684819097351,1001.1105367138624,2800.0,608.3602528089887,354.0,82.0
2019,1115.3,1110.0,2425.0,2182.6,455.6,9724.0,6170.3
2019,66.6,912.8684819097351,1001.1105367138624,1159.7449092741936,1600.0,633.0,408.6
2019,58.8,912.8684819097351,1100.0,933.3,608.3602528089887,1064.0,309.8
2019,15.3,912.8684819097351,1001.1105367138624,800.0,300.0,199.0,120.8
2019,323.633075622131,342.9,2700.0,1850.0,550.0,1399.0,2675.0
2019,50.9,912.8684819097351,1001.1105367138624,566.7,800.0,497.0,335.9
2019,159.3,350.0,1066.7,435.7,633.3,3685.0,769.4
2019,323.633075622131,533.3,2000.0,1750.0,1100.0,1271.0,1901.0
2019,189.8,300.0,1033.3,985.7,155.6,3957.0,972.8
2019,439.9,722.2,730.8,1305.9,883.3,12467.0,1907.4
2019,111.6,912.8684819097351,1850.0,1128.6,608.3602528089887,2098.0,569.8
2019,79.8,912.8684819097351,1001.1105367138624,1159.7449092741936,608.3602528089887,1242.0,473.1
2019,106.4,3800.0,2600.0,587.5,608.3602528089887,814.0,531.3
2019,323.633075622131,1100.0,1001.1105367138624,1580.0,1000.0,1488.0,2480.0
2019,204.3,500.0,1066.7,621.9,376.9,10731.0,1438.9
2019,86.0,912.8684819097351,1001.1105367138624,2833.3,608.3602528089887,3162.0,561.4
2019,7.8,912.8684819097351,1001.1105367138624,233.3,400.0,214.0,73.3
2019,215.6,875.0,1766.7,2125.0,608.3602528089887,6613.0,1077.5
2019,9.0,912.8684819097351,1001.1105367138624,250.0,608.3602528089887,139.0,65.8
2019,26.8,912.8684819097351,1001.1105367138624,500.0,608.3602528089887,486.0,151.8
2019,17.9,912.8684819097351,700.0,1159.7449092741936,608.3602528089887,351.0,111.7
2019,46.3,912.8684819097351,200.0,1159.7449092741936,400.0,187.0,274.4
2019,67.1,912.8684819097351,1001.1105367138624,1159.7449092741936,608.3602528089887,811.0,315.5
2019,49.0,2000.0,1001.1105367138624,5300.0,608.3602528089887,486.0,266.2
2019,30.0,912.8684819097351,1300.0,2800.0,608.3602528089887,441.0,168.3
2019,190.5,912.8684819097351,800.0,740.0,608.3602528089887,1511.0,923.3
2019,46.8,912.8684819097351,550.0,1000.0,608.3602528089887,463.0,303.1
2019,111.6,912.8684819097351,1001.1105367138624,683.3,1100.0,703.0,688.7
2019,484.7,960.0,3200.0,1753.8,377.8,2162.0,2523.7
2019,20.3,600.0,500.0,600.0,608.3602528089887,317.0,158.1
2019,46.9,912.8684819097351,900.0,525.0,608.3602528089887,347.0,292.6
2019,56.4,912.8684819097351,1001.1105367138624,100.0,608.3602528089887,233.0,192.0
2019,35.3,912.8684819097351,1001.1105367138624,2000.0,608.3602528089887,493.0,280.7
2019,52.6,912.8684819097351,2100.0,5600.0,650.0,1549.0,277.8
2019,120.7,912.8684819097351,1001.1105367138624,1159.7449092741936,850.0,1480.0,653.1
2019,391.8,840.0,1100.0,1825.0,400.0,4376.0,1896.9
2019,43.8,912.8684819097351,1001.1105367138624,5200.0,1800.0,1354.0,324.0
2019,13.2,912.8684819097351,1001.1105367138624,600.0,608.3602528089887,308.0,72.0
2019,24.5,912.8684819097351,1001.1105367138624,1159.7449092741936,608.3602528089887,1397.0,124.3
2019,194.0,933.3,600.0,550.0,608.3602528089887,935.0,941.2
2019,39.1,912.8684819097351,500.0,500.0,608.3602528089887,154.0,169.8
2019,44.8,912.8684819097351,1001.1105367138624,2600.0,608.3602528089887,678.0,202.3
2019,44.4,912.8684819097351,1001.1105367138624,500.0,608.3602528089887,240.0,331.2
2019,27.8,912.8684819097351,1001.1105367138624,1159.7449092741936,500.0,404.0,201.0
2019,10.9,912.8684819097351,1001.1105367138624,550.0,608.3602528089887,233.0,58.2
2019,58.6,912.8684819097351,750.0,550.0,608.3602528089887,1142.0,325.8
2019,64.0,912.8684819097351,2000.0,5900.0,1200.0,1626.0,384.4
2019,26.3,1300.0,1001.1105367138624,1100.0,500.0,221.0,172.3
2019,323.633075622131,200.0,500.0,350.0,608.3602528089887,233.0,402.0
2019,179.8,650.0,1001.1105367138624,1425.0,500.0,4799.0,831.4
2019,602.5,417.4,1272.7,2625.0,211.8,8591.0,3024.5
2019,9.6,912.8684819097351,1001.1105367138624,1159.7449092741936,500.0,416.0,89.5
2019,200.8,1150.0,622.2,1183.3,480.0,3188.0,930.2
2019,57.9,912.8684819097351,1001.1105367138624,3900.0,608.3602528089887,1885.0,308.3
2019,89.3,912.8684819097351,1001.1105367138624,3600.0,2000.0,3183.0,465.8
2019,103.6,912.8684819097351,1001.1105367138624,1159.7449092741936,1100.0,1922.0,567.3
2019,20.4,912.8684819097351,700.0,700.0,608.3602528089887,331.0,135.1
2019,221.8,400.0,887.5,832.0,300.0,14742.0,1372.3
2019,10.3,912.8684819097351,1001.1105367138624,150.0,200.0,207.0,103.0
2019,498.0,950.0,2240.0,2150.0,744.4,10245.0,3163.9
2019,30.7,700.0,1001.1105367138624,1159.7449092741936,608.3602528089887,454.0,176.7
2019,271.6,400.0,2466.7,952.9,716.7,8010.0,1835.2
2019,10.3,912.8684819097351,1001.1105367138624,900.0,608.3602528089887,282.0,97.9
2019,38.8,912.8684819097351,1001.1105367138624,1159.7449092741936,608.3602528089887,1076.0,230.3
2019,28.2,912.8684819097351,1001.1105367138624,3300.0,608.3602528089887,616.0,218.1
2019,23.4,912.8684819097351,700.0,1700.0,608.3602528089887,216.0,155.6
2019,14.3,912.8684819097351,1001.1105367138624,1159.7449092741936,608.3602528089887,149.0,92.4
2019,15.8,912.8684819097351,1001.1105367138624,1400.0,608.3602528089887,789.0,93.0
2019,186.8,912.8684819097351,2500.0,1066.7,1200.0,1029.0,1058.0
2019,31.8,2000.0,1001.1105367138624,1159.7449092741936,608.3602528089887,558.0,159.0
2019,323.633075622131,1200.0,400.0,3000.0,608.3602528089887,409.0,732.0
2019,41.9,912.8684819097351,1001.1105367138624,1159.7449092741936,1000.0,668.0,250.5
2019,88.1,912.8684819097351,1050.0,590.0,800.0,1196.0,420.0
2019,31.4,912.8684819097351,400.0,1159.7449092741936,300.0,271.0,175.9
2019,476.4,783.3,744.4,831.0,285.7,7535.0,2225.4
2019,323.633075622131,912.8684819097351,160.0,500.0,500.0,396.0,837.0
2019,25.2,912.8684819097351,1001.1105367138624,2400.0,608.3602528089887,597.0,164.1
2019,121.7,2700.0,3400.0,2800.0,608.3602528089887,1649.0,784.9
2019,363.6,672.7,1471.4,3111.1,300.0,6380.0,2092.9
2019,42.0,912.8684819097351,800.0,633.3,608.3602528089887,549.0,196.6
2019,85.9,912.8684819097351,1001.1105367138624,1133.3,1300.0,874.0,391.2
2019,98.3,912.8684819097351,1100.0,540.0,608.3602528089887,416.0,564.3
2019,323.633075622131,562.5,950.0,662.5,1800.0,3091.0,4783.0
2019,38.3,912.8684819097351,233.3,850.0,300.0,696.0,286.8
2019,61.5,316.7,1001.1105367138624,1000.0,400.0,2565.0,308.7
2019,33.8,912.8684819097351,1200.0,1159.7449092741936,608.3602528089887,433.0,264.6
2019,54.9,912.8684819097351,1001.1105367138624,2800.0,700.0,616.0,237.2
2019,111.8,1100.0,950.0,2233.3,608.3602528089887,1674.0,739.4
2019,41.9,912.8684819097351,1001.1105367138624,372.7,608.3602528089887,647.0,268.6
2019,323.633075622131,1550.0,1001.1105367138624,4500.0,1100.0,3095.0,5062.0
2019,323.633075622131,100.0,900.0,1159.7449092741936,500.0,261.0,481.0
2019,323.633075622131,100.0,25.0,33.3,608.3602528089887,162.0,288.0
2019,699.0,560.0,2820.0,1466.7,550.0,17191.0,4334.3
2019,72.8,912.8684819097351,1001.1105367138624,450.0,200.0,211.0,452.1
2019,231.2,1333.3,2300.0,1608.3,1280.0,6453.0,1194.5
2019,327.0,1125.0,1575.0,1270.6,675.0,7930.0,2521.3
2019,19.0,912.8684819097351,1001.1105367138624,900.0,608.3602528089887,119.0,128.2
2019,121.8,912.8684819097351,2600.0,4400.0,700.0,1469.0,661.8
2019,899.5,788.2,1261.5,1781.3,300.0,9222.0,4521.9
2019,30.5,912.8684819097351,1001.1105367138624,1159.7449092741936,400.0,463.0,180.8
2019,144.6,912.8684819097351,1050.0,1400.0,608.3602528089887,909.0,639.7
2019,72.3,912.8684819097351,1001.1105367138624,1125.0,1700.0,1225.0,373.3
2019,656.1,619.0,1171.4,3950.0,462.5,10745.0,3510.8
2019,35.8,912.8684819097351,1001.1105367138624,1159.7449092741936,608.3602528089887,1337.0,211.6
2019,215.0,366.7,720.0,1733.3,228.6,3169.0,942.9
2019,100.8,1200.0,950.0,966.7,650.0,3182.0,533.8
2019,33.3,912.8684819097351,1600.0,2900.0,608.3602528089887,763.0,186.8
2019,69.7,912.8684819097351,2100.0,1159.7449092741936,1600.0,816.0,398.8
2019,31.2,912.8684819097351,1001.1105367138624,375.0,608.3602528089887,378.0,146.2
2019,80.0,912.8684819097351,1001.1105367138624,1159.7449092741936,608.3602528089887,681.0,433.3
2019,37.2,912.8684819097351,1100.0,3100.0,1000.0,806.0,179.8
2019,42.3,912.8684819097351,1001.1105367138624,1500.0,1000.0,535.0,209.3
2019,91.8,912.8684819097351,1001.1105367138624,2850.0,608.3602528089887,952.0,548.6
2019,323.633075622131,912.8684819097351,600.0,1400.0,0.0,295.0,492.0
2019,65.2,912.8684819097351,1100.0,200.0,608.3602528089887,248.0,378.9
2019,79.2,912.8684819097351,1300.0,1600.0,550.0,690.0,480.2
2019,97.3,450.0,1100.0,2150.0,250.0,2588.0,507.7
2019,41.3,912.8684819097351,1001.1105367138624,1159.7449092741936,608.3602528089887,446.0,247.9
2019,151.5,1260.0,300.0,1346.7,1200.0,2861.0,822.5
2019,59.9,912.8684819097351,1001.1105367138624,3200.0,608.3602528089887,373.0,333.8
2019,127.3,2166.7,1566.7,3000.0,725.0,3779.0,665.1
2019,300.0,888.9,1583.3,2084.6,650.0,9358.0,1781.8
2019,38.4,912.8684819097351,1001.1105367138624,1600.0,608.3602528089887,820.0,169.6
2019,157.5,866.7,1001.1105367138624,1525.0,680.0,7490.0,1149.3
2019,44.8,912.8684819097351,1001.1105367138624,3600.0,608.3602528089887,1253.0,314.4
2019,105.3,912.8684819097351,2100.0,2800.0,608.3602528089887,2596.0,458.8
2019,53.3,912.8684819097351,2500.0,3200.0,608.3602528089887,3812.0,385.3
2019,65.3,912.8684819097351,2100.0,1159.7449092741936,608.3602528089887,1527.0,362.3
2019,89.1,912.8684819097351,850.0,1159.7449092741936,608.3602528089887,715.0,490.5
2019,40.6,912.8684819097351,1001.1105367138624,1375.0,500.0,1022.0,200.4
2019,34.3,912.8684819097351,1001.1105367138624,900.0,608.3602528089887,355.0,157.8
2019,293.3,2300.0,2860.0,5642.9,718.2,10231.0,1727.7
2019,51.5,912.8684819097351,700.0,1159.7449092741936,608.3602528089887,320.0,249.6
2019,85.0,912.8684819097351,1001.1105367138624,1159.7449092741936,608.3602528089887,592.0,595.7
2019,45.3,912.8684819097351,1001.1105367138624,1100.0,608.3602528089887,337.0,242.3
2019,561.4,650.0,1180.0,1555.2,466.7,14131.0,3095.9
2019,323.633075622131,2000.0,1001.1105367138624,850.0,400.0,591.0,1055.0
2019,28.3,912.8684819097351,1200.0,1159.7449092741936,608.3602528089887,227.0,126.6
2019,27.1,1200.0,1001.1105367138624,1159.7449092741936,700.0,1784.0,191.2
2019,35.9,912.8684819097351,800.0,2400.0,608.3602528089887,394.0,194.3
2019,38.5,912.8684819097351,1001.1105367138624,2100.0,608.3602528089887,261.0,207.4
2019,26.8,912.8684819097351,1001.1105367138624,1159.7449092741936,500.0,677.0,180.8
2019,67.3,912.8684819097351,1001.1105367138624,1159.7449092741936,608.3602528089887,904.0,472.8
2019,112.8,2700.0,2700.0,1183.3,400.0,1984.0,554.7
2019,8.2,912.8684819097351,1001.1105367138624,1159.7449092741936,608.3602528089887,513.0,65.5
2019,221.3,2400.0,3000.0,4125.0,1733.3,4269.0,1145.1
2019,41.2,912.8684819097351,1300.0,3600.0,700.0,908.0,216.3
2019,323.633075622131,425.0,900.0,1766.7,933.3,1635.0,2696.0
2019,11.6,912.8684819097351,1001.1105367138624,900.0,608.3602528089887,177.0,52.4
2019,35.3,912.8684819097351,150.0,350.0,608.3602528089887,587.0,143.4
2019,422.3,1216.7,2080.0,3200.0,591.7,11391.0,2462.8
2019,17.0,912.8684819097351,1001.1105367138624,600.0,608.3602528089887,162.0,119.8
2019,38.9,912.8684819097351,1001.1105367138624,1400.0,608.3602528089887,281.0,273.5
2019,98.2,400.0,866.7,428.6,475.0,2827.0,771.8
2019,60.8,912.8684819097351,1600.0,575.0,608.3602528089887,677.0,323.8
2019,330.3,3366.7,1283.3,1514.3,343.8,7239.0,1435.8
2019,27.6,912.8684819097351,1100.0,1033.3,608.3602528089887,1564.0,193.2
2020,19.9,912.8684819097351,1001.1105367138624,1159.7449092741936,608.3602528089887,418.0,137.4
2020,14.8,912.8684819097351,1001.1105367138624,1159.7449092741936,608.3602528089887,318.0,145.8
2020,136.4,2600.0,3200.0,1159.7449092741936,666.7,3949.0,645.7
2020,1410.3,1025.0,2033.3,825.0,400.0,6594.0,4754.8
2020,51.9,1800.0,1001.1105367138624,5600.0,608.3602528089887,1969.0,256.0
2020,281.5,1800.0,2300.0,2000.0,2300.0,6789.0,1340.3
2020,102.6,1050.0,475.0,1975.0,300.0,2358.0,522.3
2020,7.5,912.8684819097351,1001.1105367138624,200.0,0.0,125.0,36.9
2020,51.1,912.8684819097351,1001.1105367138624,1700.0,700.0,1028.0,277.0
2020,38.0,912.8684819097351,1001.1105367138624,1159.7449092741936,608.3602528089887,185.0,194.5
2020,109.3,912.8684819097351,550.0,2500.0,608.3602528089887,673.0,595.5
2020,48.9,912.8684819097351,900.0,600.0,608.3602528089887,461.0,200.0
2020,64.5,1500.0,1001.1105367138624,3000.0,608.3602528089887,1004.0,288.3
2020,1453.8,654.5,1780.0,2340.5,297.3,9176.0,6304.5
2020,40.9,912.8684819097351,1001.1105367138624,900.0,608.3602528089887,350.0,149.5
2020,123.8,1700.0,3200.0,1680.0,2100.0,1782.0,591.1
2020,34.4,912.8684819097351,900.0,750.0,608.3602528089887,324.0,214.3
2020,32.8,912.8684819097351,1001.1105367138624,1159.7449092741936,608.3602528089887,498.0,173.9
2020,31.2,912.8684819097351,1001.1105367138624,1159.7449092741936,608.3602528089887,169.0,130.8
2020,25.3,912.8684819097351,1001.1105367138624,1159.7449092741936,608.3602528089887,647.0,130.6
2020,15.4,400.0,1001.1105367138624,100.0,608.3602528089887,129.0,68.3
2020,1629.9,285.0,455.6,1369.6,247.4,17584.0,6033.5
2020,125.0,1950.0,1700.0,2200.0,525.0,3038.0,605.5
2020,48.5,912.8684819097351,1001.1105367138624,4700.0,1000.0,1169.0,257.1
2020,98.4,912.8684819097351,1001.1105367138624,1200.0,550.0,1750.0,542.3
2020,61.3,912.8684819097351,1001.1105367138624,3800.0,1100.0,842.0,373.3
2020,47.2,912.8684819097351,500.0,1500.0,608.3602528089887,464.0,259.6
2020,86.4,912.8684819097351,1001.1105367138624,3900.0,1000.0,2447.0,565.5
2020,27.0,912.8684819097351,1100.0,1159.7449092741936,608.3602528089887,569.0,143.8
2020,14.1,912.8684819097351,600.0,500.0,608.3602528089887,184.0,77.3
2020,55.6,1200.0,1900.0,1159.7449092741936,608.3602528089887,1776.0,316.2
2020,41.1,912.8684819097351,500.0,100.0,608.3602528089887,378.0,165.6
2020,119.0,912.8684819097351,2800.0,2100.0,608.3602528089887,4829.0,570.7
2020,193.1,912.8684819097351,1350.0,350.0,608.3602528089887,1310.0,1146.6
2020,12.6,912.8684819097351,200.0,75.0,608.3602528089887,102.0,90.2
2020,752.1,417.6,830.0,2068.4,247.6,3799.0,3444.7
2020,58.9,912.8684819097351,1300.0,5800.0,800.0,2557.0,324.3
2020,268.5,3750.0,2750.0,5500.0,975.0,3780.0,1225.9
2020,42.6,912.8684819097351,1001.1105367138624,1159.7449092741936,608.3602528089887,409.0,224.8
2020,63.6,912.8684819097351,1001.1105367138624,1766.7,608.3602528089887,996.0,328.1
2020,44.8,912.8684819097351,1100.0,1159.7449092741936,608.3602528089887,430.0,235.8
2020,29.8,912.8684819097351,1001.1105367138624,900.0,608.3602528089887,360.0,129.3
2020,122.8,912.8684819097351,1700.0,1066.7,608.3602528089887,1156.0,714.7
2020,63.9,912.8684819097351,1000.0,1159.7449092741936,608.3602528089887,968.0,360.4
2020,345.8,1133.3,1350.0,1657.1,742.9,5330.0,1598.3
2020,323.633075622131,533.3,700.0,1750.0,800.0,1053.0,1583.0
2020,95.6,912.8684819097351,1001.1105367138624,1159.7449092741936,700.0,902.0,409.3
2020,107.2,912.8684819097351,1001.1105367138624,1100.0,608.3602528089887,1209.0,457.7
2020,45.6,912.8684819097351,500.0,1159.7449092741936,608.3602528089887,258.0,207.2
2020,46.7,912.8684819097351,1001.1105367138624,4700.0,608.3602528089887,927.0,267.3
2020,135.5,912.8684819097351,1800.0,1242.9,950.0,1372.0,587.7
2020,1346.0,207.6,380.9,795.3,241.0,18195.0,7187.0
2020,16.8,912.8684819097351,1001.1105367138624,800.0,608.3602528089887,160.0,79.5
2020,306.4,912.8684819097351,1001.1105367138624,6050.0,1020.0,5123.0,1577.9
2020,95.3,912.8684819097351,1001.1105367138624,1366.7,1800.0,1301.0,676.6
2020,16.4,912.8684819097351,1001.1105367138624,800.0,300.0,154.0,69.1
2020,95.8,912.8684819097351,1001.1105367138624,4300.0,608.3602528089887,1029.0,548.2
2020,51.3,800.0,1001.1105367138624,1000.0,200.0,450.0,215.8
2020,57.4,912.8684819097351,1001.1105367138624,1066.7,608.3602528089887,1736.0,239.4
2020,54.2,912.8684819097351,1300.0,1159.7449092741936,608.3602528089887,417.0,230.3
2020,107.9,912.8684819097351,1900.0,3500.0,1800.0,1167.0,782.9
2020,31.8,912.8684819097351,1001.1105367138624,2900.0,608.3602528089887,759.0,180.8
2020,132.4,2800.0,1001.1105367138624,233.3,1900.0,2236.0,927.8
2020,1019.4,1492.3,1550.0,2377.1,336.7,15035.0,4348.6
2020,78.1,912.8684819097351,1001.1105367138624,5500.0,608.3602528089887,1062.0,377.5
2020,31.8,912.8684819097351,1001.1105367138624,2100.0,608.3602528089887,529.0,134.6
2020,130.3,1900.0,1001.1105367138624,1933.3,608.3602528089887,1410.0,633.0
2020,353.8,912.8684819097351,2466.7,2072.7,1020.0,3714.0,1690.5
2020,25.7,912.8684819097351,1001.1105367138624,600.0,400.0,129.0,122.3
2020,37.9,912.8684819097351,1001.1105367138624,1159.7449092741936,608.3602528089887,220.0,175.4
2020,323.633075622131,2550.0,1433.3,1900.0,1266.7,1531.0,2350.0
2020,258.0,4000.0,1001.1105367138624,4100.0,733.3,1758.0,1137.1
2020,130.4,1266.7,1750.0,1159.7449092741936,433.3,1711.0,528.3
2020,234.8,912.8684819097351,1001.1105367138624,5375.0,1650.0,1819.0,1443.9
2020,391.6,3400.0,1500.0,1372.7,700.0,4305.0,2204.1
2020,666.7,1012.5,3466.7,2672.7,175.0,8351.0,2394.3
2020,441.9,2300.0,2266.7,2200.0,600.0,8542.0,2470.2
2020,63.5,912.8684819097351,1001.1105367138624,700.0,608.3602528089887,675.0,251.0
2020,28.7,912.8684819097351,1001.1105367138624,1500.0,800.0,867.0,127.7
2020,45.4,912.8684819097351,1001.1105367138624,1159.7449092741936,200.0,260.0,188.3
2020,32.3,912.8684819097351,1001.1105367138624,2100.0,608.3602528089887,266.0,171.9
2020,23.6,912.8684819097351,1001.1105367138624,800.0,608.3602528089887,273.0,138.6
2020,40.2,912.8684819097351,1001.1105367138624,133.3,608.3602528089887,204.0,190.8
2020,22.0,912.8684819097351,1001.1105367138624,100.0,608.3602528089887,201.0,117.3
2020,16.7,912.8684819097351,700.0,700.0,608.3602528089887,93.0,82.8
2020,25.0,912.8684819097351,1001.1105367138624,2800.0,608.3602528089887,380.0,102.1
2020,1554.8,1277.8,2657.1,3176.5,581.0,9154.0,7509.9
2020,89.0,912.8684819097351,1001.1105367138624,1159.7449092741936,1800.0,623.0,428.4
2020,74.9,700.0,900.0,3600.0,608.3602528089887,986.0,355.8
2020,256.8,912.8684819097351,1001.1105367138624,5000.0,1675.0,5017.0,1232.8
2020,17.6,300.0,300.0,600.0,400.0,193.0,116.3
2020,323.633075622131,625.0,2800.0,1333.3,1400.0,1302.0,2466.0
2020,57.8,912.8684819097351,400.0,2000.0,800.0,428.0,319.5
2020,290.6,375.0,1450.0,426.7,566.7,3101.0,1345.5
2020,323.633075622131,912.8684819097351,1200.0,4300.0,1200.0,1256.0,1874.0
2020,371.6,416.7,900.0,1300.0,257.1,3617.0,1689.1
2020,323.633075622131,700.0,350.0,1200.0,608.3602528089887,145.0,351.0
2020,295.1,912.8684819097351,2900.0,1325.0,608.3602528089887,1789.0,1743.8
2020,980.3,928.6,1033.3,1181.0,1966.7,10693.0,3810.4
2020,144.7,912.8684819097351,1001.1105367138624,1400.0,608.3602528089887,2235.0,738.1
2020,114.8,912.8684819097351,2500.0,1060.0,2100.0,826.0,573.5
2020,323.633075622131,1133.3,2100.0,2075.0,1900.0,1371.0,2244.0
2020,335.2,985.7,1300.0,962.5,454.5,10812.0,1898.9
2020,117.0,912.8684819097351,1001.1105367138624,1159.7449092741936,2000.0,3180.0,662.0
2020,15.8,912.8684819097351,1001.1105367138624,600.0,608.3602528089887,218.0,84.7
2020,337.1,1850.0,1700.0,2011.1,2000.0,6078.0,1535.3
2020,14.9,912.8684819097351,300.0,700.0,608.3602528089887,122.0,75.4
2020,28.4,912.8684819097351,1000.0,2300.0,608.3602528089887,517.0,168.5
2020,92.7,912.8684819097351,1001.1105367138624,1159.7449092741936,800.0,2713.0,459.3
2020,36.3,912.8684819097351,1001.1105367138624,2000.0,608.3602528089887,335.0,129.7
2020,38.5,912.8684819097351,350.0,850.0,608.3602528089887,176.0,268.9
2020,62.4,912.8684819097351,1001.1105367138624,1159.7449092741936,608.3602528089887,899.0,321.8
2020,62.8,912.8684819097351,1001.1105367138624,1159.7449092741936,608.3602528089887,506.0,293.1
2020,37.9,912.8684819097351,1001.1105367138624,1250.0,608.3602528089887,411.0,182.3
2020,207.3,912.8684819097351,1950.0,833.3,608.3602528089887,1540.0,916.1
2020,43.2,912.8684819097351,1001.1105367138624,3400.0,608.3602528089887,457.0,300.9
2020,128.9,912.8684819097351,1001.1105367138624,716.7,608.3602528089887,683.0,688.3
2020,697.8,866.7,2433.3,1784.6,650.0,2490.0,3019.5
2020,25.7,912.8684819097351,1001.1105367138624,300.0,608.3602528089887,332.0,173.8
2020,41.3,912.8684819097351,1100.0,633.3,608.3602528089887,377.0,289.0
2020,51.8,912.8684819097351,1001.1105367138624,150.0,608.3602528089887,237.0,190.2
2020,33.9,912.8684819097351,1001.1105367138624,2100.0,608.3602528089887,478.0,269.8
2020,72.0,912.8684819097351,700.0,2750.0,1600.0,1499.0,321.6
2020,525.2,900.0,700.0,1950.0,311.1,4527.0,2260.1
2020,85.3,912.8684819097351,1050.0,2033.3,900.0,1371.0,427.8
2020,15.8,912.8684819097351,1001.1105367138624,750.0,608.3602528089887,298.0,81.8
2020,27.5,912.8684819097351,1001.1105367138624,1159.7449092741936,608.3602528089887,1338.0,148.8
2020,203.5,2800.0,550.0,4700.0,608.3602528089887,963.0,974.9
2020,40.3,912.8684819097351,600.0,250.0,608.3602528089887,135.0,173.8
2020,57.6,912.8684819097351,1001.1105367138624,1159.7449092741936,608.3602528089887,681.0,240.5
2020,43.3,912.8684819097351,1001.1105367138624,520.0,608.3602528089887,271.0,348.3
2020,35.3,912.8684819097351,1001.1105367138624,650.0,608.3602528089887,419.0,216.8
2020,16.9,912.8684819097351,800.0,450.0,608.3602528089887,257.0,73.1
2020,97.5,912.8684819097351,1500.0,1300.0,608.3602528089887,1195.0,483.6
2020,86.2,912.8684819097351,1001.1105367138624,1159.7449092741936,2400.0,1589.0,450.2
2020,36.0,912.8684819097351,1001.1105367138624,850.0,608.3602528089887,207.0,194.2
2020,319.7,2700.0,1001.1105367138624,2300.0,700.0,5355.0,1249.5
2020,1131.9,605.6,1030.8,2554.5,200.0,9049.0,4653.0
2020,12.9,912.8684819097351,1001.1105367138624,800.0,300.0,383.0,74.1
2020,73.4,912.8684819097351,900.0,1159.7449092741936,608.3602528089887,1863.0,374.7
2020,25.3,912.8684819097351,1001.1105367138624,433.3,608.3602528089887,332.0,168.3
2020,386.2,636.4,1216.7,1070.0,418.2,15111.0,1963.4
2020,10.1,912.8684819097351,500.0,700.0,300.0,193.0,96.4
2020,613.8,1350.0,2220.0,1512.5,1250.0,10176.0,3605.1
2020,59.2,800.0,1001.1105367138624,1159.7449092741936,608.3602528089887,466.0,308.5
2020,347.8,500.0,987.5,1137.5,940.0,7066.0,2071.4
2020,15.0,912.8684819097351,1001.1105367138624,1159.7449092741936,608.3602528089887,213.0,109.9
2020,45.9,912.8684819097351,1001.1105367138624,1159.7449092741936,608.3602528089887,1081.0,245.3
2020,530.3,3133.3,1001.1105367138624,4550.0,1900.0,7102.0,2804.0
2020,31.6,912.8684819097351,1001.1105367138624,3700.0,608.3602528089887,565.0,237.1
2020,23.9,912.8684819097351,1001.1105367138624,1159.7449092741936,300.0,209.0,142.6
2020,18.8,912.8684819097351,1001.1105367138624,1159.7449092741936,608.3602528089887,160.0,95.8
2020,16.6,912.8684819097351,1001.1105367138624,1159.7449092741936,608.3602528089887,800.0,91.1
2020,195.7,912.8684819097351,371.4,2300.0,1500.0,978.0,1035.7
2020,31.8,912.8684819097351,1001.1105367138624,1159.7449092741936,608.3602528089887,572.0,158.3
2020,211.7,912.8684819097351,1001.1105367138624,1581.8,850.0,6875.0,1098.3
2020,323.633075622131,550.0,400.0,700.0,608.3602528089887,424.0,733.0
2020,51.3,912.8684819097351,1001.1105367138624,4300.0,608.3602528089887,651.0,270.8
2020,90.8,2800.0,700.0,2066.7,950.0,1167.0,460.3
2020,49.8,912.8684819097351,600.0,1159.7449092741936,700.0,280.0,224.8
2020,917.0,940.0,666.7,1007.7,278.6,6339.0,3958.0
2020,323.633075622131,300.0,0.0,200.0,608.3602528089887,90.0,212.0
2020,323.633075622131,912.8684819097351,500.0,600.0,800.0,554.0,1027.0
2020,26.6,912.8684819097351,1000.0,2300.0,608.3602528089887,577.0,157.8
2020,439.7,681.8,1940.0,2845.5,450.0,6418.0,2411.1
2020,46.0,912.8684819097351,1001.1105367138624,1159.7449092741936,608.3602528089887,487.0,231.3
2020,103.8,912.8684819097351,2100.0,4000.0,1300.0,732.0,443.6
2020,97.3,2900.0,1001.1105367138624,500.0,608.3602528089887,555.0,553.2
2020,323.633075622131,1100.0,2300.0,2300.0,608.3602528089887,843.0,1538.0
2020,323.633075622131,2500.0,975.0,536.4,1050.0,2997.0,4694.0
2020,44.9,912.8684819097351,1001.1105367138624,1700.0,400.0,686.0,293.7
2020,87.8,314.3,3000.0,2800.0,416.7,2503.0,404.8
2020,36.3,912.8684819097351,1000.0,1159.7449092741936,608.3602528089887,409.0,265.4
2020,61.3,912.8684819097351,1001.1105367138624,1159.7449092741936,1200.0,558.0,261.5
2020,142.8,912.8684819097351,1000.0,3600.0,1600.0,1600.0,848.3
2020,64.0,912.8684819097351,1001.1105367138624,550.0,608.3602528089887,686.0,302.6
2020,323.633075622131,871.4,1001.1105367138624,1980.0,1033.3,2848.0,4569.0
2020,323.633075622131,200.0,266.7,1100.0,608.3602528089887,279.0,491.0
2020,323.633075622131,50.0,20.0,140.0,608.3602528089887,142.0,283.0
2020,906.0,890.0,2085.7,2526.7,726.7,16541.0,5199.8
2020,67.2,912.8684819097351,1001.1105367138624,1400.0,500.0,260.0,437.8
2020,159.3,912.8684819097351,875.0,5650.0,608.3602528089887,2246.0,939.1
2020,396.0,1533.3,1800.0,2400.0,675.0,7754.0,2756.6
2020,21.8,912.8684819097351,1001.1105367138624,1700.0,608.3602528089887,116.0,139.8
2020,1388.9,680.0,1178.6,3338.9,304.0,9329.0,5836.9
2020,36.3,912.8684819097351,1001.1105367138624,1159.7449092741936,608.3602528089887,456.0,204.0
2020,148.3,2500.0,1400.0,2200.0,608.3602528089887,1005.0,665.0
2020,82.3,912.8684819097351,1001.1105367138624,2600.0,750.0,1274.0,473.6
2020,1069.3,744.4,884.2,3466.7,388.9,10256.0,4886.8
2020,47.8,912.8684819097351,1001.1105367138624,1159.7449092741936,1500.0,1337.0,230.3
2020,454.3,533.3,1850.0,2260.0,225.0,2940.0,1817.3
2020,152.4,912.8684819097351,700.0,1025.0,650.0,4017.0,811.5
2020,47.3,912.8684819097351,1001.1105367138624,3600.0,608.3602528089887,796.0,222.7
2020,81.4,912.8684819097351,1100.0,1800.0,750.0,853.0,434.9
2020,40.1,912.8684819097351,1001.1105367138624,500.0,608.3602528089887,345.0,183.5
2020,76.5,912.8684819097351,1001.1105367138624,1159.7449092741936,608.3602528089887,823.0,396.8
2020,62.6,912.8684819097351,1001.1105367138624,3100.0,333.3,803.0,262.1
2020,38.9,912.8684819097351,1001.1105367138624,750.0,608.3602528089887,517.0,204.3
2020,105.8,912.8684819097351,1001.1105367138624,1966.7,608.3602528089887,916.0,592.8
2020,323.633075622131,912.8684819097351,700.0,1300.0,100.0,318.0,510.0
2020,61.5,912.8684819097351,1001.1105367138624,240.0,608.3602528089887,241.0,364.8
2020,72.2,912.8684819097351,1001.1105367138624,1159.7449092741936,608.3602528089887,715.0,459.2
2020,200.8,540.0,1800.0,4700.0,383.3,2458.0,863.7
2020,53.5,912.8684819097351,1001.1105367138624,1159.7449092741936,608.3602528089887,444.0,303.0
2020,183.8,1280.0,1400.0,938.1,1200.0,2666.0,941.3
2020,61.2,912.8684819097351,1001.1105367138624,1159.7449092741936,608.3602528089887,398.0,328.3
2020,454.4,1185.7,2250.0,2491.7,600.0,9587.0,2321.0
2020,33.8,912.8684819097351,1001.1105367138624,3200.0,608.3602528089887,818.0,166.9
2020,235.1,912.8684819097351,1166.7,1900.0,680.0,7485.0,1374.7
2020,72.2,912.8684819097351,1001.1105367138624,3600.0,608.3602528089887,1275.0,427.8
2020,129.6,912.8684819097351,2200.0,3066.7,608.3602528089887,2486.0,538.9
2020,117.9,912.8684819097351,1800.0,4500.0,608.3602528089887,1841.0,553.8
2020,775.2,1925.0,1714.3,4255.6,700.0,8133.0,4349.4
2020,88.8,912.8684819097351,1700.0,3000.0,608.3602528089887,715.0,494.7
2020,323.633075622131,912.8684819097351,233.3,1200.0,500.0,359.0,693.0
2020,64.9,912.8684819097351,1001.1105367138624,2650.0,450.0,1115.0,274.7
2020,46.3,800.0,1001.1105367138624,500.0,608.3602528089887,368.0,207.5
2020,61.4,912.8684819097351,1001.1105367138624,1159.7449092741936,700.0,290.0,267.7
2020,89.5,912.8684819097351,1100.0,1159.7449092741936,608.3602528089887,633.0,655.6
2020,46.1,912.8684819097351,600.0,1400.0,608.3602528089887,340.0,287.2
2020,1023.2,800.0,1411.1,1811.5,678.6,14198.0,4443.3
2020,323.633075622131,912.8684819097351,1400.0,700.0,400.0,663.0,1088.0
2020,39.4,912.8684819097351,1001.1105367138624,1159.7449092741936,608.3602528089887,219.0,161.4
2020,51.8,912.8684819097351,1100.0,1159.7449092741936,700.0,1792.0,261.2
2020,41.4,912.8684819097351,1001.1105367138624,2700.0,608.3602528089887,413.0,210.8
2020,31.5,912.8684819097351,1001.1105367138624,1159.7449092741936,608.3602528089887,250.0,165.3
2020,38.9,912.8684819097351,1300.0,1159.7449092741936,608.3602528089887,705.0,221.4
2020,70.2,912.8684819097351,1001.1105367138624,1850.0,608.3602528089887,809.0,454.3
2020,206.1,912.8684819097351,3600.0,1114.3,466.7,1682.0,905.3
2020,8.5,912.8684819097351,1001.1105367138624,800.0,608.3602528089887,526.0,66.3
2020,40.3,1300.0,1300.0,3600.0,700.0,849.0,215.8
2020,16.4,912.8684819097351,400.0,1159.7449092741936,608.3602528089887,180.0,74.9
2020,67.6,600.0,250.0,1159.7449092741936,608.3602528089887,490.0,258.2
2020,539.8,1580.0,2020.0,3657.1,844.4,11425.0,2899.0
2020,323.633075622131,800.0,900.0,1159.7449092741936,500.0,464.0,762.0
2020,18.9,912.8684819097351,1001.1105367138624,700.0,608.3602528089887,169.0,126.5
2020,39.9,912.8684819097351,1001.1105367138624,1159.7449092741936,608.3602528089887,268.0,260.2
2020,161.8,912.8684819097351,2500.0,2175.0,1150.0,2518.0,1026.2
2020,64.1,912.8684819097351,1001.1105367138624,1300.0,608.3602528089887,647.0,325.5
2020,52.3,1400.0,650.0,1700.0,608.3602528089887,1366.0,276.8
2021,21.8,912.8684819097351,1001.1105367138624,1159.7449092741936,608.3602528089887,421.0,135.0
2021,9.8,912.8684819097351,1001.1105367138624,1159.7449092741936,608.3602528089887,303.0,98.3
2021,117.7,912.8684819097351,3400.0,5200.0,2400.0,3834.0,576.6
2021,1205.4,820.0,2850.0,1021.4,514.3,7207.0,4376.2
2021,51.6,900.0,1001.1105367138624,5400.0,608.3602528089887,1822.0,261.0
2021,102.1,540.0,733.3,820.0,333.3,2448.0,550.4
2021,5.5,912.8684819097351,1001.1105367138624,1159.7449092741936,0.0,118.0,33.3
2021,43.3,912.8684819097351,1001.1105367138624,1750.0,600.0,1076.0,220.3
2021,348.8,940.0,1060.0,2371.4,414.3,5911.0,1578.4
2021,30.7,912.8684819097351,700.0,500.0,608.3602528089887,194.0,214.4
2021,96.7,912.8684819097351,1001.1105367138624,1350.0,608.3602528089887,662.0,573.0
2021,46.6,150.0,900.0,650.0,608.3602528089887,489.0,185.8
2021,55.4,912.8684819097351,1001.1105367138624,866.7,608.3602528089887,1050.0,276.9
2021,1444.6,566.7,1627.3,1625.0,345.5,9283.0,6314.0
2021,31.4,912.8684819097351,1001.1105367138624,900.0,608.3602528089887,349.0,147.0
2021,134.6,3400.0,1650.0,1533.3,608.3602528089887,1802.0,621.1
2021,21.8,466.7,1001.1105367138624,400.0,800.0,315.0,195.4
2021,34.4,912.8684819097351,1001.1105367138624,1200.0,700.0,514.0,178.6
2021,28.3,912.8684819097351,1001.1105367138624,800.0,608.3602528089887,186.0,126.5
2021,12.5,912.8684819097351,1001.1105367138624,1159.7449092741936,608.3602528089887,688.0,119.2
2021,13.6,700.0,1001.1105367138624,50.0,608.3602528089887,109.0,70.9
2021,1688.5,302.4,374.4,1431.8,257.9,16862.0,6032.2
2021,93.3,912.8684819097351,1500.0,2033.3,733.3,3084.0,468.3
2021,34.3,1500.0,1001.1105367138624,2500.0,500.0,1229.0,250.4
2021,90.6,2400.0,3100.0,1520.0,550.0,1848.0,486.7
2021,57.1,912.8684819097351,1001.1105367138624,975.0,608.3602528089887,808.0,373.3
2021,46.7,1100.0,1001.1105367138624,1600.0,608.3602528089887,458.0,236.0
2021,91.5,912.8684819097351,1001.1105367138624,4100.0,666.7,2519.0,541.1
2021,24.1,912.8684819097351,1001.1105367138624,1159.7449092741936,250.0,578.0,130.4
2021,6.3,912.8684819097351,1001.1105367138624,500.0,200.0,191.0,52.8
2021,56.8,1500.0,1001.1105367138624,3700.0,608.3602528089887,1741.0,345.8
2021,42.4,912.8684819097351,300.0,600.0,608.3602528089887,392.0,182.8
2021,126.3,2300.0,1001.1105367138624,3500.0,608.3602528089887,5088.0,616.6
2021,160.7,912.8684819097351,1001.1105367138624,850.0,608.3602528089887,1392.0,1072.4
2021,14.8,912.8684819097351,1001.1105367138624,300.0,608.3602528089887,94.0,92.9
2021,747.7,690.9,911.1,1514.3,252.6,3519.0,3442.7
2021,41.8,912.8684819097351,1800.0,1159.7449092741936,800.0,2578.0,284.8
2021,252.3,2433.3,1600.0,2225.0,1433.3,3945.0,1159.4
2021,33.7,912.8684819097351,1001.1105367138624,1159.7449092741936,608.3602528089887,467.0,243.8
2021,243.1,1500.0,2000.0,708.3,520.0,3546.0,1070.3
2021,70.4,912.8684819097351,1800.0,1833.3,608.3602528089887,1016.0,370.0
2021,47.6,912.8684819097351,1001.1105367138624,1300.0,608.3602528089887,463.0,222.4
2021,33.3,912.8684819097351,400.0,500.0,700.0,407.0,135.6
2021,228.8,912.8684819097351,3200.0,3100.0,1600.0,2988.0,912.8
2021,118.9,912.8684819097351,1001.1105367138624,3800.0,608.3602528089887,1090.0,720.9
2021,60.3,550.0,1200.0,2800.0,608.3602528089887,1019.0,370.1
2021,317.7,1014.3,1800.0,1268.4,1120.0,5203.0,1524.2
2021,323.633075622131,500.0,400.0,4000.0,608.3602528089887,1238.0,1838.0
2021,71.8,912.8684819097351,1300.0,5100.0,608.3602528089887,882.0,373.8
2021,91.7,912.8684819097351,1500.0,633.3,608.3602528089887,1195.0,416.0
2021,43.7,912.8684819097351,1001.1105367138624,1800.0,608.3602528089887,286.0,212.4
2021,47.8,912.8684819097351,1001.1105367138624,4600.0,608.3602528089887,1044.0,259.2
2021,122.8,912.8684819097351,3500.0,1077.8,1000.0,1252.0,598.1
2021,1519.6,210.5,351.0,747.0,270.2,17906.0,7974.5
2021,11.9,912.8684819097351,1001.1105367138624,1159.7449092741936,608.3602528089887,159.0,68.0
2021,104.4,912.8684819097351,750.0,2150.0,608.3602528089887,1224.0,694.3
2021,19.2,912.8684819097351,1001.1105367138624,1159.7449092741936,608.3602528089887,193.0,73.5
2021,78.1,912.8684819097351,1001.1105367138624,1159.7449092741936,608.3602528089887,1003.0,547.6
2021,59.5,912.8684819097351,500.0,1300.0,400.0,481.0,243.4
2021,43.3,912.8684819097351,1001.1105367138624,850.0,608.3602528089887,2001.0,208.8
2021,50.4,912.8684819097351,1001.1105367138624,1159.7449092741936,608.3602528089887,469.0,230.6
2021,115.3,2800.0,1001.1105367138624,3000.0,608.3602528089887,1151.0,808.4
2021,37.1,912.8684819097351,1001.1105367138624,3500.0,608.3602528089887,869.0,199.6
2021,127.3,912.8684819097351,1001.1105367138624,222.2,1900.0,2473.0,924.3
2021,1089.9,1218.8,1475.0,2434.3,350.0,15126.0,4475.6
2021,80.4,912.8684819097351,1001.1105367138624,2133.3,608.3602528089887,1005.0,360.1
2021,25.8,700.0,1001.1105367138624,1900.0,608.3602528089887,500.0,117.6
2021,111.8,2200.0,1600.0,1159.7449092741936,608.3602528089887,1433.0,581.6
2021,22.6,912.8684819097351,1001.1105367138624,700.0,400.0,134.0,127.6
2021,34.3,912.8684819097351,1001.1105367138624,700.0,700.0,227.0,167.8
2021,191.3,912.8684819097351,1001.1105367138624,1066.7,608.3602528089887,1455.0,1012.8
2021,259.8,912.8684819097351,1001.1105367138624,4540.0,608.3602528089887,2080.0,1592.9
2021,175.9,1750.0,1001.1105367138624,1159.7449092741936,608.3602528089887,4357.0,841.2
2021,104.9,1000.0,1001.1105367138624,3400.0,1000.0,1280.0,358.8
2021,673.6,1200.0,1542.9,2200.0,238.5,8396.0,2679.8
2021,357.0,3800.0,3850.0,1371.4,866.7,9059.0,2217.5
2021,60.3,1600.0,1001.1105367138624,1300.0,608.3602528089887,724.0,257.1
2021,23.3,912.8684819097351,1001.1105367138624,800.0,608.3602528089887,906.0,110.0
2021,47.2,912.8684819097351,1001.1105367138624,750.0,1000.0,262.0,191.3
2021,29.2,912.8684819097351,1001.1105367138624,1159.7449092741936,600.0,272.0,165.6
2021,26.0,912.8684819097351,1001.1105367138624,1700.0,608.3602528089887,295.0,131.3
2021,39.1,912.8684819097351,1001.1105367138624,150.0,608.3602528089887,225.0,170.3
2021,24.0,912.8684819097351,1001.1105367138624,100.0,608.3602528089887,184.0,123.1
2021,16.4,912.8684819097351,1001.1105367138624,800.0,608.3602528089887,127.0,85.5
2021,18.8,912.8684819097351,1001.1105367138624,2500.0,608.3602528089887,375.0,95.1
2021,1470.6,1050.0,1392.3,3282.4,470.4,9293.0,7575.3
2021,87.3,912.8684819097351,1001.1105367138624,2700.0,1800.0,633.0,396.3
2021,53.2,750.0,633.3,633.3,1400.0,1090.0,281.1
2021,237.5,912.8684819097351,1001.1105367138624,5250.0,1600.0,5024.0,1186.6
2021,16.4,300.0,1001.1105367138624,700.0,608.3602528089887,188.0,118.5
2021,323.633075622131,433.3,3100.0,716.7,800.0,1411.0,2602.0
2021,52.7,912.8684819097351,1001.1105367138624,1050.0,800.0,445.0,333.4
2021,296.8,250.0,725.0,370.0,666.7,3316.0,1364.1
2021,323.633075622131,2000.0,966.7,1159.7449092741936,600.0,1360.0,2130.0
2021,381.0,290.0,616.7,1157.1,257.1,3929.0,1631.9
2021,268.0,912.8684819097351,1133.3,1614.3,608.3602528089887,1834.0,1670.8
2021,965.2,790.0,833.3,893.3,581.8,11821.0,3822.6
2021,152.8,3100.0,1800.0,1650.0,608.3602528089887,2320.0,748.8
2021,268.3,1425.0,857.1,671.4,1100.0,5351.0,1592.6
2021,100.6,912.8684819097351,1001.1105367138624,687.5,608.3602528089887,863.0,498.8
2021,366.0,754.5,822.2,940.0,545.5,11140.0,2060.4
2021,105.7,912.8684819097351,1001.1105367138624,4750.0,608.3602528089887,3095.0,638.8
2021,13.7,912.8684819097351,1001.1105367138624,1200.0,608.3602528089887,254.0,86.8
2021,295.8,2050.0,2000.0,2966.7,1333.3,6399.0,1447.2
2021,17.1,912.8684819097351,600.0,300.0,608.3602528089887,147.0,85.7
2021,24.3,912.8684819097351,1001.1105367138624,1100.0,608.3602528089887,391.0,160.8
2021,71.3,912.8684819097351,1001.1105367138624,1159.7449092741936,1050.0,2823.0,388.1
2021,25.3,912.8684819097351,1001.1105367138624,1150.0,608.3602528089887,286.0,111.9
2021,33.3,912.8684819097351,350.0,1800.0,608.3602528089887,211.0,261.5
2021,72.4,912.8684819097351,1001.1105367138624,1159.7449092741936,608.3602528089887,868.0,345.8
2021,58.3,912.8684819097351,1001.1105367138624,5900.0,608.3602528089887,512.0,296.8
2021,33.4,912.8684819097351,1000.0,766.7,608.3602528089887,401.0,167.2
2021,174.1,912.8684819097351,3700.0,833.3,608.3602528089887,1494.0,809.1
2021,43.3,912.8684819097351,1100.0,750.0,608.3602528089887,518.0,297.9
2021,116.5,912.8684819097351,1001.1105367138624,488.9,608.3602528089887,707.0,691.4
2021,695.2,885.7,1480.0,1220.0,571.4,2442.0,3008.1
2021,29.8,912.8684819097351,500.0,140.0,608.3602528089887,323.0,179.8
2021,39.3,912.8684819097351,600.0,1150.0,608.3602528089887,412.0,272.9
2021,34.9,912.8684819097351,1001.1105367138624,300.0,608.3602528089887,225.0,138.4
2021,38.5,912.8684819097351,1001.1105367138624,1350.0,608.3602528089887,479.0,297.7
2021,58.4,912.8684819097351,2400.0,1159.7449092741936,800.0,1561.0,282.4
2021,519.2,783.3,616.7,878.9,471.4,4637.0,2301.1
2021,68.1,912.8684819097351,1001.1105367138624,3250.0,1600.0,1510.0,389.9
2021,14.5,912.8684819097351,1001.1105367138624,400.0,608.3602528089887,302.0,76.3
2021,27.2,912.8684819097351,600.0,1159.7449092741936,608.3602528089887,1165.0,121.5
2021,190.8,912.8684819097351,950.0,742.9,608.3602528089887,905.0,954.3
2021,41.1,300.0,500.0,233.3,608.3602528089887,120.0,187.3
2021,49.8,912.8684819097351,1001.1105367138624,1159.7449092741936,608.3602528089887,604.0,227.2
2021,54.2,912.8684819097351,1001.1105367138624,540.0,608.3602528089887,277.0,369.1
2021,35.7,912.8684819097351,250.0,466.7,608.3602528089887,380.0,217.8
2021,20.8,800.0,1001.1105367138624,1000.0,608.3602528089887,204.0,89.0
2021,85.3,912.8684819097351,800.0,1600.0,608.3602528089887,1196.0,445.3
2021,76.1,912.8684819097351,1001.1105367138624,1675.0,2200.0,1671.0,433.3
2021,31.4,912.8684819097351,1000.0,633.3,608.3602528089887,212.0,193.0
2021,428.8,912.8684819097351,1500.0,1700.0,700.0,6066.0,1431.6
2021,1254.1,595.0,782.4,1513.5,247.2,8680.0,5278.4
2021,14.6,912.8684819097351,1001.1105367138624,1159.7449092741936,400.0,414.0,80.1
2021,360.8,912.8684819097351,3700.0,4150.0,2450.0,10138.0,1897.4
2021,62.6,912.8684819097351,950.0,1159.7449092741936,608.3602528089887,1814.0,351.9
2021,101.5,912.8684819097351,1900.0,4200.0,420.0,3227.0,519.5
2021,23.0,912.8684819097351,1001.1105367138624,1300.0,608.3602528089887,246.0,132.7
2021,372.1,690.9,877.8,711.8,430.0,14194.0,2019.3
2021,9.6,912.8684819097351,1001.1105367138624,800.0,300.0,189.0,83.8
2021,513.3,1350.0,1120.0,1900.0,1266.7,10135.0,3263.0
2021,47.6,700.0,1100.0,2400.0,700.0,511.0,273.2
2021,332.4,750.0,1660.0,972.7,700.0,8227.0,2032.3
2021,14.5,912.8684819097351,1001.1105367138624,1159.7449092741936,608.3602528089887,205.0,117.6
2021,46.8,912.8684819097351,1001.1105367138624,1159.7449092741936,608.3602528089887,1083.0,226.3
2021,33.2,912.8684819097351,1001.1105367138624,1159.7449092741936,608.3602528089887,560.0,226.8
2021,25.3,912.8684819097351,1001.1105367138624,1159.7449092741936,300.0,171.0,144.0
2021,16.3,912.8684819097351,1001.1105367138624,1159.7449092741936,608.3602528089887,160.0,89.5
2021,20.5,912.8684819097351,1001.1105367138624,1159.7449092741936,608.3602528089887,940.0,98.2
2021,229.3,1650.0,1050.0,3566.7,608.3602528089887,2091.0,959.4
2021,181.4,3500.0,1001.1105367138624,1085.7,608.3602528089887,908.0,1020.2
2021,25.2,912.8684819097351,1001.1105367138624,1650.0,608.3602528089887,561.0,131.7
2021,183.9,912.8684819097351,1001.1105367138624,2212.5,742.9,6995.0,1030.5
2021,323.633075622131,1300.0,250.0,3200.0,700.0,392.0,702.0
2021,57.0,912.8684819097351,1001.1105367138624,5000.0,608.3602528089887,608.0,247.9
2021,152.5,912.8684819097351,2266.7,3320.0,608.3602528089887,4210.0,781.3
2021,93.8,1450.0,1100.0,1420.0,950.0,1172.0,479.4
2021,54.4,912.8684819097351,1001.1105367138624,1159.7449092741936,600.0,270.0,247.8
2021,941.3,1325.0,1750.0,660.0,275.0,6608.0,4048.6
2021,323.633075622131,912.8684819097351,600.0,1100.0,900.0,530.0,951.0
2021,86.7,2050.0,1450.0,3400.0,866.7,2816.0,472.6
2021,323.633075622131,912.8684819097351,900.0,650.0,300.0,371.0,757.0
2021,21.2,912.8684819097351,1001.1105367138624,1159.7449092741936,608.3602528089887,528.0,153.2
2021,147.2,912.8684819097351,3300.0,3466.7,2100.0,1563.0,801.8
2021,437.9,550.0,3233.3,3270.0,284.6,6304.0,2403.0
2021,38.3,912.8684819097351,1001.1105367138624,950.0,800.0,462.0,205.9
2021,107.2,912.8684819097351,1001.1105367138624,2250.0,608.3602528089887,636.0,436.1
2021,97.6,912.8684819097351,1001.1105367138624,1700.0,608.3602528089887,454.0,563.4
2021,323.633075622131,1080.0,700.0,1166.7,733.3,3124.0,4808.0
2021,51.4,912.8684819097351,1001.1105367138624,566.7,608.3602528089887,605.0,313.3
2021,92.2,333.3,3100.0,3300.0,460.0,2447.0,430.9
2021,44.1,912.8684819097351,1001.1105367138624,1159.7449092741936,608.3602528089887,405.0,268.3
2021,48.5,912.8684819097351,1001.1105367138624,1159.7449092741936,608.3602528089887,475.0,240.2
2021,119.5,2300.0,1150.0,3700.0,533.3,1505.0,699.4
2021,47.8,912.8684819097351,1001.1105367138624,575.0,608.3602528089887,798.0,290.8
2021,323.633075622131,1600.0,1001.1105367138624,5400.0,1033.3,2943.0,4753.0
2021,323.633075622131,300.0,1001.1105367138624,300.0,600.0,277.0,464.0
2021,323.633075622131,0.0,33.3,85.7,608.3602528089887,155.0,282.0
2021,860.4,940.0,2085.7,3092.3,552.4,17070.0,5191.1
2021,63.2,912.8684819097351,1001.1105367138624,1159.7449092741936,600.0,206.0,409.2
2021,299.6,1025.0,2633.3,2733.3,2466.7,6149.0,1344.4
2021,335.1,1225.0,1440.0,1143.5,785.7,8053.0,2558.0
2021,18.8,912.8684819097351,1001.1105367138624,2100.0,608.3602528089887,118.0,125.3
2021,1313.2,539.3,964.7,1335.4,419.0,9442.0,5492.6
2021,31.8,912.8684819097351,1001.1105367138624,1159.7449092741936,608.3602528089887,499.0,203.8
2021,126.2,912.8684819097351,933.3,4600.0,1500.0,922.0,617.7
2021,71.6,912.8684819097351,900.0,5600.0,608.3602528089887,1124.0,412.9
2021,285.6,816.7,600.0,1225.0,1533.3,2719.0,1377.8
2021,1039.4,777.8,819.0,1776.7,383.3,10188.0,4735.9
2021,29.7,912.8684819097351,1001.1105367138624,1159.7449092741936,608.3602528089887,1452.0,177.9
2021,455.1,387.5,3200.0,1487.5,228.6,2954.0,1931.9
2021,117.6,466.7,1050.0,671.4,566.7,3942.0,613.0
2021,52.7,912.8684819097351,1001.1105367138624,4300.0,608.3602528089887,842.0,253.1
2021,77.3,912.8684819097351,2100.0,3750.0,500.0,894.0,450.6
2021,37.1,912.8684819097351,500.0,750.0,608.3602528089887,376.0,172.3
2021,68.1,912.8684819097351,1001.1105367138624,5000.0,608.3602528089887,731.0,401.1
2021,60.8,1900.0,650.0,3500.0,1000.0,800.0,301.3
2021,41.2,912.8684819097351,1001.1105367138624,1200.0,608.3602528089887,533.0,209.1
2021,323.633075622131,400.0,150.0,1300.0,100.0,306.0,493.0
2021,46.7,912.8684819097351,900.0,700.0,608.3602528089887,258.0,333.6
2021,73.7,912.8684819097351,1001.1105367138624,2200.0,608.3602528089887,760.0,474.1
2021,172.8,825.0,1750.0,2000.0,350.0,2395.0,837.2
2021,50.7,912.8684819097351,1001.1105367138624,1150.0,500.0,456.0,280.2
2021,159.0,1380.0,1450.0,1492.3,950.0,2763.0,785.6
2021,68.9,912.8684819097351,1001.1105367138624,1650.0,608.3602528089887,401.0,363.8
2021,496.2,553.3,1066.7,2407.7,420.0,9794.0,2406.7
2021,32.3,912.8684819097351,1001.1105367138624,1159.7449092741936,608.3602528089887,804.0,152.5
2021,205.7,2600.0,2050.0,2028.6,640.0,7289.0,1230.5
2021,63.3,912.8684819097351,1001.1105367138624,1159.7449092741936,608.3602528089887,1170.0,371.9
2021,121.8,912.8684819097351,2300.0,2350.0,1200.0,2021.0,527.0
2021,109.2,912.8684819097351,1001.1105367138624,4900.0,608.3602528089887,1607.0,512.8
2021,689.8,2025.0,2440.0,4030.0,723.1,8364.0,4111.1
2021,79.4,912.8684819097351,2200.0,966.7,608.3602528089887,623.0,483.5
2021,323.633075622131,1100.0,333.3,1400.0,300.0,465.0,808.0
2021,53.9,912.8684819097351,1200.0,1325.0,450.0,1078.0,240.4
2021,39.0,912.8684819097351,1001.1105367138624,366.7,608.3602528089887,339.0,193.8
2021,436.8,2057.1,1855.6,5550.0,1125.0,11159.0,2195.5
2021,57.8,912.8684819097351,900.0,800.0,500.0,291.0,280.7
2021,84.0,912.8684819097351,1200.0,1159.7449092741936,1100.0,661.0,575.7
2021,38.3,912.8684819097351,1001.1105367138624,1500.0,608.3602528089887,399.0,247.9
2021,1086.5,1633.3,1033.3,1696.7,700.0,13871.0,4929.3
2021,323.633075622131,912.8684819097351,1700.0,833.3,300.0,705.0,1128.0
2021,40.1,912.8684819097351,1001.1105367138624,3300.0,608.3602528089887,220.0,161.2
2021,56.8,912.8684819097351,1100.0,2600.0,400.0,1858.0,252.0
2021,45.7,912.8684819097351,1001.1105367138624,1159.7449092741936,608.3602528089887,417.0,234.0
2021,35.8,912.8684819097351,1001.1105367138624,1159.7449092741936,608.3602528089887,228.0,174.8
2021,39.8,912.8684819097351,1001.1105367138624,3500.0,608.3602528089887,708.0,223.5
2021,79.7,912.8684819097351,1001.1105367138624,3800.0,608.3602528089887,859.0,455.3
2021,198.8,912.8684819097351,1600.0,1011.1,233.3,1768.0,885.8
2021,15.9,912.8684819097351,600.0,233.3,608.3602528089887,521.0,75.8
2021,33.5,912.8684819097351,1001.1105367138624,3700.0,800.0,796.0,188.9
2021,11.5,912.8684819097351,1001.1105367138624,1159.7449092741936,608.3602528089887,175.0,70.6
2021,66.2,400.0,700.0,1100.0,200.0,547.0,241.3
2021,516.8,1333.3,1040.0,3650.0,790.0,11265.0,2797.3
2021,22.3,912.8684819097351,1001.1105367138624,600.0,608.3602528089887,179.0,132.3
2021,37.0,912.8684819097351,1000.0,1400.0,608.3602528089887,270.0,259.6
2021,125.2,2200.0,1033.3,2400.0,1050.0,2616.0,903.8
2021,60.3,912.8684819097351,1100.0,1300.0,608.3602528089887,703.0,342.3
2021,44.2,1400.0,700.0,1166.7,608.3602528089887,1427.0,272.2
2022,14.7,912.8684819097351,1001.1105367138624,1159.7449092741936,608.3602528089887,403.0,98.6
2022,12.8,912.8684819097351,1001.1105367138624,600.0,608.3602528089887,287.0,88.3
2022,632.4,511.1,885.7,1250.0,825.0,8700.0,2338.1
2022,48.3,1050.0,1001.1105367138624,2600.0,608.3602528089887,1808.0,236.8
2022,74.8,775.0,1001.1105367138624,725.0,250.0,2635.0,446.5
2022,4.6,912.8684819097351,200.0,250.0,0.0,135.0,27.0
2022,29.3,912.8684819097351,1001.1105367138624,1266.7,608.3602528089887,1108.0,149.8
2022,273.6,1633.3,1766.7,1650.0,500.0,6300.0,1261.6
2022,29.1,912.8684819097351,1001.1105367138624,1100.0,608.3602528089887,214.0,202.7
2022,76.8,912.8684819097351,700.0,3500.0,608.3602528089887,697.0,545.6
2022,34.6,912.8684819097351,1001.1105367138624,300.0,608.3602528089887,574.0,144.1
2022,45.5,912.8684819097351,1000.0,725.0,800.0,1110.0,194.4
2022,1003.6,548.3,973.7,998.9,310.5,9769.0,5167.7
2022,22.1,912.8684819097351,1001.1105367138624,1159.7449092741936,608.3602528089887,366.0,104.1
2022,116.3,3200.0,1100.0,2000.0,1050.0,1740.0,542.7
2022,15.5,1300.0,1001.1105367138624,400.0,800.0,318.0,158.6
2022,34.4,912.8684819097351,1001.1105367138624,1500.0,608.3602528089887,504.0,148.7
2022,21.5,912.8684819097351,1001.1105367138624,300.0,608.3602528089887,152.0,114.7
2022,13.9,912.8684819097351,1001.1105367138624,1159.7449092741936,608.3602528089887,699.0,110.4
2022,17.0,912.8684819097351,200.0,1159.7449092741936,608.3602528089887,121.0,77.5
2022,1011.7,231.6,302.0,870.3,256.4,17881.0,4381.3
2022,82.8,912.8684819097351,1001.1105367138624,1159.7449092741936,608.3602528089887,2016.0,495.0
2022,83.7,4000.0,1800.0,2166.7,550.0,3156.0,398.0
2022,29.4,750.0,1300.0,2150.0,608.3602528089887,1195.0,240.8
2022,64.9,912.8684819097351,1200.0,2733.3,500.0,2017.0,363.0
2022,54.8,912.8684819097351,1001.1105367138624,1125.0,608.3602528089887,878.0,340.7
2022,36.7,912.8684819097351,1001.1105367138624,1159.7449092741936,608.3602528089887,521.0,215.5
2022,61.9,912.8684819097351,2500.0,2800.0,1250.0,2618.0,434.2
2022,19.1,912.8684819097351,900.0,1400.0,200.0,548.0,103.3
2022,9.9,912.8684819097351,1001.1105367138624,250.0,100.0,182.0,54.4
2022,48.3,300.0,1001.1105367138624,1300.0,608.3602528089887,1749.0,288.5
2022,33.9,912.8684819097351,500.0,233.3,608.3602528089887,407.0,143.0
2022,126.7,912.8684819097351,866.7,2466.7,608.3602528089887,6193.0,567.7
2022,121.1,912.8684819097351,2500.0,820.0,608.3602528089887,1276.0,952.6
2022,10.9,912.8684819097351,200.0,100.0,608.3602528089887,89.0,76.9
2022,568.7,533.3,683.3,1300.0,633.3,4006.0,2780.8
2022,34.1,912.8684819097351,1800.0,3050.0,1800.0,2542.0,243.1
2022,230.3,2500.0,3350.0,1870.0,2200.0,4061.0,1011.4
2022,27.7,912.8684819097351,1001.1105367138624,1400.0,608.3602528089887,511.0,189.5
2022,184.2,1700.0,1700.0,1090.0,580.0,3764.0,875.8
2022,70.8,1700.0,1000.0,2800.0,1300.0,1082.0,326.9
2022,48.9,912.8684819097351,1001.1105367138624,1159.7449092741936,700.0,429.0,221.3
2022,25.0,912.8684819097351,1001.1105367138624,466.7,608.3602528089887,385.0,114.8
2022,101.2,912.8684819097351,1200.0,4700.0,2100.0,1319.0,611.6
2022,50.0,1100.0,1200.0,1100.0,608.3602528089887,1053.0,313.2
2022,245.6,1380.0,2850.0,1108.7,475.0,5764.0,1222.6
2022,323.633075622131,400.0,175.0,500.0,608.3602528089887,184.0,377.0
2022,323.633075622131,500.0,500.0,1400.0,1000.0,1414.0,2142.0
2022,60.1,2800.0,1001.1105367138624,5700.0,608.3602528089887,995.0,297.3
2022,67.5,912.8684819097351,1700.0,300.0,450.0,1162.0,350.2
2022,123.9,912.8684819097351,1001.1105367138624,1330.8,1550.0,3881.0,684.3
2022,41.4,912.8684819097351,1001.1105367138624,1159.7449092741936,608.3602528089887,290.0,210.2
2022,39.6,912.8684819097351,2000.0,4700.0,608.3602528089887,1159.0,210.4
2022,97.8,3700.0,3700.0,846.2,766.7,1377.0,511.3
2022,13.3,912.8684819097351,400.0,1159.7449092741936,608.3602528089887,159.0,70.8
2022,70.0,912.8684819097351,1600.0,4000.0,2000.0,1326.0,549.1
2022,12.0,912.8684819097351,1001.1105367138624,800.0,300.0,198.0,63.0
2022,63.3,912.8684819097351,1001.1105367138624,2250.0,608.3602528089887,1109.0,481.3
2022,37.8,912.8684819097351,1000.0,1159.7449092741936,600.0,526.0,170.6
2022,27.8,912.8684819097351,1001.1105367138624,900.0,608.3602528089887,2047.0,139.5
2022,35.3,912.8684819097351,1100.0,3700.0,608.3602528089887,458.0,167.5
2022,98.6,912.8684819097351,1001.1105367138624,1950.0,2000.0,1227.0,752.8
2022,28.8,912.8684819097351,1001.1105367138624,3500.0,1400.0,924.0,157.5
2022,89.3,912.8684819097351,1001.1105367138624,313.3,608.3602528089887,3065.0,768.9
2022,881.3,1584.6,1515.4,2310.3,350.0,16078.0,3906.6
2022,56.8,912.8684819097351,1650.0,2466.7,608.3602528089887,1162.0,305.1
2022,24.6,1800.0,800.0,2100.0,608.3602528089887,483.0,108.2
2022,107.8,2500.0,1700.0,5200.0,608.3602528089887,1462.0,517.1
2022,22.2,912.8684819097351,1001.1105367138624,800.0,608.3602528089887,166.0,116.5
2022,36.4,912.8684819097351,600.0,1159.7449092741936,608.3602528089887,253.0,167.3
2022,323.633075622131,2750.0,2350.0,2000.0,1300.0,1826.0,2860.0
2022,87.1,912.8684819097351,2100.0,2033.3,608.3602528089887,1403.0,290.2
2022,264.8,2566.7,3950.0,1178.6,1666.7,4803.0,1739.4
2022,358.3,1416.7,2120.0,1911.8,266.7,8997.0,1653.2
2022,45.6,912.8684819097351,900.0,366.7,608.3602528089887,826.0,210.5
2022,19.1,912.8684819097351,1001.1105367138624,1150.0,608.3602528089887,903.0,97.4
2022,33.1,912.8684819097351,1001.1105367138624,1900.0,608.3602528089887,296.0,150.2
2022,27.0,912.8684819097351,1001.1105367138624,1200.0,200.0,288.0,146.3
2022,30.6,912.8684819097351,1001.1105367138624,1000.0,608.3602528089887,321.0,138.3
2022,33.3,500.0,200.0,1159.7449092741936,608.3602528089887,229.0,162.8
2022,15.8,912.8684819097351,800.0,300.0,608.3602528089887,183.0,99.4
2022,17.3,912.8684819097351,1001.1105367138624,900.0,608.3602528089887,118.0,88.3
2022,15.1,912.8684819097351,800.0,2500.0,800.0,401.0,86.8
2022,990.9,1477.8,1271.4,2055.2,471.4,9831.0,5363.4
2022,69.7,912.8684819097351,1001.1105367138624,1833.3,1800.0,656.0,337.9
2022,37.1,912.8684819097351,1250.0,650.0,608.3602528089887,1471.0,210.2
2022,14.2,912.8684819097351,1001.1105367138624,550.0,400.0,194.0,113.8
2022,323.633075622131,766.7,650.0,450.0,850.0,1302.0,2532.0
2022,61.8,912.8684819097351,1001.1105367138624,2200.0,608.3602528089887,464.0,349.6
2022,172.6,207.1,966.7,380.0,525.0,3484.0,801.8
2022,206.5,500.0,1266.7,1257.1,600.0,4443.0,962.7
2022,235.8,912.8684819097351,750.0,1700.0,608.3602528089887,2014.0,1564.1
2022,480.6,1433.3,1414.3,811.1,412.5,13038.0,2121.2
2022,95.7,850.0,1950.0,1783.3,1250.0,2439.0,572.0
2022,184.1,2000.0,725.0,980.0,1350.0,5565.0,1179.3
2022,98.3,912.8684819097351,1001.1105367138624,712.5,608.3602528089887,902.0,501.4
2022,323.633075622131,1850.0,2900.0,5100.0,1900.0,1373.0,2400.0
2022,323.633075622131,216.7,700.0,1500.0,900.0,502.0,1026.0
2022,277.8,543.8,955.6,1048.0,550.0,11594.0,1622.3
2022,80.6,912.8684819097351,1001.1105367138624,2250.0,608.3602528089887,3104.0,571.5
2022,8.0,912.8684819097351,500.0,1300.0,608.3602528089887,286.0,65.4
2022,12.1,912.8684819097351,1001.1105367138624,300.0,608.3602528089887,165.0,64.6
2022,22.6,912.8684819097351,1001.1105367138624,1300.0,608.3602528089887,451.0,144.9
2022,62.2,912.8684819097351,2400.0,1159.7449092741936,733.3,3077.0,317.0
2022,19.8,912.8684819097351,1001.1105367138624,1200.0,500.0,331.0,105.3
2022,31.1,912.8684819097351,1001.1105367138624,950.0,608.3602528089887,253.0,225.7
2022,47.3,912.8684819097351,700.0,5700.0,608.3602528089887,572.0,268.1
2022,36.3,912.8684819097351,1001.1105367138624,2200.0,608.3602528089887,415.0,161.7
2022,136.2,912.8684819097351,4000.0,830.0,608.3602528089887,1592.0,664.4
2022,35.2,912.8684819097351,1001.1105367138624,1550.0,608.3602528089887,538.0,279.9
2022,112.3,912.8684819097351,1001.1105367138624,500.0,1400.0,752.0,664.7
2022,516.1,1650.0,1480.0,991.7,750.0,2579.0,2433.9
2022,20.8,600.0,250.0,800.0,500.0,348.0,141.4
2022,34.0,912.8684819097351,1400.0,1500.0,608.3602528089887,418.0,217.9
2022,32.7,912.8684819097351,1000.0,266.7,608.3602528089887,226.0,138.0
2022,43.3,912.8684819097351,1001.1105367138624,966.7,608.3602528089887,520.0,280.9
2022,119.5,3800.0,1001.1105367138624,1159.7449092741936,633.3,1734.0,608.1
2022,412.1,1080.0,728.6,1407.7,471.4,4942.0,1836.6
2022,55.4,1900.0,2400.0,1825.0,1900.0,1543.0,295.2
2022,10.1,912.8684819097351,400.0,1700.0,608.3602528089887,344.0,62.1
2022,24.3,912.8684819097351,1001.1105367138624,1159.7449092741936,608.3602528089887,1476.0,117.8
2022,154.2,912.8684819097351,1100.0,530.0,608.3602528089887,964.0,806.8
2022,41.9,912.8684819097351,300.0,500.0,500.0,128.0,179.5
2022,41.1,912.8684819097351,1001.1105367138624,1159.7449092741936,608.3602528089887,587.0,194.8
2022,51.8,912.8684819097351,1001.1105367138624,933.3,608.3602528089887,272.0,359.6
2022,28.3,600.0,1001.1105367138624,1600.0,608.3602528089887,403.0,186.7
2022,17.8,800.0,1001.1105367138624,650.0,608.3602528089887,230.0,65.3
2022,62.7,1700.0,1001.1105367138624,3100.0,608.3602528089887,1333.0,376.6
2022,66.4,912.8684819097351,1001.1105367138624,3500.0,608.3602528089887,1790.0,350.1
2022,29.3,912.8684819097351,700.0,950.0,608.3602528089887,263.0,173.3
2022,323.633075622131,400.0,1200.0,550.0,700.0,254.0,467.0
2022,495.0,1650.0,933.3,877.8,600.0,6451.0,1419.4
2022,847.5,547.8,413.3,1250.0,293.5,9904.0,3881.8
2022,16.2,912.8684819097351,1001.1105367138624,275.0,300.0,404.0,81.1
2022,272.8,885.7,1925.0,1400.0,433.3,3565.0,1297.8
2022,52.3,912.8684819097351,2100.0,1159.7449092741936,608.3602528089887,2069.0,260.1
2022,20.2,912.8684819097351,1001.1105367138624,533.3,608.3602528089887,270.0,114.8
2022,238.0,1500.0,3300.0,2181.8,1566.7,8205.0,1399.4
2022,294.2,763.6,1125.0,678.9,480.0,14830.0,1680.1
2022,12.3,400.0,1001.1105367138624,700.0,200.0,192.0,90.6
2022,392.9,1760.0,1628.6,1390.5,1460.0,10682.0,2547.2
2022,33.2,912.8684819097351,1001.1105367138624,1300.0,608.3602528089887,540.0,211.7
2022,207.2,728.6,944.4,1277.8,587.5,8541.0,1496.4
2022,13.5,912.8684819097351,1001.1105367138624,900.0,608.3602528089887,236.0,106.3
2022,33.7,912.8684819097351,1001.1105367138624,1159.7449092741936,608.3602528089887,1166.0,189.2
2022,346.8,912.8684819097351,2200.0,2625.0,1042.9,7691.0,2070.9
2022,23.4,912.8684819097351,1001.1105367138624,1159.7449092741936,608.3602528089887,481.0,211.8
2022,26.1,912.8684819097351,1001.1105367138624,1159.7449092741936,300.0,191.0,131.5
2022,14.4,912.8684819097351,1001.1105367138624,1159.7449092741936,608.3602528089887,155.0,86.1
2022,14.1,912.8684819097351,600.0,1159.7449092741936,608.3602528089887,1035.0,95.8
2022,149.4,1300.0,1025.0,3666.7,608.3602528089887,2216.0,806.2
2022,162.8,912.8684819097351,2600.0,1460.0,608.3602528089887,969.0,948.0
2022,25.3,912.8684819097351,1001.1105367138624,1159.7449092741936,608.3602528089887,608.0,112.3
2022,323.633075622131,650.0,800.0,1366.7,608.3602528089887,468.0,825.0
2022,30.1,1100.0,1001.1105367138624,1159.7449092741936,800.0,668.0,195.7
2022,83.8,2700.0,2200.0,1950.0,1050.0,1233.0,453.3
2022,107.5,2600.0,3600.0,2166.7,1550.0,2094.0,517.5
2022,44.5,800.0,500.0,1159.7449092741936,600.0,309.0,199.5
2022,605.5,450.0,900.0,705.3,256.3,7434.0,2705.4
2022,323.633075622131,900.0,600.0,1266.7,700.0,627.0,1111.0
2022,82.3,2050.0,933.3,937.5,933.3,3044.0,423.2
2022,323.633075622131,1100.0,250.0,1200.0,600.0,382.0,791.0
2022,19.5,912.8684819097351,1001.1105367138624,2200.0,608.3602528089887,585.0,139.3
2022,114.8,912.8684819097351,3400.0,1557.1,608.3602528089887,1840.0,684.8
2022,34.4,912.8684819097351,300.0,800.0,700.0,497.0,221.3
2022,95.3,912.8684819097351,1001.1105367138624,2350.0,608.3602528089887,856.0,379.0
2022,88.3,912.8684819097351,1001.1105367138624,1233.3,608.3602528089887,463.0,557.7
2022,323.633075622131,1300.0,2500.0,2250.0,608.3602528089887,862.0,1662.0
2022,323.633075622131,1800.0,1175.0,675.0,480.0,2783.0,4374.0
2022,44.1,912.8684819097351,1001.1105367138624,2200.0,608.3602528089887,465.0,314.5
2022,85.4,625.0,1550.0,2200.0,833.3,2604.0,416.5
2022,33.8,912.8684819097351,1001.1105367138624,1900.0,608.3602528089887,462.0,236.0
2022,39.9,912.8684819097351,700.0,3400.0,608.3602528089887,482.0,200.3
2022,96.4,1150.0,2500.0,1200.0,425.0,1605.0,595.4
2022,43.6,1500.0,900.0,2300.0,608.3602528089887,713.0,268.3
2022,323.633075622131,0.0,75.0,85.7,608.3602528089887,135.0,258.0
2022,640.1,3366.7,1560.0,2612.5,787.5,17883.0,4021.6
2022,60.0,1500.0,1001.1105367138624,1100.0,500.0,240.0,395.3
2022,85.6,666.7,1001.1105367138624,1250.0,1700.0,2466.0,553.5
2022,262.8,1300.0,925.0,1806.7,1220.0,8329.0,2099.0
2022,17.7,912.8684819097351,1001.1105367138624,2000.0,608.3602528089887,166.0,111.7
2022,959.8,652.0,933.3,1234.0,380.0,10484.0,4357.1
2022,30.7,912.8684819097351,1001.1105367138624,1159.7449092741936,608.3602528089887,535.0,178.7
2022,106.7,2700.0,1400.0,940.0,1800.0,956.0,579.2
2022,71.7,2500.0,2100.0,1833.3,1500.0,1247.0,396.3
2022,221.0,785.7,2366.7,1100.0,960.0,2844.0,1136.8
2022,851.1,742.9,752.2,1913.8,431.6,10864.0,4173.3
2022,21.3,912.8684819097351,1400.0,1159.7449092741936,608.3602528089887,1383.0,140.4
2022,288.3,471.4,900.0,860.0,271.4,3251.0,1305.8
2022,92.6,1600.0,625.0,433.3,666.7,4112.0,446.7
2022,40.4,912.8684819097351,1300.0,4800.0,608.3602528089887,778.0,195.2
2022,63.0,912.8684819097351,1050.0,3850.0,500.0,928.0,398.0
2022,33.0,912.8684819097351,1001.1105367138624,350.0,608.3602528089887,382.0,152.1
2022,69.6,912.8684819097351,1001.1105367138624,2950.0,608.3602528089887,752.0,377.8
2022,40.2,912.8684819097351,1001.1105367138624,720.0,550.0,845.0,231.1
2022,147.9,1133.3,1950.0,1364.3,1650.0,4538.0,837.6
2022,35.7,912.8684819097351,1100.0,1159.7449092741936,608.3602528089887,611.0,191.9
2022,323.633075622131,200.0,300.0,700.0,33.3,265.0,472.0
2022,323.633075622131,466.7,133.3,1700.0,608.3602528089887,307.0,578.0
2022,44.5,912.8684819097351,1001.1105367138624,1300.0,608.3602528089887,250.0,282.7
2022,62.9,912.8684819097351,1001.1105367138624,1200.0,608.3602528089887,667.0,452.7
2022,98.5,820.0,1400.0,1657.1,733.3,2578.0,533.3
2022,34.9,912.8684819097351,1001.1105367138624,2600.0,608.3602528089887,457.0,216.2
2022,150.7,1028.6,1500.0,2040.0,875.0,2848.0,717.0
2022,80.0,912.8684819097351,2750.0,4366.7,608.3602528089887,3070.0,489.2
2022,48.8,912.8684819097351,1200.0,1159.7449092741936,608.3602528089887,430.0,325.8
2022,388.2,1214.3,1442.9,1816.7,581.8,10235.0,1933.7
2022,26.1,912.8684819097351,1500.0,1159.7449092741936,608.3602528089887,788.0,121.4
2022,159.8,2400.0,1366.7,3650.0,750.0,7721.0,1031.8
2022,59.7,912.8684819097351,1001.1105367138624,1159.7449092741936,608.3602528089887,1168.0,357.4
2022,75.1,912.8684819097351,2500.0,2150.0,608.3602528089887,2682.0,378.8
2022,82.1,912.8684819097351,733.3,4900.0,608.3602528089887,1729.0,386.4
2022,557.0,1760.0,1016.7,4722.2,700.0,8773.0,3359.3
2022,81.7,912.8684819097351,850.0,825.0,608.3602528089887,698.0,475.8
2022,323.633075622131,1100.0,366.7,1300.0,608.3602528089887,442.0,815.0
2022,41.6,1800.0,466.7,2900.0,500.0,1131.0,190.3
2022,31.0,912.8684819097351,1001.1105367138624,525.0,608.3602528089887,332.0,144.8
2022,346.8,2940.0,2150.0,3292.9,1960.0,11593.0,1706.9
2022,53.2,912.8684819097351,1001.1105367138624,300.0,608.3602528089887,354.0,247.8
2022,76.9,912.8684819097351,1001.1105367138624,1159.7449092741936,608.3602528089887,763.0,508.8
2022,31.8,912.8684819097351,1001.1105367138624,850.0,608.3602528089887,378.0,199.5
2022,776.2,778.6,850.0,1121.3,600.0,14903.0,3780.3
2022,323.633075622131,700.0,1600.0,1500.0,700.0,627.0,935.0
2022,41.5,912.8684819097351,1500.0,3600.0,608.3602528089887,262.0,157.2
2022,40.7,912.8684819097351,1001.1105367138624,2700.0,600.0,1945.0,216.8
2022,43.6,912.8684819097351,1001.1105367138624,2900.0,608.3602528089887,433.0,234.3
2022,27.1,912.8684819097351,1001.1105367138624,1159.7449092741936,608.3602528089887,296.0,160.3
2022,23.3,912.8684819097351,1001.1105367138624,1159.7449092741936,608.3602528089887,757.0,151.8
2022,79.1,912.8684819097351,1001.1105367138624,1433.3,608.3602528089887,888.0,448.8
2022,121.3,912.8684819097351,900.0,1442.9,500.0,2082.0,572.6
2022,13.6,912.8684819097351,600.0,400.0,608.3602528089887,529.0,70.6
2022,214.6,1333.3,1340.0,4000.0,608.3602528089887,4898.0,1068.4
2022,24.9,1400.0,500.0,1050.0,608.3602528089887,768.0,153.5
2022,323.633075622131,766.7,1125.0,1014.3,1600.0,1824.0,2977.0
2022,12.8,800.0,1001.1105367138624,1100.0,608.3602528089887,187.0,64.1
2022,38.2,300.0,250.0,1159.7449092741936,608.3602528089887,610.0,142.3
2022,374.2,1660.0,1628.6,2353.8,975.0,11788.0,2300.9
2022,323.633075622131,800.0,300.0,1450.0,700.0,507.0,826.0
2022,17.8,912.8684819097351,1001.1105367138624,500.0,608.3602528089887,150.0,124.3
2022,32.0,912.8684819097351,1001.1105367138624,1500.0,608.3602528089887,289.0,232.9
2022,42.0,912.8684819097351,1001.1105367138624,1000.0,608.3602528089887,746.0,240.5
2022,277.8,3700.0,1800.0,2035.3,483.3,7959.0,1248.5
2022,29.6,912.8684819097351,500.0,950.0,608.3602528089887,1542.0,217.7
2023,214.2,1933.3,1075.0,1064.3,608.3602528089887,3514.589952477936,1139.6
2023,14.0,912.8684819097351,1001.1105367138624,2300.0,608.3602528089887,3514.589952477936,88.4
2023,9.6,912.8684819097351,1001.1105367138624,700.0,608.3602528089887,3514.589952477936,83.5
2023,674.4,392.3,942.9,1113.3,1133.3,3514.589952477936,2278.5
2023,52.5,2000.0,1700.0,1159.7449092741936,608.3602528089887,3514.589952477936,235.1
2023,64.4,800.0,800.0,990.0,566.7,3514.589952477936,391.6
2023,9.0,912.8684819097351,1001.1105367138624,150.0,0.0,3514.589952477936,33.6
2023,34.0,912.8684819097351,1001.1105367138624,1159.7449092741936,800.0,3514.589952477936,161.2
2023,280.1,980.0,1866.7,1250.0,1300.0,3514.589952477936,1290.1
2023,68.8,1050.0,1400.0,4500.0,608.3602528089887,3514.589952477936,527.7
2023,51.3,200.0,550.0,300.0,608.3602528089887,3514.589952477936,169.3
2023,51.2,750.0,1001.1105367138624,875.0,608.3602528089887,3514.589952477936,224.8
2023,980.9,427.5,1256.3,853.8,468.0,3514.589952477936,4709.3
2023,20.6,912.8684819097351,1001.1105367138624,2300.0,608.3602528089887,3514.589952477936,95.4
2023,133.2,1700.0,3800.0,1671.4,2100.0,3514.589952477936,576.4
2023,20.7,650.0,1001.1105367138624,340.0,900.0,3514.589952477936,129.0
2023,34.8,912.8684819097351,1001.1105367138624,3600.0,800.0,3514.589952477936,170.3
2023,22.3,912.8684819097351,1001.1105367138624,400.0,608.3602528089887,3514.589952477936,124.7
2023,15.3,912.8684819097351,1001.1105367138624,66.7,608.3602528089887,3514.589952477936,76.5
2023,1090.3,230.9,300.0,963.6,350.0,3514.589952477936,4484.1
2023,89.9,912.8684819097351,1001.1105367138624,4400.0,1900.0,3514.589952477936,513.8
2023,115.3,912.8684819097351,3400.0,4400.0,416.7,3514.589952477936,506.3
2023,39.5,912.8684819097351,1001.1105367138624,2500.0,608.3602528089887,3514.589952477936,249.1
2023,68.7,2100.0,2600.0,1880.0,550.0,3514.589952477936,382.2
2023,50.7,912.8684819097351,1001.1105367138624,1300.0,608.3602528089887,3514.589952477936,320.9
2023,27.6,912.8684819097351,250.0,2100.0,608.3602528089887,3514.589952477936,216.7
2023,16.0,912.8684819097351,1001.1105367138624,1133.3,166.7,3514.589952477936,97.3
2023,8.4,912.8684819097351,800.0,1159.7449092741936,400.0,3514.589952477936,57.4
2023,46.8,575.0,1001.1105367138624,1400.0,608.3602528089887,3514.589952477936,250.1
2023,39.4,900.0,600.0,175.0,608.3602528089887,3514.589952477936,141.6
2023,119.5,912.8684819097351,1300.0,1142.9,1600.0,3514.589952477936,531.7
2023,118.2,912.8684819097351,1001.1105367138624,1666.7,608.3602528089887,3514.589952477936,867.8
2023,14.6,912.8684819097351,1001.1105367138624,100.0,200.0,3514.589952477936,75.1
2023,618.8,620.0,880.0,1258.3,458.3,3514.589952477936,2837.4
2023,48.8,1600.0,1100.0,1650.0,608.3602528089887,3514.589952477936,284.0
2023,277.3,1233.3,1750.0,1533.3,1466.7,3514.589952477936,1132.6
2023,30.3,912.8684819097351,1001.1105367138624,2400.0,608.3602528089887,3514.589952477936,194.3
2023,208.5,1200.0,760.0,990.9,1600.0,3514.589952477936,910.9
2023,60.2,912.8684819097351,1700.0,983.3,608.3602528089887,3514.589952477936,347.3
2023,51.7,912.8684819097351,1100.0,1600.0,350.0,3514.589952477936,233.2
2023,18.2,912.8684819097351,1001.1105367138624,700.0,608.3602528089887,3514.589952477936,109.5
2023,1115.8,816.7,775.0,2153.1,431.1,3514.589952477936,5686.8
2023,102.1,912.8684819097351,2500.0,2550.0,608.3602528089887,3514.589952477936,634.4
2023,49.4,433.3,1001.1105367138624,3600.0,608.3602528089887,3514.589952477936,315.6
2023,273.3,636.4,1500.0,914.3,500.0,3514.589952477936,1253.8
2023,67.1,2800.0,1200.0,1159.7449092741936,600.0,3514.589952477936,303.3
2023,64.1,1800.0,900.0,600.0,608.3602528089887,3514.589952477936,361.6
2023,35.7,1000.0,1001.1105367138624,2200.0,608.3602528089887,3514.589952477936,187.6
2023,91.1,912.8684819097351,1700.0,1244.4,1200.0,3514.589952477936,492.6
2023,967.8,188.5,430.6,697.1,356.8,3514.589952477936,5589.2
2023,15.8,912.8684819097351,300.0,1000.0,608.3602528089887,3514.589952477936,75.7
2023,78.2,912.8684819097351,1001.1105367138624,1159.7449092741936,2100.0,3514.589952477936,558.3
2023,75.3,912.8684819097351,1001.1105367138624,2750.0,608.3602528089887,3514.589952477936,478.0
2023,39.2,366.7,900.0,1159.7449092741936,608.3602528089887,3514.589952477936,159.2
2023,28.7,912.8684819097351,1001.1105367138624,1333.3,608.3602528089887,3514.589952477936,137.0
2023,39.8,912.8684819097351,1200.0,1266.7,608.3602528089887,3514.589952477936,168.9
2023,108.3,2700.0,1001.1105367138624,840.0,608.3602528089887,3514.589952477936,740.6
2023,27.1,912.8684819097351,900.0,1950.0,608.3602528089887,3514.589952477936,150.2
2023,100.6,912.8684819097351,2100.0,771.4,1250.0,3514.589952477936,891.1
2023,907.2,1188.2,1133.3,1564.8,403.6,3514.589952477936,4028.7
2023,18.0,912.8684819097351,1001.1105367138624,2200.0,608.3602528089887,3514.589952477936,102.6
2023,113.0,620.0,2100.0,1400.0,608.3602528089887,3514.589952477936,501.5
2023,22.1,912.8684819097351,700.0,400.0,608.3602528089887,3514.589952477936,98.1
2023,36.6,912.8684819097351,600.0,1159.7449092741936,608.3602528089887,3514.589952477936,187.3
2023,178.1,912.8684819097351,660.0,680.0,608.3602528089887,3514.589952477936,963.2
2023,152.2,1033.3,875.0,3566.7,366.7,3514.589952477936,632.8
2023,85.1,2400.0,766.7,1100.0,608.3602528089887,3514.589952477936,318.5
2023,306.4,1600.0,1014.3,1730.0,1433.3,3514.589952477936,1853.8
2023,397.5,781.8,1140.0,1836.8,360.0,3514.589952477936,1649.2
2023,50.5,912.8684819097351,1001.1105367138624,750.0,900.0,3514.589952477936,236.5
2023,22.7,912.8684819097351,1001.1105367138624,1150.0,608.3602528089887,3514.589952477936,115.4
2023,31.0,912.8684819097351,1001.1105367138624,1100.0,608.3602528089887,3514.589952477936,138.8
2023,28.5,912.8684819097351,1001.1105367138624,2700.0,500.0,3514.589952477936,151.2
2023,21.8,912.8684819097351,1001.1105367138624,700.0,608.3602528089887,3514.589952477936,131.3
2023,29.3,912.8684819097351,500.0,250.0,608.3602528089887,3514.589952477936,172.8
2023,13.3,912.8684819097351,700.0,1159.7449092741936,300.0,3514.589952477936,96.3
2023,112.3,1633.3,2050.0,1671.4,775.0,3514.589952477936,628.5
2023,19.2,1100.0,550.0,2900.0,608.3602528089887,3514.589952477936,85.3
2023,993.6,1123.1,2262.5,2127.6,742.1,3514.589952477936,5283.4
2023,58.0,912.8684819097351,2100.0,3000.0,608.3602528089887,3514.589952477936,307.9
2023,28.3,700.0,833.3,1125.0,608.3602528089887,3514.589952477936,164.6
2023,14.1,200.0,500.0,1100.0,608.3602528089887,3514.589952477936,100.0
2023,61.0,912.8684819097351,1001.1105367138624,2500.0,608.3602528089887,3514.589952477936,358.3
2023,180.2,375.0,471.4,488.2,400.0,3514.589952477936,776.2
2023,211.2,350.0,628.6,1017.6,950.0,3514.589952477936,950.6
2023,227.9,912.8684819097351,3400.0,1233.3,608.3602528089887,3514.589952477936,1514.3
2023,662.4,1127.8,2125.0,1647.1,583.3,3514.589952477936,3122.1
2023,470.2,606.7,735.7,684.1,627.3,3514.589952477936,1961.4
2023,1260.4,250.0,434.1,735.5,496.6,3514.589952477936,5637.2
2023,218.3,2533.3,1500.0,634.6,644.4,3514.589952477936,1244.7
2023,99.8,2900.0,1001.1105367138624,1760.0,608.3602528089887,3514.589952477936,507.4
2023,95.0,912.8684819097351,1001.1105367138624,1575.0,608.3602528089887,3514.589952477936,504.2
2023,258.6,890.9,766.7,1195.8,950.0,3514.589952477936,1568.3
2023,611.2,1241.7,2983.3,2650.0,464.0,3514.589952477936,3570.9
2023,7.6,912.8684819097351,800.0,233.3,608.3602528089887,3514.589952477936,52.1
2023,939.4,970.6,1000.0,3100.0,775.0,3514.589952477936,5964.9
2023,17.7,912.8684819097351,1001.1105367138624,933.3,608.3602528089887,3514.589952477936,117.0
2023,18.9,912.8684819097351,600.0,1159.7449092741936,608.3602528089887,3514.589952477936,107.6
2023,27.0,912.8684819097351,1001.1105367138624,1050.0,608.3602528089887,3514.589952477936,200.8
2023,57.1,912.8684819097351,900.0,3300.0,608.3602528089887,3514.589952477936,258.4
2023,44.3,2300.0,1001.1105367138624,1320.0,1500.0,3514.589952477936,271.2
2023,32.0,912.8684819097351,1001.1105367138624,1350.0,608.3602528089887,3514.589952477936,147.3
2023,41.3,912.8684819097351,1001.1105367138624,1033.3,608.3602528089887,3514.589952477936,275.4
2023,109.3,912.8684819097351,1001.1105367138624,662.5,608.3602528089887,3514.589952477936,654.7
2023,514.8,1380.0,810.0,1037.5,766.7,3514.589952477936,2429.4
2023,14.0,600.0,600.0,900.0,600.0,3514.589952477936,120.8
2023,39.7,1300.0,1001.1105367138624,1500.0,608.3602528089887,3514.589952477936,221.5
2023,41.9,912.8684819097351,500.0,225.0,608.3602528089887,3514.589952477936,161.3
2023,38.3,1100.0,900.0,3000.0,608.3602528089887,3514.589952477936,285.3
2023,48.3,1150.0,2400.0,1650.0,1500.0,3514.589952477936,241.4
2023,479.6,1240.0,544.4,1666.7,925.0,3514.589952477936,1995.5
2023,54.5,2000.0,1200.0,4300.0,1900.0,3514.589952477936,282.0
2023,12.3,912.8684819097351,1001.1105367138624,600.0,608.3602528089887,3514.589952477936,59.7
2023,25.9,912.8684819097351,1600.0,4000.0,608.3602528089887,3514.589952477936,120.1
2023,181.3,1300.0,2700.0,570.0,1900.0,3514.589952477936,901.3
2023,36.4,912.8684819097351,400.0,200.0,608.3602528089887,3514.589952477936,172.7
2023,43.7,912.8684819097351,2200.0,1159.7449092741936,1000.0,3514.589952477936,206.3
2023,43.9,900.0,1001.1105367138624,725.0,608.3602528089887,3514.589952477936,353.3
2023,26.8,500.0,1001.1105367138624,533.3,608.3602528089887,3514.589952477936,163.2
2023,15.1,912.8684819097351,900.0,900.0,608.3602528089887,3514.589952477936,55.1
2023,80.1,1900.0,466.7,3500.0,650.0,3514.589952477936,406.3
2023,30.6,1000.0,500.0,633.3,608.3602528089887,3514.589952477936,152.8
2023,777.9,680.0,640.0,576.9,500.0,3514.589952477936,2092.8
2023,816.4,459.4,360.6,854.4,307.1,3514.589952477936,3762.7
2023,667.9,208.7,512.1,1166.2,588.0,3514.589952477936,3779.0
2023,12.8,500.0,700.0,280.0,608.3602528089887,3514.589952477936,72.3
2023,251.0,825.0,1700.0,900.0,775.0,3514.589952477936,1191.4
2023,55.1,912.8684819097351,1150.0,1159.7449092741936,608.3602528089887,3514.589952477936,264.7
2023,120.1,3800.0,2600.0,1159.7449092741936,608.3602528089887,3514.589952477936,491.2
2023,116.2,912.8684819097351,1001.1105367138624,1820.0,1200.0,3514.589952477936,560.5
2023,18.3,912.8684819097351,1001.1105367138624,433.3,608.3602528089887,3514.589952477936,107.3
2023,148.3,3900.0,2100.0,3133.3,1700.0,3514.589952477936,688.1
2023,258.3,1725.0,3650.0,2611.1,608.3602528089887,3514.589952477936,1405.1
2023,291.8,715.4,800.0,665.9,353.8,3514.589952477936,1594.3
2023,5.5,400.0,1001.1105367138624,1000.0,300.0,3514.589952477936,72.1
2023,421.8,1287.5,1714.3,1631.6,1350.0,3514.589952477936,2545.1
2023,32.8,912.8684819097351,1001.1105367138624,2500.0,608.3602528089887,3514.589952477936,192.3
2023,259.7,871.4,1400.0,1168.2,714.3,3514.589952477936,1695.8
2023,14.7,912.8684819097351,1001.1105367138624,450.0,608.3602528089887,3514.589952477936,106.4
2023,26.4,912.8684819097351,1001.1105367138624,6000.0,608.3602528089887,3514.589952477936,180.2
2023,367.9,912.8684819097351,2833.3,3950.0,1012.5,3514.589952477936,2186.8
2023,24.8,912.8684819097351,1001.1105367138624,4000.0,608.3602528089887,3514.589952477936,197.5
2023,28.2,912.8684819097351,1001.1105367138624,2200.0,300.0,3514.589952477936,128.9
2023,142.7,912.8684819097351,1300.0,2800.0,608.3602528089887,3514.589952477936,876.8
2023,36.3,912.8684819097351,1001.1105367138624,1159.7449092741936,400.0,3514.589952477936,193.3
2023,83.4,1400.0,1350.0,1283.3,1150.0,3514.589952477936,433.8
2023,112.4,2600.0,1900.0,1857.1,1350.0,3514.589952477936,521.7
2023,46.8,912.8684819097351,500.0,600.0,500.0,3514.589952477936,187.0
2023,639.9,491.7,850.0,672.1,400.0,3514.589952477936,2615.3
2023,85.6,1500.0,933.3,1075.0,966.7,3514.589952477936,461.7
2023,18.8,912.8684819097351,1001.1105367138624,1200.0,608.3602528089887,3514.589952477936,121.9
2023,104.8,3300.0,1001.1105367138624,1170.0,608.3602528089887,3514.589952477936,675.3
2023,343.1,955.6,2020.0,3354.5,204.8,3514.589952477936,2043.4
2023,32.6,912.8684819097351,800.0,675.0,608.3602528089887,3514.589952477936,201.2
2023,87.9,2300.0,1900.0,1733.3,608.3602528089887,3514.589952477936,367.8
2023,91.6,1600.0,1001.1105367138624,1333.3,608.3602528089887,3514.589952477936,586.4
2023,36.2,912.8684819097351,1001.1105367138624,1200.0,608.3602528089887,3514.589952477936,288.5
2023,93.5,312.5,1001.1105367138624,1528.6,1300.0,3514.589952477936,415.8
2023,28.6,1200.0,1001.1105367138624,1159.7449092741936,608.3602528089887,3514.589952477936,231.9
2023,41.2,912.8684819097351,1001.1105367138624,1159.7449092741936,800.0,3514.589952477936,187.5
2023,112.4,866.7,575.0,888.9,800.0,3514.589952477936,665.6
2023,49.8,912.8684819097351,1001.1105367138624,2350.0,608.3602528089887,3514.589952477936,287.9
2023,657.4,2925.0,1620.0,2787.5,700.0,3514.589952477936,3759.1
2023,53.3,912.8684819097351,1001.1105367138624,650.0,400.0,3514.589952477936,379.3
2023,337.2,1566.7,2325.0,2833.3,1200.0,3514.589952477936,1387.9
2023,91.6,1025.0,1066.7,1100.0,1600.0,3514.589952477936,510.3
2023,287.4,1375.0,925.0,1781.3,1016.7,3514.589952477936,2218.1
2023,17.8,912.8684819097351,1001.1105367138624,2300.0,608.3602528089887,3514.589952477936,93.8
2023,112.7,912.8684819097351,3200.0,2040.0,2200.0,3514.589952477936,589.1
2023,1044.1,533.3,669.2,1095.1,396.2,3514.589952477936,4622.7
2023,112.8,600.0,866.7,1633.3,1800.0,3514.589952477936,579.2
2023,80.9,2600.0,1001.1105367138624,733.3,608.3602528089887,3514.589952477936,428.7
2023,233.3,942.9,1825.0,760.7,800.0,3514.589952477936,1201.1
2023,877.8,944.4,1081.3,1054.7,505.9,3514.589952477936,4166.8
2023,22.2,912.8684819097351,1001.1105367138624,6000.0,608.3602528089887,3514.589952477936,145.2
2023,282.4,315.4,733.3,942.9,500.0,3514.589952477936,1207.8
2023,98.4,600.0,1500.0,983.3,666.7,3514.589952477936,417.7
2023,34.9,912.8684819097351,700.0,1666.7,608.3602528089887,3514.589952477936,192.7
2023,53.7,912.8684819097351,850.0,3950.0,800.0,3514.589952477936,346.4
2023,31.1,912.8684819097351,1001.1105367138624,300.0,608.3602528089887,3514.589952477936,151.8
2023,58.9,912.8684819097351,2100.0,3000.0,608.3602528089887,3514.589952477936,371.0
2023,44.8,912.8684819097351,1200.0,585.7,650.0,3514.589952477936,203.7
2023,36.4,912.8684819097351,550.0,1700.0,608.3602528089887,3514.589952477936,193.7
2023,98.6,912.8684819097351,3000.0,2333.3,2100.0,3514.589952477936,496.3
2023,43.4,1100.0,1001.1105367138624,1700.0,608.3602528089887,3514.589952477936,276.6
2023,60.0,912.8684819097351,1001.1105367138624,3000.0,1100.0,3514.589952477936,441.4
2023,121.3,525.0,1000.0,861.5,312.5,3514.589952477936,556.0
2023,35.8,912.8684819097351,1001.1105367138624,2300.0,608.3602528089887,3514.589952477936,215.4
2023,192.3,1066.7,516.7,1421.4,1850.0,3514.589952477936,775.9
2023,50.4,912.8684819097351,1000.0,1159.7449092741936,608.3602528089887,3514.589952477936,336.8
2023,156.3,912.8684819097351,1001.1105367138624,1840.0,1133.3,3514.589952477936,767.8
2023,449.9,606.3,2080.0,1508.7,558.3,3514.589952477936,2077.8
2023,21.9,912.8684819097351,1001.1105367138624,2900.0,608.3602528089887,3514.589952477936,111.3
2023,175.0,1000.0,2400.0,1722.2,933.3,3514.589952477936,1012.5
2023,54.5,912.8684819097351,1001.1105367138624,3400.0,608.3602528089887,3514.589952477936,326.4
2023,81.0,3600.0,2900.0,1485.7,608.3602528089887,3514.589952477936,395.5
2023,58.0,912.8684819097351,1050.0,1159.7449092741936,608.3602528089887,3514.589952477936,376.4
2023,103.9,912.8684819097351,1001.1105367138624,2166.7,608.3602528089887,3514.589952477936,406.8
2023,537.8,1940.0,1714.3,3775.0,693.3,3514.589952477936,3044.8
2023,86.1,912.8684819097351,1150.0,1150.0,608.3602528089887,3514.589952477936,503.6
2023,56.4,600.0,400.0,1966.7,450.0,3514.589952477936,233.6
2023,31.8,900.0,1001.1105367138624,725.0,350.0,3514.589952477936,130.3
2023,61.8,800.0,1001.1105367138624,200.0,608.3602528089887,3514.589952477936,244.6
2023,73.1,912.8684819097351,1900.0,2350.0,608.3602528089887,3514.589952477936,480.3
2023,36.8,912.8684819097351,1100.0,2200.0,608.3602528089887,3514.589952477936,198.2
2023,850.1,560.0,953.3,937.3,612.5,3514.589952477936,3896.8
2023,38.3,912.8684819097351,1600.0,1159.7449092741936,608.3602528089887,3514.589952477936,159.3
2023,48.8,912.8684819097351,1001.1105367138624,2800.0,608.3602528089887,3514.589952477936,227.2
2023,1769.7,1627.8,1365.4,2223.6,546.8,3514.589952477936,10555.3
2023,33.1,912.8684819097351,1001.1105367138624,3700.0,608.3602528089887,3514.589952477936,191.8
2023,66.4,912.8684819097351,1001.1105367138624,2450.0,608.3602528089887,3514.589952477936,416.9
2023,130.3,3300.0,780.0,1140.0,1000.0,3514.589952477936,571.0
2023,9.6,912.8684819097351,700.0,800.0,608.3602528089887,3514.589952477936,61.3
2023,27.2,912.8684819097351,1001.1105367138624,2150.0,608.3602528089887,3514.589952477936,157.9
2023,12.8,912.8684819097351,1001.1105367138624,1400.0,608.3602528089887,3514.589952477936,68.8
2023,36.1,200.0,233.3,1300.0,608.3602528089887,3514.589952477936,144.1
2023,373.4,966.7,991.7,3611.1,1057.1,3514.589952477936,2296.4
2023,32.7,912.8684819097351,1001.1105367138624,950.0,608.3602528089887,3514.589952477936,235.1
2023,36.5,912.8684819097351,2300.0,1033.3,1600.0,3514.589952477936,215.5
2023,301.8,1866.7,1820.0,2225.0,340.0,3514.589952477936,1264.3
2023,26.6,1400.0,1100.0,1333.3,608.3602528089887,3514.589952477936,208.4
