Ano,25-34,Básico - 1º Ciclo,Básico - 2º Ciclo,Básico - 3º Ciclo e secundário,Educação Pré-Escolar,Homens
2009,589.7,103.8,121.1,117.5,108.3,4006.4644790257103
2009,33.7,908.5050445103858,997.7471821756225,12.5,606.0225288159273,4006.4644790257103
2009,53.6,33.3,75.0,22.2,606.0225288159273,4006.4644790257103
2009,267.3,90.9,85.7,72.1,111.1,4006.4644790257103
2009,649.5,48.1,56.5,30.5,55.0,4006.4644790257103
2009,115.8,91.7,190.0,100.0,166.7,4006.4644790257103
2009,552.9,67.2,234.6,73.8,76.7,4006.4644790257103
2009,146.8,31.6,69.2,55.6,100.0,4006.4644790257103
2009,8.8,908.5050445103858,997.7471821756225,6.3,606.0225288159273,4006.4644790257103
2009,110.6,114.3,77.8,41.7,42.9,4006.4644790257103
2009,522.4,37.0,93.1,54.9,56.3,4006.4644790257103
2009,39.6,400.0,200.0,37.5,50.0,4006.4644790257103
2009,148.6,525.0,133.3,34.2,100.0,4006.4644790257103
2009,34.9,100.0,997.7471821756225,15.4,606.0225288159273,4006.4644790257103
2009,93.7,125.0,133.3,41.7,83.3,4006.4644790257103
2009,1685.3,44.3,134.1,211.2,51.1,4006.4644790257103
2009,30.5,900.0,300.0,84.2,400.0,4006.4644790257103
2009,239.8,82.4,166.7,106.5,114.3,4006.4644790257103
2009,85.7,150.0,66.7,45.0,100.0,4006.4644790257103
2009,60.8,75.0,66.7,42.9,200.0,4006.4644790257103
2009,39.8,100.0,166.7,35.3,200.0,4006.4644790257103
2009,58.8,33.3,100.0,85.7,606.0225288159273,4006.4644790257103
2009,19.5,100.0,25.0,1157.552021089631,100.0,4006.4644790257103
2009,2017.1,38.7,161.5,167.6,51.4,4006.4644790257103
2009,783.4,98.2,122.2,37.8,70.0,4006.4644790257103
2009,240.1,133.3,200.0,33.3,266.7,4006.4644790257103
2009,263.3,131.8,280.0,126.7,100.0,4006.4644790257103
2009,104.2,81.8,320.0,45.5,75.0,4006.4644790257103
2009,182.2,173.3,228.6,69.7,60.0,4006.4644790257103
2009,82.8,100.0,63.6,47.2,20.0,4006.4644790257103
2009,59.8,166.7,114.3,1157.552021089631,300.0,4006.4644790257103
2009,153.1,48.6,52.9,22.5,140.0,4006.4644790257103
2009,52.5,150.0,500.0,29.6,150.0,4006.4644790257103
2009,27.5,33.3,400.0,10.0,100.0,4006.4644790257103
2009,105.2,23.8,111.1,46.7,16.7,4006.4644790257103
2009,1040.4,134.6,182.1,123.7,65.9,4006.4644790257103
2009,44.7,33.3,25.0,18.2,606.0225288159273,4006.4644790257103
2009,258.6,87.5,109.1,34.1,606.0225288159273,4006.4644790257103
2009,399.3,52.0,45.8,5.1,28.6,4006.4644790257103
2009,876.9,81.7,129.2,48.1,103.2,4006.4644790257103
2009,14.3,100.0,997.7471821756225,16.7,606.0225288159273,4006.4644790257103
2009,1021.3,46.0,149.2,177.2,60.0,4006.4644790257103
2009,124.4,123.1,125.0,37.8,250.0,4006.4644790257103
2009,389.3,127.3,162.5,111.0,46.2,4006.4644790257103
2009,98.0,908.5050445103858,100.0,137.5,200.0,4006.4644790257103
2009,325.1,65.4,50.0,44.2,116.7,4006.4644790257103
2009,122.8,166.7,125.0,62.9,200.0,4006.4644790257103
2009,70.4,166.7,160.0,35.7,200.0,4006.4644790257103
2009,41.9,908.5050445103858,500.0,18.2,606.0225288159273,4006.4644790257103
2009,492.8,435.7,330.0,152.9,60.0,4006.4644790257103
2009,279.3,640.0,100.0,14.0,300.0,4006.4644790257103
2009,117.3,43.5,62.5,23.5,175.0,4006.4644790257103
2009,638.3,75.8,138.8,109.5,94.1,4006.4644790257103
2009,153.9,45.5,118.8,80.0,100.0,4006.4644790257103
2009,107.3,100.0,81.8,19.0,16.7,4006.4644790257103
2009,345.3,181.0,191.3,138.8,47.1,4006.4644790257103
2009,60.6,908.5050445103858,800.0,54.5,606.0225288159273,4006.4644790257103
2009,82.8,100.0,250.0,94.7,200.0,4006.4644790257103
2009,238.4,86.4,50.0,154.5,40.0,4006.4644790257103
2009,1722.5,43.5,135.7,149.7,56.2,4006.4644790257103
2009,680.9,233.3,352.6,173.1,176.9,4006.4644790257103
2009,213.6,48.6,26.3,5.8,28.6,4006.4644790257103
2009,27.2,100.0,200.0,40.0,33.3,4006.4644790257103
2009,108.3,170.0,90.9,32.1,100.0,4006.4644790257103
2009,51.7,12.5,100.0,11.8,606.0225288159273,4006.4644790257103
2009,61.1,41.7,62.5,42.9,150.0,4006.4644790257103
2009,70.7,1600.0,500.0,17.6,606.0225288159273,4006.4644790257103
2009,314.3,185.7,50.0,16.7,606.0225288159273,4006.4644790257103
2009,102.8,42.9,160.0,80.0,100.0,4006.4644790257103
2009,524.9,530.8,233.3,140.3,64.7,4006.4644790257103
2009,274.4,92.3,40.0,19.8,100.0,4006.4644790257103
2009,1794.8,110.1,150.9,189.5,73.8,4006.4644790257103
2009,129.3,128.6,1200.0,119.0,85.7,4006.4644790257103
2009,46.7,14.3,100.0,46.7,606.0225288159273,4006.4644790257103
2009,229.4,66.7,90.0,107.1,200.0,4006.4644790257103
2009,755.7,338.9,265.0,98.1,164.7,4006.4644790257103
2009,41.3,200.0,100.0,50.0,606.0225288159273,4006.4644790257103
2009,45.1,400.0,150.0,37.5,606.0225288159273,4006.4644790257103
2009,337.1,125.0,125.0,64.2,266.7,4006.4644790257103
2009,227.3,125.0,216.7,147.4,43.8,4006.4644790257103
2009,640.8,59.1,196.2,109.1,120.0,4006.4644790257103
2009,245.1,116.7,444.4,86.9,100.0,4006.4644790257103
2009,344.3,65.4,104.5,104.3,50.0,4006.4644790257103
2009,109.3,61.5,155.6,62.8,66.7,4006.4644790257103
2009,639.4,102.0,200.0,40.2,77.8,4006.4644790257103
2009,764.6,62.2,208.3,107.1,13.2,4006.4644790257103
2009,651.3,64.5,87.0,22.9,57.1,4006.4644790257103
2009,92.9,100.0,66.7,50.0,100.0,4006.4644790257103
2009,56.4,75.0,85.7,20.8,100.0,4006.4644790257103
2009,895.3,111.1,220.7,202.3,100.0,4006.4644790257103
2009,44.8,600.0,83.3,29.6,606.0225288159273,4006.4644790257103
2009,63.3,125.0,100.0,100.0,200.0,4006.4644790257103
2009,54.0,908.5050445103858,500.0,11.5,606.0225288159273,4006.4644790257103
2009,56.5,800.0,133.3,40.0,606.0225288159273,4006.4644790257103
2009,47.5,33.3,200.0,9.1,606.0225288159273,4006.4644790257103
2009,343.5,550.0,220.0,108.5,150.0,4006.4644790257103
2009,44.7,908.5050445103858,100.0,20.0,606.0225288159273,4006.4644790257103
2009,45.7,450.0,150.0,150.0,150.0,4006.4644790257103
2009,149.8,1600.0,127.3,76.5,225.0,4006.4644790257103
2009,92.3,78.6,140.0,43.2,60.0,4006.4644790257103
2009,440.8,392.9,281.8,168.6,218.2,4006.4644790257103
2009,2052.5,93.3,104.5,48.8,52.6,4006.4644790257103
2009,31.0,50.0,60.0,1157.552021089631,606.0225288159273,4006.4644790257103
2009,77.5,350.0,75.0,53.8,300.0,4006.4644790257103
2009,274.3,31.7,47.1,32.1,31.6,4006.4644790257103
2009,386.3,56.7,108.6,99.0,52.4,4006.4644790257103
2009,376.6,177.3,115.6,82.9,76.5,4006.4644790257103
2009,1130.2,76.6,141.0,106.9,95.2,4006.4644790257103
2009,799.5,44.7,106.3,54.0,47.4,4006.4644790257103
2009,1712.2,34.7,113.3,130.6,53.2,4006.4644790257103
2009,268.3,69.7,281.8,45.0,81.8,4006.4644790257103
2009,532.8,37.3,29.2,15.9,122.2,4006.4644790257103
2009,222.1,60.0,230.0,330.0,100.0,4006.4644790257103
2009,145.2,625.0,153.8,93.3,233.3,4006.4644790257103
2009,680.2,28.9,78.6,44.4,42.5,4006.4644790257103
2009,1815.3,51.1,232.5,167.9,43.3,4006.4644790257103
2009,239.3,175.0,245.5,95.1,200.0,4006.4644790257103
2009,34.8,908.5050445103858,100.0,10.0,606.0225288159273,4006.4644790257103
2009,800.1,77.0,47.8,14.1,80.0,4006.4644790257103
2009,466.5,63.2,206.7,94.6,78.9,4006.4644790257103
2009,21.9,300.0,125.0,1157.552021089631,606.0225288159273,4006.4644790257103
2009,1788.6,60.8,255.4,163.0,65.7,4006.4644790257103
2009,30.8,908.5050445103858,120.0,35.0,606.0225288159273,4006.4644790257103
2009,197.4,91.7,266.7,134.6,90.0,4006.4644790257103
2009,40.4,200.0,300.0,25.0,606.0225288159273,4006.4644790257103
2009,104.3,300.0,75.0,16.0,606.0225288159273,4006.4644790257103
2009,135.2,1600.0,300.0,178.6,66.7,4006.4644790257103
2009,112.5,162.5,285.7,70.4,500.0,4006.4644790257103
2009,48.9,650.0,275.0,57.9,500.0,4006.4644790257103
2009,289.7,1175.0,462.5,94.9,112.5,4006.4644790257103
2009,67.2,1500.0,800.0,90.9,200.0,4006.4644790257103
2009,113.2,533.3,175.0,40.0,800.0,4006.4644790257103
2009,1015.7,49.4,83.9,109.6,100.0,4006.4644790257103
2009,32.5,300.0,28.6,36.4,606.0225288159273,4006.4644790257103
2009,102.3,950.0,75.0,36.4,606.0225288159273,4006.4644790257103
2009,40.9,908.5050445103858,50.0,9.1,100.0,4006.4644790257103
2009,59.9,1500.0,100.0,15.2,606.0225288159273,4006.4644790257103
2009,138.9,70.0,90.0,67.6,37.5,4006.4644790257103
2009,239.0,129.4,620.0,147.6,45.5,4006.4644790257103
2009,560.2,48.2,63.3,114.7,60.9,4006.4644790257103
2009,176.0,240.0,328.6,63.3,60.0,4006.4644790257103
2009,38.4,133.3,66.7,40.0,100.0,4006.4644790257103
2009,52.2,550.0,350.0,114.3,100.0,4006.4644790257103
2009,233.7,83.3,113.3,49.0,50.0,4006.4644790257103
2009,26.7,908.5050445103858,57.1,9.1,100.0,4006.4644790257103
2009,115.2,72.7,71.4,50.0,166.7,4006.4644790257103
2009,60.9,275.0,200.0,100.0,606.0225288159273,4006.4644790257103
2009,37.7,100.0,200.0,11.5,100.0,4006.4644790257103
2009,26.4,400.0,50.0,40.0,300.0,4006.4644790257103
2009,198.3,157.1,283.3,44.0,20.0,4006.4644790257103
2009,226.5,150.0,153.8,50.0,54.5,4006.4644790257103
2009,65.6,166.7,100.0,36.8,606.0225288159273,4006.4644790257103
2009,234.4,82.4,114.3,38.6,13.3,4006.4644790257103
2009,1152.5,39.7,172.8,149.3,35.5,4006.4644790257103
2009,1206.8,46.4,183.8,235.6,45.8,4006.4644790257103
2009,18.1,200.0,20.0,50.0,100.0,4006.4644790257103
2009,627.0,85.0,100.0,66.4,38.5,4006.4644790257103
2009,573.1,47.6,101.7,50.7,115.0,4006.4644790257103
2009,62.9,140.0,18.2,35.3,606.0225288159273,4006.4644790257103
2009,234.3,76.2,129.4,64.1,100.0,4006.4644790257103
2009,173.5,84.0,81.0,38.6,100.0,4006.4644790257103
2009,54.9,150.0,997.7471821756225,23.5,400.0,4006.4644790257103
2009,328.1,172.7,91.2,50.8,212.5,4006.4644790257103
2009,844.5,75.9,137.5,98.9,88.2,4006.4644790257103
2009,682.4,42.9,82.0,37.7,43.3,4006.4644790257103
2009,14.3,12.5,997.7471821756225,11.1,606.0225288159273,4006.4644790257103
2009,1091.5,47.5,111.4,31.1,64.3,4006.4644790257103
2009,81.1,90.0,85.7,8.8,606.0225288159273,4006.4644790257103
2009,597.4,34.4,50.0,18.2,52.9,4006.4644790257103
2009,23.0,200.0,66.7,33.3,606.0225288159273,4006.4644790257103
2009,116.7,157.1,155.6,190.9,900.0,4006.4644790257103
2009,731.9,82.3,127.8,37.1,135.7,4006.4644790257103
2009,102.8,350.0,350.0,61.5,200.0,4006.4644790257103
2009,29.3,908.5050445103858,997.7471821756225,21.4,606.0225288159273,4006.4644790257103
2009,28.7,166.7,200.0,14.3,50.0,4006.4644790257103
2009,37.8,300.0,600.0,125.0,50.0,4006.4644790257103
2009,399.4,66.7,133.3,130.2,33.3,4006.4644790257103
2009,245.2,520.0,200.0,89.3,20.0,4006.4644790257103
2009,85.8,908.5050445103858,140.0,68.4,800.0,4006.4644790257103
2009,405.8,60.8,103.4,55.5,61.1,4006.4644790257103
2009,109.3,114.3,150.0,66.7,66.7,4006.4644790257103
2009,404.5,117.9,740.0,80.8,185.7,4006.4644790257103
2009,239.8,175.0,122.2,61.8,60.0,4006.4644790257103
2009,314.2,262.5,180.0,98.5,81.8,4006.4644790257103
2009,68.9,140.0,50.0,22.2,20.0,4006.4644790257103
2009,909.9,45.2,110.0,76.2,88.2,4006.4644790257103
2009,197.7,100.0,56.5,33.3,133.3,4006.4644790257103
2009,41.3,333.3,400.0,57.1,606.0225288159273,4006.4644790257103
2009,222.7,88.5,350.0,80.6,83.3,4006.4644790257103
2009,883.3,98.6,214.9,74.4,34.3,4006.4644790257103
2009,85.9,175.0,62.5,35.0,16.7,4006.4644790257103
2009,157.7,500.0,137.5,57.1,500.0,4006.4644790257103
2009,158.1,250.0,116.7,15.0,606.0225288159273,4006.4644790257103
2009,79.7,908.5050445103858,50.0,25.0,66.7,4006.4644790257103
2009,141.8,64.5,170.0,55.1,57.1,4006.4644790257103
2009,71.7,466.7,300.0,45.5,606.0225288159273,4006.4644790257103
2009,70.9,908.5050445103858,154.5,95.7,606.0225288159273,4006.4644790257103
2009,309.7,73.7,60.0,34.2,50.0,4006.4644790257103
2009,86.7,228.6,325.0,73.7,100.0,4006.4644790257103
2009,1710.4,32.5,110.1,74.2,98.0,4006.4644790257103
2009,114.4,908.5050445103858,150.0,45.5,606.0225288159273,4006.4644790257103
2009,507.9,78.9,106.1,86.2,72.2,4006.4644790257103
2009,314.6,95.7,566.7,77.6,23.1,4006.4644790257103
2009,1072.0,40.6,95.3,56.6,108.0,4006.4644790257103
2009,39.0,66.7,150.0,40.0,606.0225288159273,4006.4644790257103
2009,275.7,450.0,200.0,75.9,212.5,4006.4644790257103
2009,1726.0,52.7,143.3,160.9,31.5,4006.4644790257103
2009,38.0,71.4,250.0,11.8,100.0,4006.4644790257103
2009,148.2,228.6,64.3,31.5,75.0,4006.4644790257103
2009,133.7,350.0,92.3,32.7,100.0,4006.4644790257103
2009,477.2,57.4,110.5,90.9,133.3,4006.4644790257103
2009,1717.3,95.3,270.4,184.9,43.6,4006.4644790257103
2009,85.3,133.3,83.3,19.4,400.0,4006.4644790257103
2009,419.2,33.3,82.4,51.0,35.7,4006.4644790257103
2009,211.3,144.4,127.3,110.5,37.5,4006.4644790257103
2009,72.8,14.3,80.0,38.9,33.3,4006.4644790257103
2009,158.0,228.6,135.7,73.1,200.0,4006.4644790257103
2009,51.4,908.5050445103858,400.0,21.4,606.0225288159273,4006.4644790257103
2009,141.7,120.0,133.3,61.3,606.0225288159273,4006.4644790257103
2009,64.0,85.7,41.7,39.5,40.0,4006.4644790257103
2009,256.4,46.2,129.6,58.0,100.0,4006.4644790257103
2009,86.1,133.3,133.3,35.3,606.0225288159273,4006.4644790257103
2009,144.4,120.0,188.9,58.0,57.1,4006.4644790257103
2009,67.5,75.0,300.0,19.0,66.7,4006.4644790257103
2009,92.3,350.0,90.9,35.3,400.0,4006.4644790257103
2009,207.3,50.0,209.1,115.9,44.4,4006.4644790257103
2009,80.7,16.7,45.5,8.8,50.0,4006.4644790257103
2009,401.6,150.0,209.5,148.3,170.0,4006.4644790257103
2009,180.1,129.4,337.5,74.5,400.0,4006.4644790257103
2009,97.3,1800.0,600.0,73.7,300.0,4006.4644790257103
2009,307.8,93.9,216.7,97.0,106.3,4006.4644790257103
2009,766.4,45.6,147.9,70.3,64.9,4006.4644790257103
2009,41.2,1500.0,54.5,44.1,400.0,4006.4644790257103
2009,671.1,52.1,130.0,72.4,136.4,4006.4644790257103
2009,81.3,36.8,114.3,55.0,133.3,4006.4644790257103
2009,208.9,78.9,140.0,104.5,100.0,4006.4644790257103
2009,179.2,76.5,94.7,87.5,800.0,4006.4644790257103
2009,162.2,166.7,116.7,51.6,150.0,4006.4644790257103
2009,1597.6,55.2,147.3,126.2,75.7,4006.4644790257103
2009,139.1,775.0,180.0,34.7,233.3,4006.4644790257103
2009,116.9,200.0,133.3,65.8,100.0,4006.4644790257103
2009,54.9,600.0,133.3,33.3,40.0,4006.4644790257103
2009,916.1,132.8,198.4,93.3,102.6,4006.4644790257103
2009,58.4,100.0,600.0,77.8,150.0,4006.4644790257103
2009,188.7,180.0,87.5,37.5,16.7,4006.4644790257103
2009,71.6,908.5050445103858,100.0,57.1,66.7,4006.4644790257103
2009,1607.8,43.5,92.6,109.0,38.5,4006.4644790257103
2009,65.3,200.0,125.0,100.0,150.0,4006.4644790257103
2009,101.6,125.0,275.0,26.7,125.0,4006.4644790257103
2009,1555.1,73.4,101.9,41.3,47.3,4006.4644790257103
2009,76.8,220.0,100.0,133.3,100.0,4006.4644790257103
2009,77.1,87.5,133.3,29.6,100.0,4006.4644790257103
2009,66.7,125.0,114.3,114.3,606.0225288159273,4006.4644790257103
2009,131.4,2400.0,316.7,52.2,66.7,4006.4644790257103
2009,793.8,661.5,210.5,128.7,88.9,4006.4644790257103
2009,248.0,42.9,100.0,47.8,606.0225288159273,4006.4644790257103
2009,13.8,908.5050445103858,50.0,40.0,606.0225288159273,4006.4644790257103
2009,543.1,85.4,156.3,48.4,183.3,4006.4644790257103
2009,77.5,120.0,220.0,58.6,50.0,4006.4644790257103
2009,20.0,908.5050445103858,33.3,66.7,200.0,4006.4644790257103
2009,37.6,28.6,14.3,30.8,606.0225288159273,4006.4644790257103
2009,1036.8,54.1,214.3,98.4,140.0,4006.4644790257103
2009,37.8,400.0,997.7471821756225,28.6,606.0225288159273,4006.4644790257103
2009,82.4,900.0,100.0,13.6,606.0225288159273,4006.4644790257103
2009,1461.2,148.4,192.8,111.7,147.8,4006.4644790257103
2009,282.6,44.4,63.9,17.1,42.9,4006.4644790257103
2009,56.9,133.3,87.5,20.0,150.0,4006.4644790257103
2009,479.7,105.4,97.0,98.7,54.5,4006.4644790257103
2009,754.1,139.4,197.0,146.0,54.8,4006.4644790257103
2009,504.8,143.5,358.3,103.2,108.3,4006.4644790257103
2009,88.3,50.0,109.1,24.0,128.6,4006.4644790257103
2010,537.0,141.7,168.4,132.7,212.5,4006.4644790257103
2010,40.5,600.0,997.7471821756225,16.7,606.0225288159273,4006.4644790257103
2010,69.5,40.0,100.0,37.5,200.0,4006.4644790257103
2010,259.3,123.5,77.3,76.4,100.0,4006.4644790257103
2010,811.8,42.6,77.8,26.7,33.3,4006.4644790257103
2010,118.8,92.3,190.0,94.1,600.0,4006.4644790257103
2010,546.6,69.0,211.1,82.5,92.0,4006.4644790257103
2010,180.3,30.4,78.6,57.4,71.4,4006.4644790257103
2010,8.3,20.0,10.0,1157.552021089631,25.0,4006.4644790257103
2010,105.6,85.7,42.9,35.9,62.5,4006.4644790257103
2010,565.5,68.3,88.2,71.8,55.0,4006.4644790257103
2010,44.6,1000.0,150.0,20.0,300.0,4006.4644790257103
2010,157.2,216.7,142.9,37.1,300.0,4006.4644790257103
2010,49.8,120.0,20.0,25.0,50.0,4006.4644790257103
2010,88.0,66.7,114.3,31.6,33.3,4006.4644790257103
2010,2017.3,52.7,131.6,256.8,54.7,4006.4644790257103
2010,35.6,300.0,150.0,48.1,400.0,4006.4644790257103
2010,242.1,70.6,106.7,102.8,100.0,4006.4644790257103
2010,80.1,800.0,80.0,30.0,40.0,4006.4644790257103
2010,82.5,166.7,50.0,15.8,600.0,4006.4644790257103
2010,49.3,50.0,997.7471821756225,42.9,100.0,4006.4644790257103
2010,54.3,908.5050445103858,75.0,66.7,200.0,4006.4644790257103
2010,23.2,20.0,16.7,7.7,100.0,4006.4644790257103
2010,917.7,126.7,187.5,45.5,107.1,4006.4644790257103
2010,291.8,200.0,225.0,48.6,350.0,4006.4644790257103
2010,255.4,213.3,321.4,134.1,118.2,4006.4644790257103
2010,108.1,266.7,127.3,55.6,85.7,4006.4644790257103
2010,195.8,117.6,320.0,74.3,10.0,4006.4644790257103
2010,100.6,77.8,70.0,33.3,50.0,4006.4644790257103
2010,62.4,77.8,200.0,23.1,606.0225288159273,4006.4644790257103
2010,169.8,74.1,95.2,35.4,100.0,4006.4644790257103
2010,60.3,150.0,233.3,42.9,50.0,4006.4644790257103
2010,32.8,908.5050445103858,80.0,10.0,606.0225288159273,4006.4644790257103
2010,123.0,50.0,122.2,51.5,33.3,4006.4644790257103
2010,1148.4,124.6,196.1,143.6,60.0,4006.4644790257103
2010,47.8,908.5050445103858,25.0,42.9,606.0225288159273,4006.4644790257103
2010,251.3,90.9,78.9,56.8,11.1,4006.4644790257103
2010,395.6,60.0,46.2,9.6,83.3,4006.4644790257103
2010,1081.7,71.5,129.2,58.7,116.7,4006.4644790257103
2010,22.9,33.3,997.7471821756225,42.9,606.0225288159273,4006.4644790257103
2010,1055.1,48.8,197.7,229.8,59.4,4006.4644790257103
2010,119.1,112.5,133.3,37.0,100.0,4006.4644790257103
2010,436.2,146.4,133.3,117.6,68.4,4006.4644790257103
2010,110.1,500.0,600.0,120.0,500.0,4006.4644790257103
2010,380.9,50.0,53.3,42.9,60.0,4006.4644790257103
2010,145.8,137.5,400.0,126.3,200.0,4006.4644790257103
2010,88.5,166.7,350.0,61.5,100.0,4006.4644790257103
2010,60.5,908.5050445103858,200.0,37.5,100.0,4006.4644790257103
2010,544.5,600.0,480.0,198.6,123.1,4006.4644790257103
2010,340.1,242.9,92.3,13.4,40.0,4006.4644790257103
2010,130.0,73.3,54.5,41.4,233.3,4006.4644790257103
2010,705.8,94.2,130.0,88.5,141.2,4006.4644790257103
2010,183.0,109.1,200.0,110.0,150.0,4006.4644790257103
2010,117.2,100.0,100.0,22.9,606.0225288159273,4006.4644790257103
2010,355.7,286.7,257.9,178.3,100.0,4006.4644790257103
2010,72.8,908.5050445103858,900.0,57.1,33.3,4006.4644790257103
2010,86.5,200.0,100.0,55.3,606.0225288159273,4006.4644790257103
2010,237.2,110.5,65.4,123.8,75.0,4006.4644790257103
2010,2058.1,40.3,153.8,182.1,56.1,4006.4644790257103
2010,28.3,908.5050445103858,25.0,1157.552021089631,606.0225288159273,4006.4644790257103
2010,742.4,564.3,273.1,214.7,207.7,4006.4644790257103
2010,282.1,47.1,24.0,5.9,57.1,4006.4644790257103
2010,34.4,300.0,997.7471821756225,40.0,606.0225288159273,4006.4644790257103
2010,119.8,250.0,175.0,33.3,200.0,4006.4644790257103
2010,60.3,40.0,50.0,38.5,50.0,4006.4644790257103
2010,73.0,133.3,87.5,28.6,150.0,4006.4644790257103
2010,78.8,350.0,1100.0,14.3,606.0225288159273,4006.4644790257103
2010,318.6,91.7,42.9,22.2,606.0225288159273,4006.4644790257103
2010,98.5,80.0,333.3,85.7,606.0225288159273,4006.4644790257103
2010,603.1,650.0,375.0,132.9,81.3,4006.4644790257103
2010,335.6,58.8,37.9,12.3,120.0,4006.4644790257103
2010,1879.1,120.9,186.2,236.5,57.6,4006.4644790257103
2010,136.3,240.0,357.1,207.7,57.1,4006.4644790257103
2010,51.3,66.7,997.7471821756225,50.0,606.0225288159273,4006.4644790257103
2010,222.6,92.9,47.4,115.6,275.0,4006.4644790257103
2010,753.2,356.3,255.0,114.9,228.6,4006.4644790257103
2010,49.5,908.5050445103858,600.0,25.0,66.7,4006.4644790257103
2010,48.0,400.0,500.0,80.0,606.0225288159273,4006.4644790257103
2010,408.9,190.0,100.0,69.9,114.3,4006.4644790257103
2010,238.8,90.9,168.8,163.6,37.5,4006.4644790257103
2010,719.5,73.7,216.7,160.3,185.7,4006.4644790257103
2010,307.3,196.0,380.0,83.1,100.0,4006.4644790257103
2010,310.0,57.1,92.0,98.0,60.0,4006.4644790257103
2010,137.8,53.8,94.4,73.8,71.4,4006.4644790257103
2010,688.1,114.6,319.0,52.5,66.7,4006.4644790257103
2010,893.2,73.4,163.4,117.6,16.7,4006.4644790257103
2010,613.8,110.0,74.1,23.3,42.9,4006.4644790257103
2010,127.2,142.9,50.0,47.1,66.7,4006.4644790257103
2010,58.7,33.3,80.0,25.0,200.0,4006.4644790257103
2010,936.4,133.3,286.4,288.9,121.1,4006.4644790257103
2010,52.6,908.5050445103858,150.0,36.0,606.0225288159273,4006.4644790257103
2010,62.3,908.5050445103858,266.7,63.2,606.0225288159273,4006.4644790257103
2010,48.5,300.0,400.0,14.3,300.0,4006.4644790257103
2010,56.4,908.5050445103858,33.3,23.1,33.3,4006.4644790257103
2010,51.1,200.0,200.0,1157.552021089631,606.0225288159273,4006.4644790257103
2010,379.0,633.3,340.0,106.3,360.0,4006.4644790257103
2010,44.9,908.5050445103858,100.0,14.3,606.0225288159273,4006.4644790257103
2010,55.3,450.0,997.7471821756225,87.5,300.0,4006.4644790257103
2010,156.3,466.7,130.0,97.0,450.0,4006.4644790257103
2010,104.8,111.1,133.3,50.0,500.0,4006.4644790257103
2010,519.6,1750.0,300.0,163.3,245.5,4006.4644790257103
2010,2088.1,90.8,101.5,49.4,50.7,4006.4644790257103
2010,29.3,200.0,50.0,33.3,606.0225288159273,4006.4644790257103
2010,98.1,200.0,27.3,50.0,100.0,4006.4644790257103
2010,345.7,20.0,65.7,26.1,29.4,4006.4644790257103
2010,482.5,52.8,128.6,105.3,47.4,4006.4644790257103
2010,436.0,375.0,182.4,84.0,140.0,4006.4644790257103
2010,1158.3,100.0,136.0,110.4,89.8,4006.4644790257103
2010,1016.8,54.1,125.0,52.8,56.5,4006.4644790257103
2010,2022.3,35.5,83.1,134.8,36.2,4006.4644790257103
2010,300.1,64.7,215.4,50.0,111.1,4006.4644790257103
2010,603.2,41.9,32.4,14.0,107.7,4006.4644790257103
2010,215.1,73.3,233.3,315.4,233.3,4006.4644790257103
2010,166.6,1550.0,190.9,130.4,233.3,4006.4644790257103
2010,738.9,33.3,56.8,56.7,44.7,4006.4644790257103
2010,1872.2,68.9,192.8,209.9,50.8,4006.4644790257103
2010,247.3,350.0,310.0,79.3,450.0,4006.4644790257103
2010,37.6,908.5050445103858,997.7471821756225,11.8,606.0225288159273,4006.4644790257103
2010,937.0,107.1,47.3,22.2,222.2,4006.4644790257103
2010,436.9,54.3,118.5,120.0,115.4,4006.4644790257103
2010,22.8,100.0,120.0,18.2,606.0225288159273,4006.4644790257103
2010,1981.8,70.2,235.6,193.8,73.4,4006.4644790257103
2010,32.2,908.5050445103858,133.3,69.2,700.0,4006.4644790257103
2010,199.0,171.4,245.5,240.0,142.9,4006.4644790257103
2010,30.8,300.0,128.6,36.8,606.0225288159273,4006.4644790257103
2010,117.2,250.0,133.3,16.0,200.0,4006.4644790257103
2010,150.5,260.0,533.3,185.7,66.7,4006.4644790257103
2010,128.0,200.0,700.0,144.4,606.0225288159273,4006.4644790257103
2010,71.1,1200.0,333.3,77.8,300.0,4006.4644790257103
2010,374.7,908.5050445103858,225.0,128.0,100.0,4006.4644790257103
2010,85.3,908.5050445103858,1500.0,95.5,300.0,4006.4644790257103
2010,138.4,1800.0,85.7,31.8,266.7,4006.4644790257103
2010,1031.4,58.6,82.8,113.8,83.3,4006.4644790257103
2010,47.1,175.0,50.0,33.3,606.0225288159273,4006.4644790257103
2010,100.6,275.0,250.0,36.1,100.0,4006.4644790257103
2010,53.3,908.5050445103858,997.7471821756225,22.2,100.0,4006.4644790257103
2010,75.8,533.3,71.4,15.0,16.7,4006.4644790257103
2010,130.9,66.7,90.0,88.0,37.5,4006.4644790257103
2010,259.1,255.6,253.8,211.8,62.5,4006.4644790257103
2010,657.9,71.7,59.6,130.9,61.9,4006.4644790257103
2010,153.4,250.0,420.0,61.1,300.0,4006.4644790257103
2010,36.8,133.3,133.3,27.8,100.0,4006.4644790257103
2010,52.1,1100.0,800.0,121.4,133.3,4006.4644790257103
2010,247.7,76.9,72.7,59.6,66.7,4006.4644790257103
2010,41.4,908.5050445103858,57.1,8.3,100.0,4006.4644790257103
2010,120.3,64.3,66.7,44.0,400.0,4006.4644790257103
2010,67.4,200.0,250.0,57.1,100.0,4006.4644790257103
2010,60.7,75.0,50.0,20.7,33.3,4006.4644790257103
2010,37.2,150.0,250.0,26.7,606.0225288159273,4006.4644790257103
2010,202.8,200.0,242.9,57.1,80.0,4006.4644790257103
2010,184.8,91.7,420.0,40.9,85.7,4006.4644790257103
2010,64.2,50.0,133.3,45.0,606.0225288159273,4006.4644790257103
2010,257.0,47.6,62.5,45.3,37.5,4006.4644790257103
2010,1398.8,44.3,157.8,164.4,66.7,4006.4644790257103
2010,1458.1,47.9,171.9,254.3,48.6,4006.4644790257103
2010,16.3,600.0,20.0,36.4,33.3,4006.4644790257103
2010,703.2,71.4,85.0,60.9,42.9,4006.4644790257103
2010,603.3,40.7,90.0,46.0,60.0,4006.4644790257103
2010,66.2,133.3,150.0,26.0,100.0,4006.4644790257103
2010,238.2,105.9,143.8,56.7,60.0,4006.4644790257103
2010,214.3,146.2,81.8,39.4,50.0,4006.4644790257103
2010,72.5,125.0,33.3,16.7,150.0,4006.4644790257103
2010,369.2,141.7,113.5,64.9,300.0,4006.4644790257103
2010,828.8,74.5,105.1,119.5,73.7,4006.4644790257103
2010,705.4,50.0,78.6,54.0,62.5,4006.4644790257103
2010,14.2,908.5050445103858,50.0,9.1,606.0225288159273,4006.4644790257103
2010,1213.2,55.1,100.0,37.4,131.6,4006.4644790257103
2010,105.6,80.0,100.0,29.2,606.0225288159273,4006.4644790257103
2010,698.9,37.6,54.5,27.3,66.7,4006.4644790257103
2010,34.8,66.7,150.0,44.4,606.0225288159273,4006.4644790257103
2010,123.2,240.0,400.0,200.0,350.0,4006.4644790257103
2010,856.2,78.9,119.6,39.9,128.6,4006.4644790257103
2010,101.9,133.3,160.0,34.5,606.0225288159273,4006.4644790257103
2010,34.5,500.0,997.7471821756225,38.5,200.0,4006.4644790257103
2010,37.6,908.5050445103858,133.3,14.3,50.0,4006.4644790257103
2010,35.2,300.0,800.0,83.3,200.0,4006.4644790257103
2010,382.6,85.0,212.5,127.1,90.9,4006.4644790257103
2010,282.0,275.0,115.8,95.7,30.0,4006.4644790257103
2010,84.3,908.5050445103858,85.7,125.0,1200.0,4006.4644790257103
2010,397.6,70.8,100.0,72.8,87.5,4006.4644790257103
2010,147.3,108.3,157.1,83.3,150.0,4006.4644790257103
2010,464.2,80.4,341.7,80.0,228.6,4006.4644790257103
2010,253.9,140.0,66.7,81.0,87.5,4006.4644790257103
2010,357.2,185.7,136.8,132.7,100.0,4006.4644790257103
2010,84.1,175.0,14.3,46.2,75.0,4006.4644790257103
2010,1058.8,41.1,87.3,104.4,50.0,4006.4644790257103
2010,217.7,133.3,82.4,50.0,220.0,4006.4644790257103
2010,53.8,300.0,300.0,60.0,300.0,4006.4644790257103
2010,262.8,95.7,300.0,70.0,100.0,4006.4644790257103
2010,1012.8,104.5,220.0,74.7,32.6,4006.4644790257103
2010,101.5,175.0,37.5,18.8,100.0,4006.4644790257103
2010,155.9,160.0,220.0,44.4,600.0,4006.4644790257103
2010,179.4,188.9,88.9,18.6,100.0,4006.4644790257103
2010,74.3,566.7,75.0,26.9,606.0225288159273,4006.4644790257103
2010,165.4,52.2,118.8,44.3,133.3,4006.4644790257103
2010,74.3,600.0,50.0,26.3,606.0225288159273,4006.4644790257103
2010,85.0,450.0,162.5,90.0,606.0225288159273,4006.4644790257103
2010,320.6,170.0,50.0,33.3,100.0,4006.4644790257103
2010,89.1,750.0,350.0,65.0,100.0,4006.4644790257103
2010,1843.4,31.2,94.3,75.9,147.4,4006.4644790257103
2010,112.3,1500.0,250.0,140.0,606.0225288159273,4006.4644790257103
2010,585.0,86.8,104.3,107.9,81.0,4006.4644790257103
2010,267.0,129.4,205.6,144.2,62.5,4006.4644790257103
2010,1133.1,35.5,166.0,56.0,163.2,4006.4644790257103
2010,46.3,908.5050445103858,100.0,36.8,606.0225288159273,4006.4644790257103
2010,285.1,360.0,166.7,96.4,150.0,4006.4644790257103
2010,1889.8,68.5,129.1,201.9,30.4,4006.4644790257103
2010,41.5,600.0,150.0,21.4,200.0,4006.4644790257103
2010,182.7,160.0,133.3,30.0,133.3,4006.4644790257103
2010,145.1,450.0,100.0,33.3,200.0,4006.4644790257103
2010,502.0,62.5,93.6,115.8,140.0,4006.4644790257103
2010,1725.0,96.2,281.8,197.2,44.4,4006.4644790257103
2010,80.6,200.0,100.0,30.8,606.0225288159273,4006.4644790257103
2010,533.6,36.6,71.1,56.1,25.0,4006.4644790257103
2010,185.3,93.3,65.0,60.6,35.7,4006.4644790257103
2010,84.4,12.5,70.0,112.5,606.0225288159273,4006.4644790257103
2010,166.8,127.3,200.0,122.9,125.0,4006.4644790257103
2010,62.2,50.0,75.0,17.6,606.0225288159273,4006.4644790257103
2010,155.0,166.7,266.7,47.2,606.0225288159273,4006.4644790257103
2010,78.8,150.0,50.0,43.2,75.0,4006.4644790257103
2010,281.6,54.5,104.0,63.1,228.6,4006.4644790257103
2010,71.0,200.0,120.0,35.3,606.0225288159273,4006.4644790257103
2010,146.7,111.1,300.0,52.5,80.0,4006.4644790257103
2010,74.0,225.0,150.0,3.1,606.0225288159273,4006.4644790257103
2010,101.1,1400.0,157.1,41.2,500.0,4006.4644790257103
2010,293.9,58.8,166.7,98.1,62.5,4006.4644790257103
2010,87.5,71.4,50.0,7.1,50.0,4006.4644790257103
2010,457.3,102.5,160.7,144.6,200.0,4006.4644790257103
2010,175.3,262.5,833.3,111.9,1000.0,4006.4644790257103
2010,97.9,908.5050445103858,700.0,105.9,600.0,4006.4644790257103
2010,310.4,100.0,163.2,94.4,150.0,4006.4644790257103
2010,853.2,42.2,146.3,91.5,57.5,4006.4644790257103
2010,55.7,750.0,46.7,50.0,100.0,4006.4644790257103
2010,663.6,48.9,132.1,64.1,133.3,4006.4644790257103
2010,92.7,77.8,90.0,33.3,200.0,4006.4644790257103
2010,228.2,360.0,340.0,73.7,200.0,4006.4644790257103
2010,225.5,135.7,82.4,72.1,550.0,4006.4644790257103
2010,156.0,108.3,150.0,100.0,100.0,4006.4644790257103
2010,1786.2,62.0,146.3,164.1,81.1,4006.4644790257103
2010,187.9,383.3,466.7,41.7,50.0,4006.4644790257103
2010,117.1,142.9,100.0,81.6,100.0,4006.4644790257103
2010,57.3,600.0,350.0,46.2,100.0,4006.4644790257103
2010,1118.0,161.3,254.0,107.7,109.4,4006.4644790257103
2010,73.2,30.0,700.0,140.0,200.0,4006.4644790257103
2010,219.7,187.5,142.9,41.5,50.0,4006.4644790257103
2010,70.4,350.0,125.0,47.1,100.0,4006.4644790257103
2010,1787.0,39.3,66.2,108.3,44.2,4006.4644790257103
2010,71.8,125.0,150.0,107.1,300.0,4006.4644790257103
2010,80.6,340.0,225.0,33.3,100.0,4006.4644790257103
2010,1659.9,74.1,100.0,46.3,54.8,4006.4644790257103
2010,81.4,908.5050445103858,40.0,84.6,66.7,4006.4644790257103
2010,82.6,166.7,400.0,31.3,606.0225288159273,4006.4644790257103
2010,72.8,300.0,116.7,130.0,100.0,4006.4644790257103
2010,164.3,2400.0,500.0,72.0,200.0,4006.4644790257103
2010,768.0,620.0,195.2,130.6,200.0,4006.4644790257103
2010,317.9,43.8,135.7,54.7,150.0,4006.4644790257103
2010,16.5,908.5050445103858,300.0,33.3,606.0225288159273,4006.4644790257103
2010,589.3,118.9,221.7,56.8,157.1,4006.4644790257103
2010,98.4,150.0,300.0,53.3,40.0,4006.4644790257103
2010,26.3,908.5050445103858,66.7,16.7,606.0225288159273,4006.4644790257103
2010,41.3,33.3,33.3,25.0,606.0225288159273,4006.4644790257103
2010,1218.3,59.3,283.9,103.1,152.6,4006.4644790257103
2010,50.3,908.5050445103858,150.0,42.9,606.0225288159273,4006.4644790257103
2010,89.3,1000.0,500.0,13.3,606.0225288159273,4006.4644790257103
2010,1546.3,318.6,274.5,147.7,169.6,4006.4644790257103
2010,312.1,28.9,80.8,45.6,20.0,4006.4644790257103
2010,54.6,125.0,66.7,39.4,400.0,4006.4644790257103
2010,477.2,142.3,60.9,117.1,47.1,4006.4644790257103
2010,814.0,189.7,206.7,141.2,89.3,4006.4644790257103
2010,553.4,285.7,247.1,172.7,136.4,4006.4644790257103
2010,98.3,60.0,162.5,26.3,225.0,4006.4644790257103
2011,581.1,261.5,253.3,182.5,250.0,4006.4644790257103
2011,42.5,600.0,300.0,18.2,606.0225288159273,4006.4644790257103
2011,63.3,50.0,125.0,46.2,200.0,4006.4644790257103
2011,241.7,227.3,169.2,90.4,150.0,4006.4644790257103
2011,742.3,54.8,83.3,43.3,43.5,4006.4644790257103
2011,124.3,133.3,450.0,133.3,700.0,4006.4644790257103
2011,536.7,60.7,230.8,78.7,122.7,4006.4644790257103
2011,181.4,35.0,84.6,76.3,66.7,4006.4644790257103
2011,17.3,908.5050445103858,16.7,5.3,606.0225288159273,4006.4644790257103
2011,98.9,200.0,60.0,45.2,50.0,4006.4644790257103
2011,480.4,69.0,82.4,120.0,77.8,4006.4644790257103
2011,49.0,908.5050445103858,150.0,33.3,606.0225288159273,4006.4644790257103
2011,159.4,466.7,300.0,58.6,606.0225288159273,4006.4644790257103
2011,55.3,80.0,14.3,50.0,100.0,4006.4644790257103
2011,71.3,166.7,225.0,45.5,66.7,4006.4644790257103
2011,1972.0,62.5,90.1,231.7,75.0,4006.4644790257103
2011,33.3,908.5050445103858,350.0,93.3,400.0,4006.4644790257103
2011,266.2,60.0,94.4,108.1,125.0,4006.4644790257103
2011,69.5,175.0,250.0,33.3,133.3,4006.4644790257103
2011,75.9,908.5050445103858,75.0,50.0,200.0,4006.4644790257103
2011,46.4,100.0,400.0,46.2,200.0,4006.4644790257103
2011,52.0,908.5050445103858,55.6,72.7,200.0,4006.4644790257103
2011,22.9,25.0,20.0,1157.552021089631,300.0,4006.4644790257103
2011,883.9,203.6,148.6,37.7,114.3,4006.4644790257103
2011,253.8,342.9,283.3,80.6,800.0,4006.4644790257103
2011,218.0,320.0,381.8,183.3,75.0,4006.4644790257103
2011,100.0,450.0,118.2,76.9,100.0,4006.4644790257103
2011,196.9,137.5,333.3,78.1,12.5,4006.4644790257103
2011,92.7,233.3,100.0,60.0,300.0,4006.4644790257103
2011,64.2,150.0,125.0,42.9,606.0225288159273,4006.4644790257103
2011,146.1,75.0,81.0,40.0,233.3,4006.4644790257103
2011,58.8,600.0,300.0,50.0,200.0,4006.4644790257103
2011,30.0,300.0,150.0,14.3,100.0,4006.4644790257103
2011,103.1,33.3,110.0,38.9,60.0,4006.4644790257103
2011,1050.3,158.2,233.3,157.1,90.9,4006.4644790257103
2011,42.3,908.5050445103858,100.0,100.0,606.0225288159273,4006.4644790257103
2011,248.1,125.0,58.8,47.6,11.8,4006.4644790257103
2011,378.5,212.5,48.1,10.1,71.4,4006.4644790257103
2011,1032.7,115.0,177.6,63.2,157.1,4006.4644790257103
2011,26.3,908.5050445103858,997.7471821756225,12.5,100.0,4006.4644790257103
2011,1005.4,61.6,133.9,247.9,78.8,4006.4644790257103
2011,113.8,83.3,146.2,50.0,85.7,4006.4644790257103
2011,463.5,135.5,208.3,138.6,113.3,4006.4644790257103
2011,90.1,1100.0,997.7471821756225,216.7,600.0,4006.4644790257103
2011,355.8,73.1,61.5,53.6,109.1,4006.4644790257103
2011,133.8,260.0,240.0,127.8,233.3,4006.4644790257103
2011,75.3,600.0,400.0,112.5,300.0,4006.4644790257103
2011,57.1,908.5050445103858,233.3,50.0,606.0225288159273,4006.4644790257103
2011,511.7,1440.0,471.4,257.6,143.8,4006.4644790257103
2011,314.5,475.0,91.7,15.6,100.0,4006.4644790257103
2011,111.7,56.3,200.0,60.7,200.0,4006.4644790257103
2011,669.3,108.9,106.3,112.3,177.8,4006.4644790257103
2011,185.3,162.5,250.0,84.8,85.7,4006.4644790257103
2011,122.6,200.0,114.3,22.6,606.0225288159273,4006.4644790257103
2011,324.1,321.4,300.0,151.9,154.5,4006.4644790257103
2011,80.3,908.5050445103858,900.0,50.0,66.7,4006.4644790257103
2011,79.3,600.0,250.0,118.2,606.0225288159273,4006.4644790257103
2011,266.9,150.0,117.6,154.5,45.5,4006.4644790257103
2011,1935.2,44.1,165.9,172.7,71.2,4006.4644790257103
2011,30.8,100.0,33.3,20.0,606.0225288159273,4006.4644790257103
2011,632.5,754.5,290.9,189.3,422.2,4006.4644790257103
2011,238.3,75.0,20.7,12.5,42.9,4006.4644790257103
2011,31.8,300.0,997.7471821756225,66.7,100.0,4006.4644790257103
2011,114.8,575.0,700.0,42.5,700.0,4006.4644790257103
2011,70.9,133.3,33.3,60.0,100.0,4006.4644790257103
2011,61.1,33.3,75.0,38.5,300.0,4006.4644790257103
2011,89.6,908.5050445103858,997.7471821756225,30.8,450.0,4006.4644790257103
2011,295.5,166.7,88.2,17.2,606.0225288159273,4006.4644790257103
2011,88.2,80.0,166.7,166.7,606.0225288159273,4006.4644790257103
2011,645.3,1044.4,476.9,135.0,107.7,4006.4644790257103
2011,364.9,72.4,43.8,16.1,150.0,4006.4644790257103
2011,1813.2,138.2,170.3,228.9,79.3,4006.4644790257103
2011,150.1,183.3,337.5,350.0,140.0,4006.4644790257103
2011,59.6,233.3,100.0,54.5,606.0225288159273,4006.4644790257103
2011,190.6,120.0,69.2,141.7,650.0,4006.4644790257103
2011,680.1,757.1,143.8,143.8,300.0,4006.4644790257103
2011,38.4,300.0,997.7471821756225,42.9,100.0,4006.4644790257103
2011,42.4,908.5050445103858,500.0,83.3,50.0,4006.4644790257103
2011,405.8,146.2,181.3,80.6,112.5,4006.4644790257103
2011,250.8,123.5,227.3,206.7,66.7,4006.4644790257103
2011,684.4,100.0,257.9,135.2,280.0,4006.4644790257103
2011,315.8,472.7,410.0,96.4,185.7,4006.4644790257103
2011,266.8,93.8,147.1,116.0,77.8,4006.4644790257103
2011,158.3,66.7,117.6,91.4,50.0,4006.4644790257103
2011,687.8,204.2,435.7,67.8,76.0,4006.4644790257103
2011,897.7,79.7,215.2,160.7,25.7,4006.4644790257103
2011,494.3,162.1,121.6,27.6,42.9,4006.4644790257103
2011,107.3,112.5,997.7471821756225,42.1,150.0,4006.4644790257103
2011,53.3,33.3,100.0,25.9,300.0,4006.4644790257103
2011,828.6,196.7,296.0,395.8,180.0,4006.4644790257103
2011,48.8,908.5050445103858,100.0,66.7,606.0225288159273,4006.4644790257103
2011,66.6,908.5050445103858,200.0,86.7,100.0,4006.4644790257103
2011,45.2,908.5050445103858,150.0,21.4,606.0225288159273,4006.4644790257103
2011,56.8,908.5050445103858,60.0,41.7,66.7,4006.4644790257103
2011,54.3,908.5050445103858,125.0,1157.552021089631,606.0225288159273,4006.4644790257103
2011,336.4,1333.3,253.8,117.4,800.0,4006.4644790257103
2011,43.8,908.5050445103858,100.0,33.3,606.0225288159273,4006.4644790257103
2011,55.4,908.5050445103858,450.0,128.6,500.0,4006.4644790257103
2011,162.3,1200.0,350.0,126.9,1200.0,4006.4644790257103
2011,91.1,100.0,400.0,69.0,250.0,4006.4644790257103
2011,574.8,727.3,260.0,183.8,366.7,4006.4644790257103
2011,1895.7,133.7,136.2,60.8,76.7,4006.4644790257103
2011,29.5,908.5050445103858,60.0,57.1,50.0,4006.4644790257103
2011,74.5,140.0,80.0,50.0,133.3,4006.4644790257103
2011,310.5,36.0,82.1,54.9,23.1,4006.4644790257103
2011,437.1,86.4,154.5,116.9,50.0,4006.4644790257103
2011,527.6,555.6,170.6,100.0,185.7,4006.4644790257103
2011,1218.9,135.5,164.7,116.7,106.3,4006.4644790257103
2011,885.9,67.7,117.6,65.6,85.7,4006.4644790257103
2011,2145.8,35.5,73.8,151.8,47.5,4006.4644790257103
2011,258.1,90.9,138.9,80.0,111.1,4006.4644790257103
2011,532.9,65.2,48.1,19.9,146.2,4006.4644790257103
2011,223.3,220.0,342.9,400.0,333.3,4006.4644790257103
2011,193.8,3000.0,191.7,138.1,500.0,4006.4644790257103
2011,625.1,36.4,62.8,54.1,48.8,4006.4644790257103
2011,1786.6,89.5,160.4,222.9,61.5,4006.4644790257103
2011,212.6,800.0,966.7,211.5,1100.0,4006.4644790257103
2011,33.4,908.5050445103858,997.7471821756225,20.0,606.0225288159273,4006.4644790257103
2011,841.5,261.1,65.5,22.6,387.5,4006.4644790257103
2011,435.9,60.6,136.4,132.3,225.0,4006.4644790257103
2011,18.1,908.5050445103858,125.0,18.2,606.0225288159273,4006.4644790257103
2011,1982.2,88.4,223.9,266.3,98.2,4006.4644790257103
2011,44.6,908.5050445103858,500.0,75.0,400.0,4006.4644790257103
2011,182.1,300.0,483.3,292.9,110.0,4006.4644790257103
2011,50.1,500.0,180.0,61.5,606.0225288159273,4006.4644790257103
2011,108.7,250.0,80.0,35.7,606.0225288159273,4006.4644790257103
2011,122.8,566.7,533.3,147.4,75.0,4006.4644790257103
2011,128.4,200.0,244.4,184.6,606.0225288159273,4006.4644790257103
2011,83.7,908.5050445103858,550.0,166.7,606.0225288159273,4006.4644790257103
2011,357.3,908.5050445103858,355.6,125.5,166.7,4006.4644790257103
2011,75.4,908.5050445103858,228.6,105.3,400.0,4006.4644790257103
2011,121.9,908.5050445103858,333.3,43.6,366.7,4006.4644790257103
2011,957.0,81.0,107.5,177.3,127.3,4006.4644790257103
2011,51.8,400.0,100.0,40.0,606.0225288159273,4006.4644790257103
2011,92.3,500.0,150.0,63.6,100.0,4006.4644790257103
2011,57.9,71.4,997.7471821756225,14.3,50.0,4006.4644790257103
2011,81.8,666.7,83.3,24.1,100.0,4006.4644790257103
2011,121.1,900.0,100.0,115.0,75.0,4006.4644790257103
2011,255.3,625.0,411.1,231.3,100.0,4006.4644790257103
2011,675.2,46.9,64.3,142.9,75.0,4006.4644790257103
2011,121.9,675.0,2200.0,95.5,700.0,4006.4644790257103
2011,39.3,133.3,100.0,63.6,200.0,4006.4644790257103
2011,48.4,1500.0,550.0,160.0,133.3,4006.4644790257103
2011,268.1,80.0,85.7,78.6,57.1,4006.4644790257103
2011,52.3,908.5050445103858,50.0,10.0,50.0,4006.4644790257103
2011,99.3,37.5,107.7,50.0,200.0,4006.4644790257103
2011,62.9,550.0,266.7,53.3,606.0225288159273,4006.4644790257103
2011,50.8,50.0,40.0,31.0,100.0,4006.4644790257103
2011,35.0,908.5050445103858,133.3,33.3,200.0,4006.4644790257103
2011,221.2,260.0,180.0,48.4,133.3,4006.4644790257103
2011,134.6,400.0,733.3,71.9,112.5,4006.4644790257103
2011,61.7,908.5050445103858,500.0,42.9,606.0225288159273,4006.4644790257103
2011,272.9,66.7,57.1,45.2,36.8,4006.4644790257103
2011,1451.0,50.0,120.5,198.4,52.3,4006.4644790257103
2011,1381.6,54.8,153.7,258.6,66.0,4006.4644790257103
2011,15.5,908.5050445103858,100.0,60.0,200.0,4006.4644790257103
2011,676.4,109.7,117.2,91.8,41.7,4006.4644790257103
2011,519.3,69.0,91.7,62.4,90.9,4006.4644790257103
2011,64.3,275.0,250.0,56.3,200.0,4006.4644790257103
2011,234.8,150.0,153.8,102.3,125.0,4006.4644790257103
2011,220.1,475.0,69.6,40.3,100.0,4006.4644790257103
2011,74.0,908.5050445103858,25.0,23.1,300.0,4006.4644790257103
2011,324.0,146.2,120.0,50.9,525.0,4006.4644790257103
2011,685.3,143.8,152.4,107.8,128.6,4006.4644790257103
2011,630.8,42.5,78.3,89.4,61.3,4006.4644790257103
2011,22.1,100.0,50.0,33.3,606.0225288159273,4006.4644790257103
2011,1237.8,72.0,95.3,45.1,128.0,4006.4644790257103
2011,83.8,88.9,150.0,33.3,66.7,4006.4644790257103
2011,643.7,53.1,78.3,38.8,100.0,4006.4644790257103
2011,33.1,908.5050445103858,997.7471821756225,100.0,606.0225288159273,4006.4644790257103
2011,115.8,650.0,375.0,263.6,600.0,4006.4644790257103
2011,903.8,123.1,181.6,50.6,150.0,4006.4644790257103
2011,80.8,200.0,900.0,90.5,606.0225288159273,4006.4644790257103
2011,31.9,908.5050445103858,997.7471821756225,61.5,606.0225288159273,4006.4644790257103
2011,28.2,500.0,500.0,22.2,100.0,4006.4644790257103
2011,39.1,500.0,900.0,150.0,300.0,4006.4644790257103
2011,373.6,116.7,163.2,121.2,109.1,4006.4644790257103
2011,270.0,766.7,141.2,135.5,66.7,4006.4644790257103
2011,78.3,908.5050445103858,50.0,187.5,1300.0,4006.4644790257103
2011,355.9,122.6,106.5,77.3,106.3,4006.4644790257103
2011,145.9,375.0,450.0,126.7,25.0,4006.4644790257103
2011,429.3,100.0,400.0,100.0,154.5,4006.4644790257103
2011,234.3,600.0,177.8,87.2,71.4,4006.4644790257103
2011,353.3,700.0,158.3,141.1,110.0,4006.4644790257103
2011,77.7,150.0,16.7,112.5,66.7,4006.4644790257103
2011,952.1,45.3,87.7,102.1,65.2,4006.4644790257103
2011,218.8,150.0,82.4,45.6,233.3,4006.4644790257103
2011,57.9,500.0,400.0,71.4,606.0225288159273,4006.4644790257103
2011,228.5,137.5,580.0,97.3,200.0,4006.4644790257103
2011,861.0,119.6,226.2,80.1,54.3,4006.4644790257103
2011,81.8,908.5050445103858,57.1,42.9,85.7,4006.4644790257103
2011,138.8,128.6,233.3,45.7,800.0,4006.4644790257103
2011,180.8,600.0,160.0,25.5,75.0,4006.4644790257103
2011,81.5,1400.0,50.0,31.8,606.0225288159273,4006.4644790257103
2011,194.0,82.4,135.7,63.8,122.2,4006.4644790257103
2011,77.8,1000.0,75.0,41.2,606.0225288159273,4006.4644790257103
2011,80.1,908.5050445103858,200.0,116.7,606.0225288159273,4006.4644790257103
2011,294.8,200.0,60.0,60.5,166.7,4006.4644790257103
2011,80.3,908.5050445103858,1300.0,90.0,250.0,4006.4644790257103
2011,1625.0,38.4,118.4,95.7,193.9,4006.4644790257103
2011,100.4,1600.0,700.0,225.0,606.0225288159273,4006.4644790257103
2011,648.3,137.8,126.3,141.4,105.0,4006.4644790257103
2011,244.8,220.0,123.3,180.0,77.8,4006.4644790257103
2011,1053.0,44.0,158.0,65.1,225.0,4006.4644790257103
2011,50.8,908.5050445103858,500.0,72.7,606.0225288159273,4006.4644790257103
2011,269.1,1800.0,183.3,188.2,233.3,4006.4644790257103
2011,1728.8,71.5,133.9,207.5,39.5,4006.4644790257103
2011,44.3,500.0,100.0,33.3,500.0,4006.4644790257103
2011,189.7,50.0,162.5,38.5,350.0,4006.4644790257103
2011,129.2,600.0,120.0,46.7,125.0,4006.4644790257103
2011,513.3,82.9,97.8,126.2,125.0,4006.4644790257103
2011,1510.4,99.1,269.1,195.3,60.0,4006.4644790257103
2011,88.6,750.0,116.7,47.8,606.0225288159273,4006.4644790257103
2011,436.7,56.8,93.1,67.0,69.2,4006.4644790257103
2011,168.1,107.7,260.0,72.4,30.8,4006.4644790257103
2011,72.4,22.2,60.0,111.1,40.0,4006.4644790257103
2011,147.9,566.7,271.4,181.8,100.0,4006.4644790257103
2011,45.8,100.0,150.0,45.5,100.0,4006.4644790257103
2011,124.3,908.5050445103858,1300.0,115.0,606.0225288159273,4006.4644790257103
2011,87.2,100.0,100.0,93.8,133.3,4006.4644790257103
2011,227.8,70.4,96.2,80.2,177.8,4006.4644790257103
2011,67.2,200.0,100.0,41.2,606.0225288159273,4006.4644790257103
2011,155.2,333.3,1050.0,64.7,275.0,4006.4644790257103
2011,77.9,1100.0,120.0,4.5,606.0225288159273,4006.4644790257103
2011,97.8,1600.0,260.0,50.0,350.0,4006.4644790257103
2011,302.3,137.5,314.3,129.3,45.5,4006.4644790257103
2011,91.3,66.7,66.7,8.0,66.7,4006.4644790257103
2011,428.5,148.3,445.5,150.6,250.0,4006.4644790257103
2011,162.4,908.5050445103858,483.3,193.9,1700.0,4006.4644790257103
2011,84.8,908.5050445103858,1300.0,117.6,500.0,4006.4644790257103
2011,349.6,172.2,291.7,150.0,200.0,4006.4644790257103
2011,761.3,51.6,112.7,86.8,61.9,4006.4644790257103
2011,56.3,850.0,133.3,59.1,606.0225288159273,4006.4644790257103
2011,583.8,44.4,138.5,82.9,155.6,4006.4644790257103
2011,94.0,160.0,180.0,56.3,200.0,4006.4644790257103
2011,213.9,340.0,233.3,107.4,400.0,4006.4644790257103
2011,185.8,133.3,66.7,97.4,800.0,4006.4644790257103
2011,148.3,162.5,133.3,100.0,100.0,4006.4644790257103
2011,1709.3,59.3,150.7,181.1,118.2,4006.4644790257103
2011,202.7,442.9,225.0,53.1,300.0,4006.4644790257103
2011,99.5,142.9,72.7,117.9,100.0,4006.4644790257103
2011,58.1,600.0,125.0,84.6,133.3,4006.4644790257103
2011,1066.9,200.0,178.5,136.9,91.7,4006.4644790257103
2011,69.3,50.0,997.7471821756225,140.0,250.0,4006.4644790257103
2011,181.0,1500.0,325.0,34.3,50.0,4006.4644790257103
2011,70.4,700.0,200.0,71.4,100.0,4006.4644790257103
2011,1676.2,45.3,63.4,124.0,50.6,4006.4644790257103
2011,77.5,400.0,166.7,111.8,300.0,4006.4644790257103
2011,74.6,340.0,180.0,40.0,133.3,4006.4644790257103
2011,1460.4,84.5,103.0,49.1,71.0,4006.4644790257103
2011,79.9,908.5050445103858,133.3,127.3,150.0,4006.4644790257103
2011,64.8,166.7,100.0,58.8,606.0225288159273,4006.4644790257103
2011,74.6,908.5050445103858,300.0,187.5,100.0,4006.4644790257103
2011,151.1,2200.0,500.0,60.6,600.0,4006.4644790257103
2011,755.7,118.4,221.6,151.2,162.5,4006.4644790257103
2011,317.7,160.0,112.5,97.9,100.0,4006.4644790257103
2011,13.3,908.5050445103858,300.0,66.7,606.0225288159273,4006.4644790257103
2011,537.3,53.9,271.4,92.7,120.0,4006.4644790257103
2011,101.7,600.0,433.3,105.9,50.0,4006.4644790257103
2011,16.8,908.5050445103858,200.0,18.2,606.0225288159273,4006.4644790257103
2011,39.3,75.0,997.7471821756225,50.0,50.0,4006.4644790257103
2011,968.6,76.9,296.8,105.8,138.5,4006.4644790257103
2011,46.2,908.5050445103858,75.0,40.0,606.0225288159273,4006.4644790257103
2011,80.6,1200.0,500.0,28.6,400.0,4006.4644790257103
2011,1382.8,383.3,217.5,181.7,362.5,4006.4644790257103
2011,247.6,45.0,67.7,55.6,50.0,4006.4644790257103
2011,64.6,908.5050445103858,88.9,53.3,606.0225288159273,4006.4644790257103
2011,467.1,390.0,94.7,145.9,92.9,4006.4644790257103
2011,752.8,275.0,221.4,166.7,96.6,4006.4644790257103
2011,532.9,455.6,278.6,266.7,154.5,4006.4644790257103
2011,103.7,75.0,187.5,20.9,200.0,4006.4644790257103
2012,696.6,1166.7,370.0,259.4,287.5,4006.4644790257103
2012,40.8,908.5050445103858,997.7471821756225,26.7,606.0225288159273,4006.4644790257103
2012,79.7,400.0,500.0,75.0,200.0,4006.4644790257103
2012,291.8,625.0,161.5,227.3,188.9,4006.4644790257103
2012,829.4,96.2,177.8,65.1,62.5,4006.4644790257103
2012,162.8,175.0,525.0,370.0,606.0225288159273,4006.4644790257103
2012,663.3,115.6,478.6,124.3,200.0,4006.4644790257103
2012,222.8,60.0,171.4,186.4,42.9,4006.4644790257103
2012,17.1,908.5050445103858,25.0,11.1,25.0,4006.4644790257103
2012,153.1,200.0,114.3,100.0,85.7,4006.4644790257103
2012,604.5,113.0,128.0,186.1,154.5,4006.4644790257103
2012,64.6,908.5050445103858,166.7,60.0,606.0225288159273,4006.4644790257103
2012,186.3,700.0,366.7,100.0,606.0225288159273,4006.4644790257103
2012,71.2,150.0,25.0,33.3,606.0225288159273,4006.4644790257103
2012,78.3,350.0,200.0,75.0,100.0,4006.4644790257103
2012,48.5,908.5050445103858,997.7471821756225,100.0,500.0,4006.4644790257103
2012,377.1,78.6,300.0,275.0,300.0,4006.4644790257103
2012,89.9,908.5050445103858,600.0,50.0,200.0,4006.4644790257103
2012,97.2,250.0,350.0,61.5,600.0,4006.4644790257103
2012,47.4,908.5050445103858,200.0,114.3,606.0225288159273,4006.4644790257103
2012,58.1,908.5050445103858,75.0,80.0,200.0,4006.4644790257103
2012,33.9,100.0,997.7471821756225,1157.552021089631,606.0225288159273,4006.4644790257103
2012,1007.0,406.7,200.0,63.0,800.0,4006.4644790257103
2012,346.9,2500.0,633.3,168.8,606.0225288159273,4006.4644790257103
2012,309.3,825.0,370.0,384.2,112.5,4006.4644790257103
2012,131.3,800.0,185.7,158.8,85.7,4006.4644790257103
2012,242.7,190.9,733.3,126.9,57.1,4006.4644790257103
2012,119.2,233.3,100.0,94.4,606.0225288159273,4006.4644790257103
2012,77.3,900.0,300.0,75.0,200.0,4006.4644790257103
2012,200.1,141.7,107.1,111.5,350.0,4006.4644790257103
2012,91.5,400.0,800.0,100.0,200.0,4006.4644790257103
2012,42.5,908.5050445103858,150.0,33.3,100.0,4006.4644790257103
2012,150.4,46.2,350.0,121.1,50.0,4006.4644790257103
2012,1234.9,358.3,400.0,315.4,113.3,4006.4644790257103
2012,55.8,908.5050445103858,100.0,300.0,606.0225288159273,4006.4644790257103
2012,279.8,200.0,155.6,58.3,8.7,4006.4644790257103
2012,414.7,283.3,45.5,23.9,120.0,4006.4644790257103
2012,1336.0,214.3,202.6,109.1,295.0,4006.4644790257103
2012,33.8,50.0,66.7,50.0,606.0225288159273,4006.4644790257103
2012,1173.8,128.9,226.5,392.2,67.5,4006.4644790257103
2012,165.1,250.0,400.0,133.3,160.0,4006.4644790257103
2012,636.6,204.5,194.7,170.0,130.8,4006.4644790257103
2012,117.5,908.5050445103858,350.0,233.3,600.0,4006.4644790257103
2012,443.2,125.0,95.7,86.1,216.7,4006.4644790257103
2012,169.9,250.0,433.3,272.7,300.0,4006.4644790257103
2012,115.8,908.5050445103858,900.0,133.3,600.0,4006.4644790257103
2012,58.3,908.5050445103858,300.0,80.0,606.0225288159273,4006.4644790257103
2012,624.2,1333.3,610.0,469.7,230.8,4006.4644790257103
2012,324.9,1950.0,160.0,41.0,606.0225288159273,4006.4644790257103
2012,158.3,100.0,450.0,85.7,300.0,4006.4644790257103
2012,760.9,138.5,109.1,140.6,318.2,4006.4644790257103
2012,234.8,750.0,1900.0,307.7,166.7,4006.4644790257103
2012,139.9,908.5050445103858,150.0,55.6,33.3,4006.4644790257103
2012,424.7,685.7,308.3,465.0,285.7,4006.4644790257103
2012,75.8,908.5050445103858,266.7,50.0,66.7,4006.4644790257103
2012,106.6,800.0,250.0,281.8,606.0225288159273,4006.4644790257103
2012,326.5,153.8,178.6,154.1,55.6,4006.4644790257103
2012,34.1,908.5050445103858,33.3,100.0,606.0225288159273,4006.4644790257103
2012,941.2,566.7,766.7,342.6,616.7,4006.4644790257103
2012,295.8,93.8,31.6,24.5,200.0,4006.4644790257103
2012,29.2,908.5050445103858,997.7471821756225,62.5,606.0225288159273,4006.4644790257103
2012,147.5,908.5050445103858,350.0,78.6,800.0,4006.4644790257103
2012,88.2,400.0,400.0,100.0,50.0,4006.4644790257103
2012,96.1,50.0,450.0,59.1,606.0225288159273,4006.4644790257103
2012,101.8,908.5050445103858,997.7471821756225,75.0,1000.0,4006.4644790257103
2012,354.8,316.7,125.0,21.1,606.0225288159273,4006.4644790257103
2012,119.3,200.0,220.0,433.3,606.0225288159273,4006.4644790257103
2012,717.7,1516.7,1040.0,282.9,112.5,4006.4644790257103
2012,423.3,350.0,93.3,20.0,606.0225288159273,4006.4644790257103
2012,201.5,700.0,725.0,1033.3,400.0,4006.4644790257103
2012,66.4,908.5050445103858,150.0,116.7,606.0225288159273,4006.4644790257103
2012,231.2,171.4,177.8,182.4,650.0,4006.4644790257103
2012,815.4,900.0,283.3,230.9,416.7,4006.4644790257103
2012,42.5,908.5050445103858,997.7471821756225,100.0,606.0225288159273,4006.4644790257103
2012,72.8,908.5050445103858,400.0,128.6,606.0225288159273,4006.4644790257103
2012,507.9,222.2,168.8,126.8,350.0,4006.4644790257103
2012,317.2,122.2,371.4,295.2,71.4,4006.4644790257103
2012,691.0,161.1,225.0,167.1,420.0,4006.4644790257103
2012,427.1,588.9,600.0,193.9,300.0,4006.4644790257103
2012,331.0,271.4,312.5,219.2,90.0,4006.4644790257103
2012,211.5,80.0,212.5,120.7,55.6,4006.4644790257103
2012,821.8,423.1,321.1,105.8,127.8,4006.4644790257103
2012,1084.5,157.6,264.0,196.8,22.9,4006.4644790257103
2012,641.3,321.4,164.0,36.8,89.5,4006.4644790257103
2012,137.1,180.0,400.0,90.0,606.0225288159273,4006.4644790257103
2012,74.2,42.9,75.0,69.2,200.0,4006.4644790257103
2012,978.3,319.0,375.0,606.3,207.7,4006.4644790257103
2012,69.5,908.5050445103858,166.7,100.0,150.0,4006.4644790257103
2012,78.8,400.0,600.0,162.5,300.0,4006.4644790257103
2012,54.4,908.5050445103858,600.0,70.0,606.0225288159273,4006.4644790257103
2012,55.9,908.5050445103858,100.0,57.1,75.0,4006.4644790257103
2012,51.0,908.5050445103858,600.0,9.1,606.0225288159273,4006.4644790257103
2012,405.3,908.5050445103858,850.0,200.0,1400.0,4006.4644790257103
2012,44.5,908.5050445103858,997.7471821756225,100.0,606.0225288159273,4006.4644790257103
2012,59.8,908.5050445103858,450.0,500.0,606.0225288159273,4006.4644790257103
2012,193.2,908.5050445103858,650.0,205.6,800.0,4006.4644790257103
2012,152.2,133.3,300.0,158.3,250.0,4006.4644790257103
2012,712.5,700.0,540.0,251.9,614.3,4006.4644790257103
2012,40.3,908.5050445103858,997.7471821756225,133.3,100.0,4006.4644790257103
2012,94.4,908.5050445103858,60.0,85.7,250.0,4006.4644790257103
2012,345.8,36.8,143.8,60.4,30.0,4006.4644790257103
2012,534.2,68.2,181.8,176.4,70.0,4006.4644790257103
2012,671.7,331.3,300.0,147.9,230.8,4006.4644790257103
2012,1632.0,229.8,260.9,238.3,140.5,4006.4644790257103
2012,1096.9,98.0,210.0,125.9,115.8,4006.4644790257103
2012,355.6,127.8,245.5,102.8,216.7,4006.4644790257103
2012,683.8,87.1,93.5,27.2,400.0,4006.4644790257103
2012,269.3,1100.0,650.0,500.0,900.0,4006.4644790257103
2012,225.3,2700.0,575.0,157.9,1000.0,4006.4644790257103
2012,806.4,70.7,100.0,74.2,75.0,4006.4644790257103
2012,290.2,1150.0,875.0,400.0,600.0,4006.4644790257103
2012,35.8,908.5050445103858,997.7471821756225,36.4,606.0225288159273,4006.4644790257103
2012,1037.2,416.7,92.7,42.1,633.3,4006.4644790257103
2012,524.5,114.3,344.4,168.5,190.9,4006.4644790257103
2012,28.1,908.5050445103858,500.0,33.3,606.0225288159273,4006.4644790257103
2012,74.3,908.5050445103858,250.0,108.3,606.0225288159273,4006.4644790257103
2012,261.4,1300.0,2600.0,716.7,110.0,4006.4644790257103
2012,61.8,300.0,375.0,100.0,606.0225288159273,4006.4644790257103
2012,111.4,908.5050445103858,250.0,41.7,606.0225288159273,4006.4644790257103
2012,143.8,533.3,1500.0,300.0,200.0,4006.4644790257103
2012,145.6,1100.0,540.0,210.0,600.0,4006.4644790257103
2012,107.2,908.5050445103858,900.0,180.0,606.0225288159273,4006.4644790257103
2012,428.1,908.5050445103858,1100.0,216.7,140.0,4006.4644790257103
2012,111.0,908.5050445103858,650.0,129.4,606.0225288159273,4006.4644790257103
2012,172.4,908.5050445103858,1000.0,65.5,366.7,4006.4644790257103
2012,1121.8,166.7,173.0,168.6,166.7,4006.4644790257103
2012,67.3,908.5050445103858,200.0,37.5,50.0,4006.4644790257103
2012,111.4,1500.0,150.0,88.9,606.0225288159273,4006.4644790257103
2012,53.8,908.5050445103858,33.3,16.7,606.0225288159273,4006.4644790257103
2012,79.8,908.5050445103858,250.0,42.9,606.0225288159273,4006.4644790257103
2012,177.8,225.0,260.0,192.3,266.7,4006.4644790257103
2012,382.8,2600.0,633.3,733.3,183.3,4006.4644790257103
2012,875.5,74.3,34.7,273.2,88.2,4006.4644790257103
2012,168.9,900.0,733.3,241.7,606.0225288159273,4006.4644790257103
2012,44.5,908.5050445103858,150.0,150.0,300.0,4006.4644790257103
2012,75.8,908.5050445103858,900.0,228.6,250.0,4006.4644790257103
2012,340.5,136.4,105.6,100.0,133.3,4006.4644790257103
2012,53.1,100.0,57.1,33.3,100.0,4006.4644790257103
2012,128.6,266.7,118.2,107.1,175.0,4006.4644790257103
2012,73.8,500.0,233.3,100.0,200.0,4006.4644790257103
2012,61.2,133.3,33.3,57.9,300.0,4006.4644790257103
2012,247.4,600.0,300.0,100.0,175.0,4006.4644790257103
2012,195.9,300.0,2200.0,155.0,250.0,4006.4644790257103
2012,72.5,908.5050445103858,500.0,166.7,606.0225288159273,4006.4644790257103
2012,356.6,121.4,133.3,105.6,108.3,4006.4644790257103
2012,1853.5,87.4,136.4,253.1,61.1,4006.4644790257103
2012,1766.1,61.8,184.8,334.4,82.7,4006.4644790257103
2012,29.6,908.5050445103858,997.7471821756225,75.0,606.0225288159273,4006.4644790257103
2012,810.6,181.3,171.4,123.6,70.0,4006.4644790257103
2012,680.3,105.7,171.9,120.0,164.7,4006.4644790257103
2012,99.8,1400.0,997.7471821756225,85.7,606.0225288159273,4006.4644790257103
2012,302.8,380.0,375.0,151.4,166.7,4006.4644790257103
2012,244.7,908.5050445103858,123.1,70.7,180.0,4006.4644790257103
2012,86.8,600.0,100.0,40.0,500.0,4006.4644790257103
2012,456.2,266.7,200.0,161.5,800.0,4006.4644790257103
2012,849.5,122.2,207.1,175.7,184.6,4006.4644790257103
2012,790.6,89.5,131.4,103.4,71.0,4006.4644790257103
2012,23.0,100.0,20.0,37.5,606.0225288159273,4006.4644790257103
2012,1546.8,94.6,127.9,68.9,195.0,4006.4644790257103
2012,104.5,160.0,150.0,46.2,50.0,4006.4644790257103
2012,867.7,119.2,130.0,71.3,110.0,4006.4644790257103
2012,36.2,908.5050445103858,997.7471821756225,100.0,606.0225288159273,4006.4644790257103
2012,153.1,908.5050445103858,450.0,775.0,606.0225288159273,4006.4644790257103
2012,1187.3,174.3,212.5,93.6,225.0,4006.4644790257103
2012,91.2,200.0,900.0,164.3,606.0225288159273,4006.4644790257103
2012,37.3,908.5050445103858,997.7471821756225,100.0,606.0225288159273,4006.4644790257103
2012,40.5,600.0,997.7471821756225,1157.552021089631,100.0,4006.4644790257103
2012,50.4,908.5050445103858,997.7471821756225,166.7,606.0225288159273,4006.4644790257103
2012,413.9,210.0,280.0,206.3,107.7,4006.4644790257103
2012,299.2,908.5050445103858,311.1,268.8,75.0,4006.4644790257103
2012,88.7,908.5050445103858,133.3,233.3,606.0225288159273,4006.4644790257103
2012,449.7,200.0,291.7,174.5,216.7,4006.4644790257103
2012,161.9,908.5050445103858,500.0,180.0,50.0,4006.4644790257103
2012,497.4,175.0,1400.0,152.1,800.0,4006.4644790257103
2012,251.8,475.0,460.0,118.2,116.7,4006.4644790257103
2012,392.5,3100.0,416.7,184.8,136.4,4006.4644790257103
2012,94.6,908.5050445103858,40.0,150.0,150.0,4006.4644790257103
2012,1157.9,70.7,129.5,170.8,100.0,4006.4644790257103
2012,275.1,190.0,150.0,75.0,450.0,4006.4644790257103
2012,68.0,908.5050445103858,266.7,84.2,606.0225288159273,4006.4644790257103
2012,273.1,371.4,620.0,157.7,216.7,4006.4644790257103
2012,1012.8,150.0,372.0,122.2,55.3,4006.4644790257103
2012,118.6,908.5050445103858,200.0,58.8,100.0,4006.4644790257103
2012,171.0,350.0,533.3,105.6,900.0,4006.4644790257103
2012,199.0,908.5050445103858,200.0,32.5,200.0,4006.4644790257103
2012,87.8,1000.0,250.0,47.4,606.0225288159273,4006.4644790257103
2012,236.9,53.8,222.2,115.2,200.0,4006.4644790257103
2012,99.3,1100.0,66.7,61.5,400.0,4006.4644790257103
2012,107.7,908.5050445103858,187.5,200.0,606.0225288159273,4006.4644790257103
2012,350.3,123.1,58.8,116.0,200.0,4006.4644790257103
2012,105.7,908.5050445103858,997.7471821756225,450.0,450.0,4006.4644790257103
2012,1931.3,54.1,217.5,166.7,256.7,4006.4644790257103
2012,112.8,908.5050445103858,997.7471821756225,900.0,606.0225288159273,4006.4644790257103
2012,839.2,196.7,271.4,265.3,193.3,4006.4644790257103
2012,446.1,480.0,194.4,211.4,200.0,4006.4644790257103
2012,1242.0,68.5,205.0,94.5,350.0,4006.4644790257103
2012,62.8,908.5050445103858,997.7471821756225,116.7,606.0225288159273,4006.4644790257103
2012,326.3,1800.0,1350.0,330.0,366.7,4006.4644790257103
2012,58.0,908.5050445103858,400.0,60.0,700.0,4006.4644790257103
2012,226.6,175.0,350.0,76.7,400.0,4006.4644790257103
2012,161.2,908.5050445103858,250.0,117.4,225.0,4006.4644790257103
2012,658.9,103.8,129.4,182.4,160.0,4006.4644790257103
2012,1812.1,128.9,302.0,268.9,58.3,4006.4644790257103
2012,107.1,600.0,116.7,93.3,606.0225288159273,4006.4644790257103
2012,485.1,110.5,182.4,98.4,81.8,4006.4644790257103
2012,347.2,162.5,650.0,96.3,62.5,4006.4644790257103
2012,106.1,80.0,111.1,600.0,66.7,4006.4644790257103
2012,197.8,850.0,700.0,372.7,350.0,4006.4644790257103
2012,68.4,908.5050445103858,133.3,87.5,606.0225288159273,4006.4644790257103
2012,141.3,1400.0,997.7471821756225,133.3,606.0225288159273,4006.4644790257103
2012,113.8,600.0,100.0,163.6,500.0,4006.4644790257103
2012,308.1,79.2,152.9,108.6,300.0,4006.4644790257103
2012,99.3,150.0,200.0,60.0,606.0225288159273,4006.4644790257103
2012,192.8,1100.0,733.3,128.1,750.0,4006.4644790257103
2012,119.6,908.5050445103858,350.0,14.3,606.0225288159273,4006.4644790257103
2012,130.0,908.5050445103858,600.0,77.8,800.0,4006.4644790257103
2012,386.5,92.3,400.0,208.0,54.5,4006.4644790257103
2012,103.3,908.5050445103858,50.0,54.5,100.0,4006.4644790257103
2012,542.0,180.8,750.0,270.2,287.5,4006.4644790257103
2012,220.1,2300.0,700.0,300.0,750.0,4006.4644790257103
2012,79.5,908.5050445103858,1400.0,161.5,400.0,4006.4644790257103
2012,421.7,500.0,333.3,246.9,350.0,4006.4644790257103
2012,1054.8,100.0,137.0,166.3,84.8,4006.4644790257103
2012,72.2,908.5050445103858,900.0,82.4,800.0,4006.4644790257103
2012,706.1,77.4,176.2,121.4,300.0,4006.4644790257103
2012,132.8,450.0,550.0,127.3,400.0,4006.4644790257103
2012,246.7,750.0,233.3,144.0,1100.0,4006.4644790257103
2012,233.0,250.0,109.1,159.1,606.0225288159273,4006.4644790257103
2012,197.3,350.0,333.3,110.5,400.0,4006.4644790257103
2012,2049.8,109.7,157.8,389.5,200.0,4006.4644790257103
2012,200.0,2700.0,172.7,95.0,300.0,4006.4644790257103
2012,138.9,225.0,150.0,175.0,100.0,4006.4644790257103
2012,86.6,700.0,350.0,157.1,75.0,4006.4644790257103
2012,1255.6,245.2,297.1,239.0,120.7,4006.4644790257103
2012,89.1,250.0,400.0,233.3,400.0,4006.4644790257103
2012,204.5,1500.0,1300.0,61.9,133.3,4006.4644790257103
2012,85.3,908.5050445103858,250.0,90.0,606.0225288159273,4006.4644790257103
2012,2009.5,70.0,92.9,185.8,55.8,4006.4644790257103
2012,100.1,500.0,100.0,177.8,606.0225288159273,4006.4644790257103
2012,91.3,400.0,366.7,84.6,300.0,4006.4644790257103
2012,1907.6,146.8,196.4,104.0,102.0,4006.4644790257103
2012,91.7,908.5050445103858,250.0,266.7,200.0,4006.4644790257103
2012,61.1,300.0,997.7471821756225,72.7,606.0225288159273,4006.4644790257103
2012,83.5,908.5050445103858,1000.0,141.7,100.0,4006.4644790257103
2012,158.4,2000.0,650.0,192.9,700.0,4006.4644790257103
2012,923.9,309.1,242.4,323.9,462.5,4006.4644790257103
2012,369.8,120.0,100.0,122.9,150.0,4006.4644790257103
2012,24.9,908.5050445103858,997.7471821756225,200.0,606.0225288159273,4006.4644790257103
2012,705.3,64.6,687.5,196.8,260.0,4006.4644790257103
2012,131.8,800.0,350.0,100.0,300.0,4006.4644790257103
2012,24.7,908.5050445103858,997.7471821756225,45.5,606.0225288159273,4006.4644790257103
2012,49.1,300.0,100.0,60.0,606.0225288159273,4006.4644790257103
2012,1139.2,96.4,290.6,178.9,205.6,4006.4644790257103
2012,45.9,908.5050445103858,997.7471821756225,66.7,606.0225288159273,4006.4644790257103
2012,88.6,1400.0,997.7471821756225,45.5,606.0225288159273,4006.4644790257103
2012,1644.6,434.4,547.8,287.6,458.8,4006.4644790257103
2012,295.1,52.9,146.7,71.7,80.0,4006.4644790257103
2012,99.7,908.5050445103858,450.0,72.2,606.0225288159273,4006.4644790257103
2012,593.5,1266.7,188.9,236.8,177.8,4006.4644790257103
2012,1018.9,677.8,196.6,280.6,128.0,4006.4644790257103
2012,588.4,1075.0,2450.0,375.0,600.0,4006.4644790257103
2012,133.4,100.0,233.3,73.3,606.0225288159273,4006.4644790257103
2013,629.2,2100.0,1650.0,438.1,287.5,2847.0
2013,43.5,908.5050445103858,997.7471821756225,71.4,606.0225288159273,361.0
2013,73.8,300.0,997.7471821756225,100.0,300.0,230.0
2013,286.8,650.0,766.7,622.2,271.4,3461.0
2013,799.3,171.4,269.2,129.4,76.5,6341.0
2013,131.3,216.7,997.7471821756225,1850.0,606.0225288159273,2211.0
2013,642.5,140.7,800.0,237.8,400.0,5673.0
2013,241.6,122.2,366.7,250.0,38.5,1811.0
2013,17.8,200.0,25.0,100.0,33.3,114.0
2013,138.5,140.0,500.0,88.9,266.7,901.0
2013,565.0,362.5,320.0,334.8,188.9,5294.0
2013,58.8,908.5050445103858,500.0,175.0,606.0225288159273,186.0
2013,193.8,1700.0,1100.0,138.5,600.0,795.0
2013,63.9,300.0,33.3,40.0,606.0225288159273,255.0
2013,101.8,266.7,997.7471821756225,118.2,200.0,1113.0
2013,63.4,908.5050445103858,997.7471821756225,175.0,606.0225288159273,383.0
2013,347.3,133.3,800.0,850.0,400.0,1597.0
2013,88.1,908.5050445103858,233.3,100.0,700.0,302.0
2013,101.7,350.0,800.0,150.0,606.0225288159273,481.0
2013,55.3,300.0,997.7471821756225,250.0,606.0225288159273,185.0
2013,62.1,908.5050445103858,300.0,133.3,606.0225288159273,607.0
2013,38.7,908.5050445103858,50.0,1157.552021089631,606.0225288159273,101.0
2013,949.9,914.3,338.9,117.6,1650.0,4649.0
2013,337.3,908.5050445103858,997.7471821756225,600.0,606.0225288159273,1328.0
2013,305.8,485.7,1800.0,646.2,216.7,2673.0
2013,144.8,908.5050445103858,1400.0,254.5,140.0,1068.0
2013,264.1,275.0,997.7471821756225,350.0,87.5,1553.0
2013,143.2,400.0,997.7471821756225,275.0,606.0225288159273,822.0
2013,81.1,908.5050445103858,997.7471821756225,150.0,606.0225288159273,391.0
2013,225.3,200.0,300.0,140.0,800.0,2137.0
2013,91.3,908.5050445103858,997.7471821756225,214.3,606.0225288159273,505.0
2013,35.6,100.0,300.0,50.0,200.0,175.0
2013,139.1,116.7,1600.0,184.6,62.5,1351.0
2013,1263.5,478.9,685.7,651.1,195.8,12280.0
2013,67.2,908.5050445103858,200.0,133.3,606.0225288159273,388.0
2013,269.3,450.0,360.0,100.0,46.7,2543.0
2013,437.3,300.0,76.9,58.8,150.0,941.0
2013,1224.9,284.4,650.0,196.9,429.4,12863.0
2013,30.8,908.5050445103858,100.0,33.3,606.0225288159273,119.0
2013,1242.8,151.5,390.0,567.4,86.5,3772.0
2013,150.3,166.7,1000.0,216.7,333.3,2507.0
2013,671.8,383.3,345.5,336.7,222.2,3037.0
2013,113.8,908.5050445103858,997.7471821756225,425.0,606.0225288159273,408.0
2013,457.4,700.0,357.1,171.4,320.0,3245.0
2013,158.9,550.0,1200.0,850.0,333.3,761.0
2013,118.1,908.5050445103858,997.7471821756225,175.0,606.0225288159273,458.0
2013,68.8,908.5050445103858,500.0,250.0,606.0225288159273,307.0
2013,666.9,1500.0,1083.3,662.5,327.3,2372.0
2013,311.9,3500.0,800.0,72.7,1000.0,907.0
2013,171.3,133.3,800.0,163.6,1000.0,839.0
2013,714.8,164.7,148.6,150.4,370.0,4142.0
2013,245.6,533.3,997.7471821756225,1850.0,150.0,822.0
2013,153.8,908.5050445103858,997.7471821756225,61.1,50.0,1062.0
2013,451.2,642.9,940.0,547.1,275.0,3694.0
2013,81.8,908.5050445103858,997.7471821756225,266.7,66.7,274.0
2013,120.2,908.5050445103858,997.7471821756225,288.9,606.0225288159273,651.0
2013,309.7,333.3,900.0,276.2,133.3,1364.0
2013,34.3,908.5050445103858,200.0,66.7,606.0225288159273,153.0
2013,983.8,709.1,1100.0,541.9,1000.0,4891.0
2013,253.2,107.7,75.0,46.4,500.0,991.0
2013,40.2,908.5050445103858,700.0,166.7,606.0225288159273,178.0
2013,183.0,2300.0,997.7471821756225,131.6,606.0225288159273,880.0
2013,94.4,100.0,997.7471821756225,100.0,100.0,310.0
2013,98.6,908.5050445103858,997.7471821756225,177.8,606.0225288159273,2122.0
2013,115.3,908.5050445103858,997.7471821756225,175.0,606.0225288159273,350.0
2013,370.4,2800.0,566.7,47.8,606.0225288159273,977.0
2013,113.3,908.5050445103858,997.7471821756225,340.0,606.0225288159273,822.0
2013,385.0,1250.0,240.0,38.5,606.0225288159273,934.0
2013,199.6,1300.0,2900.0,900.0,650.0,871.0
2013,68.1,908.5050445103858,997.7471821756225,400.0,606.0225288159273,527.0
2013,209.3,600.0,225.0,320.0,400.0,1530.0
2013,803.9,164.1,540.0,358.3,490.0,4068.0
2013,48.4,908.5050445103858,997.7471821756225,125.0,200.0,161.0
2013,69.8,600.0,200.0,300.0,606.0225288159273,152.0
2013,501.2,733.3,342.9,203.7,350.0,1537.0
2013,289.8,146.7,266.7,618.2,75.0,1592.0
2013,666.3,245.5,900.0,287.2,550.0,1806.0
2013,405.3,625.0,1075.0,645.5,233.3,2589.0
2013,337.9,228.6,1300.0,350.0,137.5,3177.0
2013,214.3,700.0,800.0,341.7,120.0,1038.0
2013,788.8,490.0,675.0,166.7,123.8,3942.0
2013,983.2,150.0,690.0,343.6,37.0,6867.0
2013,558.6,328.6,420.0,73.1,92.0,8892.0
2013,127.8,300.0,200.0,80.0,606.0225288159273,702.0
2013,69.6,41.7,166.7,160.0,250.0,717.0
2013,941.8,336.8,1650.0,970.0,333.3,6686.0
2013,64.7,908.5050445103858,997.7471821756225,200.0,150.0,271.0
2013,87.6,300.0,997.7471821756225,400.0,606.0225288159273,284.0
2013,51.3,908.5050445103858,997.7471821756225,100.0,606.0225288159273,242.0
2013,63.9,908.5050445103858,400.0,44.4,150.0,236.0
2013,55.1,908.5050445103858,166.7,40.0,606.0225288159273,227.0
2013,442.8,908.5050445103858,1133.3,357.1,1000.0,2176.0
2013,45.3,908.5050445103858,200.0,100.0,606.0225288159273,99.0
2013,68.3,908.5050445103858,997.7471821756225,1800.0,250.0,346.0
2013,162.5,908.5050445103858,1700.0,512.5,1700.0,623.0
2013,165.2,400.0,1300.0,366.7,225.0,806.0
2013,666.4,1171.4,1060.0,418.2,783.3,4054.0
2013,48.3,908.5050445103858,400.0,400.0,100.0,217.0
2013,110.3,908.5050445103858,300.0,216.7,250.0,529.0
2013,356.7,50.0,190.9,100.0,100.0,2285.0
2013,446.3,100.0,208.3,278.9,93.8,2479.0
2013,765.0,1300.0,850.0,304.0,300.0,1608.0
2013,1651.6,253.5,496.0,338.8,194.4,17298.0
2013,1085.8,120.5,485.7,169.7,164.3,8927.0
2013,340.6,192.3,428.6,287.5,375.0,1555.0
2013,726.6,171.4,269.2,48.2,288.9,3858.0
2013,279.0,908.5050445103858,997.7471821756225,2650.0,800.0,1159.0
2013,238.3,2400.0,550.0,206.7,1200.0,828.0
2013,832.7,117.9,263.6,118.9,113.8,9153.0
2013,300.9,1250.0,3000.0,1000.0,750.0,3145.0
2013,38.7,908.5050445103858,500.0,66.7,606.0225288159273,195.0
2013,1072.3,625.0,217.6,81.0,1333.3,4889.0
2013,460.6,183.3,850.0,344.4,192.3,6055.0
2013,34.8,908.5050445103858,200.0,200.0,606.0225288159273,122.0
2013,64.3,908.5050445103858,600.0,66.7,606.0225288159273,471.0
2013,248.8,1500.0,2600.0,1533.3,157.1,2473.0
2013,73.9,908.5050445103858,800.0,700.0,606.0225288159273,334.0
2013,92.4,908.5050445103858,300.0,225.0,606.0225288159273,186.0
2013,177.5,400.0,1300.0,3400.0,606.0225288159273,785.0
2013,166.8,908.5050445103858,1350.0,362.5,606.0225288159273,527.0
2013,96.8,908.5050445103858,900.0,271.4,606.0225288159273,435.0
2013,450.4,908.5050445103858,3500.0,431.3,366.7,1453.0
2013,124.1,908.5050445103858,1100.0,157.1,606.0225288159273,427.0
2013,185.8,2200.0,400.0,147.1,433.3,677.0
2013,1155.3,250.0,440.0,515.4,107.1,2320.0
2013,68.8,900.0,500.0,75.0,300.0,291.0
2013,121.4,1500.0,233.3,125.0,606.0225288159273,272.0
2013,58.5,908.5050445103858,200.0,40.0,200.0,213.0
2013,102.7,908.5050445103858,700.0,61.5,606.0225288159273,396.0
2013,195.2,1000.0,1400.0,480.0,225.0,1488.0
2013,432.3,908.5050445103858,3700.0,1080.0,466.7,1091.0
2013,857.8,107.7,161.9,776.9,90.5,3429.0
2013,198.3,440.0,2100.0,800.0,1300.0,1222.0
2013,41.1,120.0,997.7471821756225,233.3,400.0,333.0
2013,75.6,908.5050445103858,900.0,271.4,300.0,979.0
2013,368.8,400.0,140.0,217.6,366.7,1000.0
2013,56.3,100.0,100.0,25.0,606.0225288159273,91.0
2013,122.0,800.0,400.0,214.3,266.7,611.0
2013,90.9,500.0,997.7471821756225,166.7,300.0,229.0
2013,67.5,250.0,200.0,125.0,700.0,421.0
2013,39.2,908.5050445103858,997.7471821756225,1157.552021089631,606.0225288159273,261.0
2013,230.2,900.0,450.0,262.5,200.0,859.0
2013,201.9,550.0,997.7471821756225,291.7,275.0,1157.0
2013,93.3,908.5050445103858,997.7471821756225,300.0,606.0225288159273,284.0
2013,320.0,222.2,211.1,133.3,92.3,2095.0
2013,1816.3,112.7,352.4,457.3,68.6,6954.0
2013,45.8,400.0,200.0,166.7,606.0225288159273,374.0
2013,742.4,238.5,166.7,279.4,61.5,2283.0
2013,679.8,200.0,358.8,337.0,213.3,10987.0
2013,119.8,1400.0,700.0,420.0,606.0225288159273,2237.0
2013,312.2,400.0,400.0,266.7,266.7,2381.0
2013,270.4,908.5050445103858,475.0,194.4,150.0,1793.0
2013,66.8,800.0,500.0,100.0,500.0,317.0
2013,437.3,372.7,400.0,284.4,966.7,5425.0
2013,823.4,80.7,957.1,559.1,192.9,6393.0
2013,729.9,153.8,391.7,194.7,87.5,10638.0
2013,16.7,100.0,20.0,28.6,606.0225288159273,230.0
2013,1652.1,152.8,317.2,120.8,238.9,7580.0
2013,129.7,400.0,300.0,80.0,100.0,361.0
2013,934.0,163.6,227.8,96.7,147.1,6534.0
2013,35.5,908.5050445103858,997.7471821756225,800.0,606.0225288159273,279.0
2013,134.0,908.5050445103858,900.0,1166.7,606.0225288159273,792.0
2013,1265.8,239.3,452.9,181.3,571.4,6004.0
2013,88.1,500.0,1200.0,350.0,606.0225288159273,515.0
2013,39.2,908.5050445103858,997.7471821756225,180.0,606.0225288159273,241.0
2013,38.2,908.5050445103858,997.7471821756225,1157.552021089631,100.0,119.0
2013,61.2,908.5050445103858,997.7471821756225,1100.0,606.0225288159273,580.0
2013,421.8,266.7,850.0,253.8,127.3,1898.0
2013,313.9,1100.0,700.0,328.6,128.6,1156.0
2013,85.3,908.5050445103858,300.0,475.0,606.0225288159273,600.0
2013,479.9,376.9,760.0,272.7,300.0,6417.0
2013,166.0,908.5050445103858,1000.0,550.0,300.0,694.0
2013,229.0,600.0,997.7471821756225,200.0,180.0,1068.0
2013,426.8,800.0,442.9,296.6,228.6,1773.0
2013,108.3,250.0,100.0,133.3,350.0,266.0
2013,1121.8,117.4,331.3,253.6,80.0,5238.0
2013,268.1,625.0,316.7,129.2,566.7,2609.0
2013,80.5,908.5050445103858,275.0,115.4,606.0225288159273,520.0
2013,302.8,625.0,1000.0,562.5,200.0,1481.0
2013,974.1,238.5,460.0,250.8,84.4,4926.0
2013,131.0,300.0,200.0,133.3,133.3,450.0
2013,216.2,800.0,997.7471821756225,230.0,606.0225288159273,720.0
2013,230.0,1800.0,500.0,71.4,250.0,317.0
2013,100.7,908.5050445103858,500.0,64.3,606.0225288159273,323.0
2013,243.0,87.5,997.7471821756225,209.5,188.9,2233.0
2013,103.8,908.5050445103858,997.7471821756225,350.0,500.0,416.0
2013,115.1,1500.0,266.7,500.0,606.0225288159273,668.0
2013,343.0,163.6,375.0,200.0,233.3,1335.0
2013,119.4,908.5050445103858,997.7471821756225,900.0,400.0,632.0
2013,1897.7,83.1,1280.0,318.8,379.2,15197.0
2013,109.3,908.5050445103858,997.7471821756225,275.0,606.0225288159273,163.0
2013,831.8,276.2,408.3,416.1,276.9,5199.0
2013,434.8,540.0,292.3,334.8,650.0,1807.0
2013,1227.0,102.8,368.4,171.3,522.2,7396.0
2013,55.8,908.5050445103858,997.7471821756225,1000.0,606.0225288159273,144.0
2013,290.4,908.5050445103858,997.7471821756225,583.3,325.0,1625.0
2013,2218.1,128.2,370.5,674.1,54.0,7796.0
2013,73.0,908.5050445103858,997.7471821756225,75.0,800.0,321.0
2013,262.2,280.0,325.0,206.7,800.0,771.0
2013,186.0,908.5050445103858,183.3,166.7,225.0,1067.0
2013,652.8,192.9,272.2,357.1,275.0,2276.0
2013,1858.6,171.2,584.0,704.5,88.1,10317.0
2013,108.3,550.0,400.0,350.0,606.0225288159273,1131.0
2013,442.8,123.5,775.0,295.7,100.0,2107.0
2013,315.5,260.0,200.0,414.3,85.7,3852.0
2013,102.7,133.3,997.7471821756225,1157.552021089631,33.3,674.0
2013,194.4,900.0,2000.0,511.1,400.0,727.0
2013,78.9,908.5050445103858,400.0,233.3,200.0,364.0
2013,145.7,908.5050445103858,1400.0,250.0,606.0225288159273,643.0
2013,115.3,500.0,600.0,200.0,200.0,610.0
2013,317.4,130.8,750.0,183.7,900.0,4006.4644790257103
2013,100.5,700.0,997.7471821756225,100.0,606.0225288159273,473.0
2013,192.2,908.5050445103858,997.7471821756225,306.3,1700.0,889.0
2013,119.3,900.0,600.0,42.9,606.0225288159273,208.0
2013,116.9,908.5050445103858,997.7471821756225,88.9,300.0,437.0
2013,340.3,216.7,520.0,329.4,70.0,1657.0
2013,101.2,200.0,500.0,180.0,150.0,366.0
2013,502.2,236.4,997.7471821756225,846.7,442.9,2196.0
2013,246.4,908.5050445103858,1800.0,523.1,2000.0,2345.0
2013,98.1,908.5050445103858,1300.0,190.9,500.0,702.0
2013,398.8,387.5,900.0,533.3,383.3,3550.0
2013,1100.8,127.3,225.0,342.6,168.2,7375.0
2013,91.2,908.5050445103858,800.0,140.0,1100.0,770.0
2013,681.8,112.5,372.7,162.5,420.0,6456.0
2013,137.1,700.0,500.0,214.3,606.0225288159273,1043.0
2013,251.8,800.0,550.0,341.7,606.0225288159273,1563.0
2013,226.3,475.0,1400.0,528.6,606.0225288159273,4006.4644790257103
2013,207.2,1100.0,997.7471821756225,342.9,500.0,1482.0
2013,1962.2,143.1,495.0,933.3,311.8,6490.0
2013,184.6,2500.0,900.0,244.4,500.0,653.0
2013,116.4,333.3,240.0,211.1,200.0,979.0
2013,79.9,250.0,250.0,350.0,150.0,240.0
2013,1291.9,468.2,1120.0,428.6,164.0,8667.0
2013,86.6,166.7,800.0,175.0,300.0,261.0
2013,195.1,908.5050445103858,1500.0,116.7,400.0,704.0
2013,84.4,908.5050445103858,997.7471821756225,66.7,606.0225288159273,358.0
2013,1780.5,88.6,189.8,297.9,73.4,12461.0
2013,95.9,908.5050445103858,300.0,285.7,800.0,195.0
2013,91.0,1100.0,800.0,200.0,100.0,1267.0
2013,1921.9,188.7,500.0,226.9,138.6,17941.0
2013,96.0,908.5050445103858,600.0,500.0,150.0,449.0
2013,75.3,908.5050445103858,997.7471821756225,220.0,606.0225288159273,187.0
2013,99.8,908.5050445103858,1400.0,450.0,100.0,593.0
2013,135.3,2000.0,997.7471821756225,337.5,350.0,687.0
2013,1046.8,439.1,727.3,592.6,700.0,3704.0
2013,366.7,137.5,287.5,300.0,200.0,1470.0
2013,25.3,908.5050445103858,997.7471821756225,300.0,606.0225288159273,373.0
2013,675.4,65.2,950.0,1333.3,500.0,3301.0
2013,110.8,908.5050445103858,1200.0,169.2,606.0225288159273,946.0
2013,25.3,908.5050445103858,997.7471821756225,60.0,606.0225288159273,179.0
2013,53.9,100.0,100.0,150.0,200.0,516.0
2013,1160.5,137.8,1716.7,348.8,300.0,9997.0
2013,50.3,908.5050445103858,350.0,100.0,606.0225288159273,176.0
2013,101.8,908.5050445103858,997.7471821756225,275.0,606.0225288159273,320.0
2013,1720.8,537.5,636.8,409.0,464.7,10392.0
2013,286.3,38.9,266.7,113.9,140.0,2483.0
2013,109.1,1100.0,450.0,200.0,606.0225288159273,610.0
2013,571.6,1333.3,345.5,454.5,212.5,6212.0
2013,1063.0,508.3,406.3,411.4,145.0,6052.0
2013,571.1,1266.7,540.0,778.6,500.0,2827.0
2013,124.2,400.0,850.0,350.0,450.0,1213.0
2014,42.2,800.0,500.0,80.0,606.0225288159273,385.0
2014,66.3,908.5050445103858,400.0,150.0,606.0225288159273,229.0
2014,241.9,2400.0,2700.0,1625.0,262.5,3612.0
2014,635.5,725.0,800.0,405.3,170.0,6737.0
2014,97.9,433.3,997.7471821756225,3800.0,1300.0,2244.0
2014,466.7,433.3,633.3,536.4,216.7,5892.0
2014,200.7,162.5,325.0,341.7,88.9,1793.0
2014,12.6,908.5050445103858,997.7471821756225,50.0,606.0225288159273,125.0
2014,113.0,100.0,997.7471821756225,200.0,900.0,838.0
2014,355.5,1550.0,780.0,690.9,420.0,5507.0
2014,65.8,908.5050445103858,500.0,300.0,606.0225288159273,196.0
2014,156.2,900.0,997.7471821756225,650.0,233.3,850.0
2014,50.8,200.0,997.7471821756225,40.0,606.0225288159273,282.0
2014,96.5,908.5050445103858,997.7471821756225,233.3,606.0225288159273,1149.0
2014,1965.4,196.3,405.4,1151.8,151.1,7865.0
2014,52.9,908.5050445103858,997.7471821756225,366.7,800.0,356.0
2014,264.7,550.0,2000.0,2033.3,300.0,1536.0
2014,67.9,908.5050445103858,997.7471821756225,500.0,900.0,315.0
2014,82.8,908.5050445103858,600.0,200.0,606.0225288159273,486.0
2014,48.1,908.5050445103858,997.7471821756225,300.0,606.0225288159273,179.0
2014,55.3,908.5050445103858,997.7471821756225,350.0,606.0225288159273,609.0
2014,31.2,908.5050445103858,100.0,1157.552021089631,606.0225288159273,120.0
2014,814.9,1625.0,500.0,167.3,1650.0,4833.0
2014,269.9,908.5050445103858,997.7471821756225,4100.0,606.0225288159273,1433.0
2014,230.4,966.7,1850.0,1128.6,200.0,2650.0
2014,128.8,908.5050445103858,1600.0,272.7,300.0,1124.0
2014,181.9,550.0,1900.0,875.0,100.0,1528.0
2014,112.6,333.3,997.7471821756225,420.0,606.0225288159273,783.0
2014,67.4,908.5050445103858,997.7471821756225,600.0,606.0225288159273,376.0
2014,170.0,400.0,566.7,542.9,550.0,2239.0
2014,77.3,908.5050445103858,997.7471821756225,300.0,606.0225288159273,524.0
2014,34.4,908.5050445103858,100.0,125.0,606.0225288159273,176.0
2014,93.2,112.5,425.0,209.1,500.0,1332.0
2014,1030.6,1087.5,1357.1,1220.8,239.1,12571.0
2014,50.3,908.5050445103858,500.0,100.0,606.0225288159273,401.0
2014,200.6,242.9,2000.0,185.7,46.2,2716.0
2014,357.8,1600.0,1100.0,106.7,120.0,927.0
2014,1005.7,677.8,614.3,363.3,517.6,13307.0
2014,26.4,908.5050445103858,200.0,100.0,606.0225288159273,131.0
2014,1038.5,233.3,1800.0,970.4,86.1,4040.0
2014,114.9,200.0,300.0,300.0,1000.0,2569.0
2014,511.0,1800.0,680.0,1100.0,250.0,3161.0
2014,93.2,1200.0,997.7471821756225,320.0,606.0225288159273,432.0
2014,353.5,1100.0,997.7471821756225,716.7,1050.0,3279.0
2014,110.0,650.0,997.7471821756225,1100.0,450.0,845.0
2014,81.3,908.5050445103858,997.7471821756225,600.0,606.0225288159273,499.0
2014,63.2,908.5050445103858,997.7471821756225,300.0,300.0,323.0
2014,469.8,2633.3,883.3,968.8,362.5,2364.0
2014,274.3,3400.0,350.0,106.3,1400.0,908.0
2014,112.1,88.9,266.7,600.0,1100.0,799.0
2014,559.6,183.9,110.8,191.3,380.0,4127.0
2014,229.0,908.5050445103858,997.7471821756225,4100.0,220.0,850.0
2014,130.9,908.5050445103858,997.7471821756225,133.3,133.3,1127.0
2014,342.8,650.0,1100.0,918.2,314.3,3627.0
2014,87.4,908.5050445103858,800.0,450.0,200.0,256.0
2014,99.4,908.5050445103858,997.7471821756225,428.6,606.0225288159273,681.0
2014,225.3,211.1,1300.0,645.5,280.0,1380.0
2014,2089.3,84.4,278.5,479.8,123.3,15801.0
2014,34.8,908.5050445103858,997.7471821756225,1157.552021089631,606.0225288159273,161.0
2014,731.6,1850.0,1450.0,944.4,685.7,4848.0
2014,226.5,325.0,450.0,222.2,606.0225288159273,884.0
2014,41.2,908.5050445103858,300.0,200.0,300.0,198.0
2014,169.2,908.5050445103858,997.7471821756225,433.3,606.0225288159273,956.0
2014,65.6,300.0,700.0,100.0,66.7,358.0
2014,74.0,908.5050445103858,800.0,533.3,606.0225288159273,2008.0
2014,94.4,908.5050445103858,997.7471821756225,366.7,550.0,374.0
2014,308.3,3200.0,1100.0,750.0,606.0225288159273,1099.0
2014,85.0,908.5050445103858,1000.0,1157.552021089631,500.0,803.0
2014,570.7,1516.7,1275.0,786.7,183.3,2559.0
2014,406.5,2800.0,325.0,92.0,1200.0,1030.0
2014,1977.3,385.7,526.7,841.7,123.9,13878.0
2014,152.0,908.5050445103858,997.7471821756225,1157.552021089631,1300.0,840.0
2014,62.2,908.5050445103858,997.7471821756225,233.3,606.0225288159273,522.0
2014,159.8,800.0,500.0,450.0,1300.0,1614.0
2014,684.7,916.7,625.0,715.0,454.5,4148.0
2014,37.0,908.5050445103858,997.7471821756225,150.0,200.0,162.0
2014,64.4,908.5050445103858,997.7471821756225,1157.552021089631,606.0225288159273,177.0
2014,451.5,833.3,525.0,239.1,175.0,1452.0
2014,230.8,262.5,287.5,985.7,118.2,1626.0
2014,573.1,600.0,997.7471821756225,615.0,650.0,1733.0
2014,321.8,733.3,2000.0,1100.0,350.0,3228.0
2014,308.2,212.5,2500.0,1750.0,162.5,3275.0
2014,183.2,266.7,650.0,511.1,300.0,1112.0
2014,659.6,850.0,966.7,261.1,176.5,4019.0
2014,759.2,353.8,640.0,521.1,50.0,6740.0
2014,449.2,700.0,820.0,194.7,133.3,9507.0
2014,102.2,1000.0,700.0,366.7,250.0,689.0
2014,47.8,600.0,500.0,250.0,700.0,724.0
2014,773.8,435.7,1650.0,2010.0,291.7,6622.0
2014,73.9,908.5050445103858,997.7471821756225,260.0,150.0,209.0
2014,73.6,908.5050445103858,600.0,750.0,300.0,306.0
2014,38.9,908.5050445103858,997.7471821756225,333.3,606.0225288159273,241.0
2014,60.3,908.5050445103858,997.7471821756225,100.0,200.0,245.0
2014,38.1,908.5050445103858,500.0,300.0,606.0225288159273,213.0
2014,327.9,908.5050445103858,933.3,780.0,1033.3,2328.0
2014,38.2,908.5050445103858,997.7471821756225,133.3,606.0225288159273,110.0
2014,53.8,908.5050445103858,800.0,850.0,500.0,372.0
2014,135.2,908.5050445103858,997.7471821756225,733.3,1000.0,629.0
2014,138.0,275.0,1400.0,575.0,450.0,814.0
2014,577.0,1085.7,2150.0,642.9,533.3,4291.0
2014,1860.3,590.9,761.1,381.9,184.2,21882.0
2014,41.8,150.0,997.7471821756225,400.0,606.0225288159273,204.0
2014,99.3,908.5050445103858,500.0,650.0,350.0,544.0
2014,294.7,157.1,733.3,105.9,175.0,2474.0
2014,333.7,111.1,380.0,706.3,75.0,2650.0
2014,610.3,2450.0,1300.0,377.3,500.0,1612.0
2014,1267.6,333.3,656.3,487.9,173.3,18095.0
2014,854.1,369.2,744.4,294.5,366.7,9306.0
2014,2157.9,92.6,239.7,400.0,121.5,22621.0
2014,237.8,150.0,1700.0,816.7,425.0,1773.0
2014,636.4,620.0,1800.0,135.7,428.6,4414.0
2014,224.0,908.5050445103858,1900.0,1157.552021089631,1300.0,1211.0
2014,201.7,2200.0,766.7,300.0,606.0225288159273,812.0
2014,633.4,269.2,220.8,119.0,185.0,8933.0
2014,2014.3,306.5,850.0,525.4,155.3,22261.0
2014,238.3,908.5050445103858,997.7471821756225,900.0,750.0,2901.0
2014,40.5,300.0,500.0,100.0,606.0225288159273,159.0
2014,923.1,1080.0,194.1,172.4,1500.0,4909.0
2014,410.6,342.9,560.0,568.4,433.3,6134.0
2014,29.7,908.5050445103858,997.7471821756225,100.0,606.0225288159273,144.0
2014,46.3,908.5050445103858,400.0,260.0,606.0225288159273,467.0
2014,164.6,908.5050445103858,997.7471821756225,1157.552021089631,750.0,2558.0
2014,48.8,900.0,997.7471821756225,300.0,606.0225288159273,361.0
2014,73.7,908.5050445103858,997.7471821756225,500.0,606.0225288159273,141.0
2014,143.0,1300.0,997.7471821756225,1157.552021089631,606.0225288159273,782.0
2014,142.2,1300.0,950.0,1133.3,1100.0,456.0
2014,61.6,908.5050445103858,997.7471821756225,566.7,606.0225288159273,431.0
2014,376.8,908.5050445103858,1066.7,563.6,466.7,1466.0
2014,114.8,908.5050445103858,366.7,220.0,606.0225288159273,435.0
2014,153.1,908.5050445103858,366.7,362.5,600.0,623.0
2014,1015.3,1066.7,508.3,475.0,136.4,2395.0
2014,53.3,600.0,997.7471821756225,100.0,606.0225288159273,280.0
2014,124.5,908.5050445103858,1000.0,216.7,606.0225288159273,270.0
2014,55.2,908.5050445103858,50.0,100.0,606.0225288159273,231.0
2014,95.5,1600.0,997.7471821756225,250.0,606.0225288159273,448.0
2014,162.1,908.5050445103858,997.7471821756225,420.0,333.3,1468.0
2014,354.9,908.5050445103858,997.7471821756225,1157.552021089631,500.0,1183.0
2014,715.0,226.7,450.0,833.3,123.5,3582.0
2014,159.8,908.5050445103858,1700.0,1157.552021089631,1500.0,1154.0
2014,42.7,908.5050445103858,997.7471821756225,300.0,606.0225288159273,306.0
2014,69.3,908.5050445103858,997.7471821756225,1250.0,400.0,994.0
2014,306.8,600.0,600.0,471.4,700.0,935.0
2014,63.7,908.5050445103858,400.0,200.0,606.0225288159273,100.0
2014,98.4,908.5050445103858,997.7471821756225,700.0,900.0,566.0
2014,80.1,500.0,700.0,650.0,606.0225288159273,194.0
2014,67.1,700.0,997.7471821756225,150.0,600.0,421.0
2014,30.6,908.5050445103858,997.7471821756225,350.0,606.0225288159273,240.0
2014,186.7,133.3,600.0,300.0,200.0,903.0
2014,179.1,450.0,997.7471821756225,542.9,260.0,1241.0
2014,73.3,908.5050445103858,997.7471821756225,180.0,606.0225288159273,269.0
2014,262.1,950.0,300.0,186.4,130.0,2306.0
2014,1532.0,154.5,586.4,703.4,87.5,6978.0
2014,40.3,400.0,300.0,133.3,606.0225288159273,394.0
2014,553.6,500.0,600.0,505.3,110.0,2465.0
2014,551.0,153.6,700.0,807.7,528.6,11257.0
2014,96.2,908.5050445103858,997.7471821756225,250.0,606.0225288159273,2236.0
2014,229.8,850.0,997.7471821756225,483.3,300.0,2603.0
2014,232.0,2600.0,997.7471821756225,323.1,280.0,1891.0
2014,49.4,900.0,600.0,600.0,606.0225288159273,353.0
2014,346.5,650.0,975.0,570.6,1600.0,5153.0
2014,727.8,880.0,750.0,700.0,221.4,6693.0
2014,542.4,215.8,427.3,277.3,100.0,10781.0
2014,11.0,908.5050445103858,997.7471821756225,100.0,606.0225288159273,238.0
2014,1324.3,278.9,482.4,310.5,373.3,8001.0
2014,84.5,900.0,997.7471821756225,200.0,606.0225288159273,354.0
2014,793.2,200.0,323.1,205.6,186.7,6907.0
2014,33.5,908.5050445103858,400.0,600.0,606.0225288159273,246.0
2014,108.3,1200.0,997.7471821756225,1133.3,606.0225288159273,811.0
2014,1041.9,766.7,609.1,373.5,800.0,6269.0
2014,89.3,200.0,997.7471821756225,766.7,606.0225288159273,516.0
2014,41.3,908.5050445103858,997.7471821756225,366.7,606.0225288159273,277.0
2014,32.7,908.5050445103858,997.7471821756225,100.0,606.0225288159273,110.0
2014,57.3,908.5050445103858,900.0,1157.552021089631,606.0225288159273,599.0
2014,344.9,300.0,650.0,660.0,171.4,1773.0
2014,295.3,908.5050445103858,1200.0,860.0,250.0,1159.0
2014,61.3,908.5050445103858,997.7471821756225,475.0,606.0225288159273,610.0
2014,366.3,540.0,900.0,568.4,355.6,6434.0
2014,131.1,908.5050445103858,997.7471821756225,1100.0,300.0,637.0
2014,392.5,2200.0,3500.0,573.3,1450.0,3065.0
2014,187.8,700.0,1600.0,2000.0,200.0,1109.0
2014,317.3,908.5050445103858,1250.0,404.8,525.0,1813.0
2014,84.3,600.0,997.7471821756225,333.3,800.0,294.0
2014,891.4,108.0,662.5,448.8,129.4,5109.0
2014,196.0,2700.0,950.0,585.7,1900.0,2724.0
2014,75.2,908.5050445103858,1100.0,137.5,606.0225288159273,508.0
2014,276.2,550.0,997.7471821756225,1733.3,500.0,1481.0
2014,751.1,338.9,676.9,424.3,147.4,5121.0
2014,97.3,908.5050445103858,997.7471821756225,242.9,606.0225288159273,448.0
2014,155.0,700.0,1400.0,200.0,900.0,724.0
2014,192.0,908.5050445103858,997.7471821756225,166.7,600.0,312.0
2014,85.7,908.5050445103858,400.0,137.5,606.0225288159273,325.0
2014,157.3,70.0,850.0,378.6,225.0,2156.0
2014,72.4,908.5050445103858,997.7471821756225,1100.0,400.0,433.0
2014,104.3,908.5050445103858,125.0,400.0,606.0225288159273,674.0
2014,233.8,908.5050445103858,997.7471821756225,370.0,300.0,1475.0
2014,98.3,908.5050445103858,997.7471821756225,833.3,450.0,621.0
2014,1592.1,161.5,1041.7,589.2,335.7,15468.0
2014,103.8,908.5050445103858,997.7471821756225,500.0,606.0225288159273,219.0
2014,579.3,655.6,450.0,503.8,266.7,5315.0
2014,325.7,625.0,997.7471821756225,1050.0,475.0,1873.0
2014,925.8,122.2,507.7,306.3,480.0,7193.0
2014,43.3,908.5050445103858,997.7471821756225,1100.0,606.0225288159273,176.0
2014,250.8,908.5050445103858,1450.0,770.0,312.5,1698.0
2014,1760.7,218.2,471.0,960.0,65.2,7775.0
2014,55.1,908.5050445103858,997.7471821756225,1157.552021089631,700.0,334.0
2014,227.9,320.0,997.7471821756225,175.0,606.0225288159273,812.0
2014,185.7,1600.0,325.0,258.3,400.0,1109.0
2014,469.6,245.5,733.3,584.2,262.5,2105.0
2014,1461.5,325.0,1030.8,979.4,95.2,9911.0
2014,83.1,908.5050445103858,1000.0,766.7,606.0225288159273,1162.0
2014,342.9,460.0,466.7,268.0,116.7,2377.0
2014,251.3,908.5050445103858,997.7471821756225,866.7,160.0,3637.0
2014,72.1,400.0,997.7471821756225,1600.0,50.0,781.0
2014,158.1,1800.0,2300.0,716.7,606.0225288159273,761.0
2014,50.8,908.5050445103858,997.7471821756225,300.0,606.0225288159273,358.0
2014,130.5,908.5050445103858,1100.0,483.3,1300.0,627.0
2014,86.0,908.5050445103858,700.0,220.0,250.0,635.0
2014,275.8,233.3,1400.0,244.4,1000.0,4641.0
2014,87.6,908.5050445103858,997.7471821756225,150.0,606.0225288159273,498.0
2014,166.1,908.5050445103858,1000.0,1566.7,633.3,963.0
2014,110.0,900.0,300.0,75.0,606.0225288159273,226.0
2014,105.3,1400.0,500.0,200.0,400.0,390.0
2014,237.2,300.0,1200.0,666.7,100.0,1790.0
2014,95.3,800.0,500.0,450.0,400.0,367.0
2014,412.9,742.9,1500.0,1857.1,566.7,2312.0
2014,89.7,908.5050445103858,1300.0,366.7,800.0,564.0
2014,293.7,760.0,875.0,1080.0,312.5,3614.0
2014,763.9,168.8,405.9,606.9,157.7,8030.0
2014,78.7,908.5050445103858,900.0,533.3,600.0,812.0
2014,515.6,262.5,780.0,244.8,833.3,6656.0
2014,108.3,908.5050445103858,997.7471821756225,850.0,400.0,1060.0
2014,195.3,2500.0,1150.0,714.3,606.0225288159273,1736.0
2014,190.1,908.5050445103858,997.7471821756225,1000.0,606.0225288159273,3572.0
2014,166.9,500.0,997.7471821756225,766.7,900.0,1349.0
2014,1683.2,128.6,529.4,1458.8,300.0,6531.0
2014,180.3,908.5050445103858,1400.0,380.0,606.0225288159273,657.0
2014,92.4,800.0,240.0,542.9,606.0225288159273,991.0
2014,77.1,908.5050445103858,997.7471821756225,1500.0,300.0,259.0
2014,1063.5,523.8,954.5,631.8,151.9,8882.0
2014,91.3,250.0,700.0,600.0,350.0,278.0
2014,228.5,908.5050445103858,997.7471821756225,466.7,606.0225288159273,697.0
2014,84.0,908.5050445103858,997.7471821756225,1157.552021089631,500.0,371.0
2014,1395.3,116.1,460.0,375.3,92.6,14100.0
2014,80.0,908.5050445103858,997.7471821756225,400.0,700.0,203.0
2014,69.1,600.0,400.0,200.0,150.0,1299.0
2014,1506.1,192.7,800.0,325.0,243.3,18605.0
2014,83.8,908.5050445103858,300.0,1900.0,200.0,463.0
2014,72.6,908.5050445103858,997.7471821756225,220.0,606.0225288159273,209.0
2014,87.8,450.0,997.7471821756225,2200.0,606.0225288159273,563.0
2014,122.3,1800.0,1600.0,660.0,800.0,708.0
2014,894.6,1212.5,528.6,1031.3,783.3,3767.0
2014,308.6,600.0,900.0,783.3,120.0,1429.0
2014,17.7,908.5050445103858,997.7471821756225,150.0,606.0225288159273,409.0
2014,598.3,369.2,1300.0,1457.1,820.0,3401.0
2014,88.2,908.5050445103858,1300.0,675.0,600.0,962.0
2014,17.9,908.5050445103858,997.7471821756225,500.0,606.0225288159273,187.0
2014,34.8,133.3,400.0,100.0,300.0,513.0
2014,929.5,233.3,1300.0,855.6,323.5,10063.0
2014,48.7,908.5050445103858,997.7471821756225,75.0,606.0225288159273,171.0
2014,101.8,908.5050445103858,997.7471821756225,1157.552021089631,606.0225288159273,353.0
2014,1421.3,1054.5,1325.0,624.0,435.0,10591.0
2014,231.8,62.5,600.0,208.7,250.0,2600.0
2014,88.0,908.5050445103858,500.0,260.0,606.0225288159273,591.0
2014,420.3,1750.0,1266.7,611.8,328.6,6640.0
2014,872.8,1033.3,950.0,780.0,163.2,6000.0
2014,89.7,900.0,800.0,700.0,606.0225288159273,1236.0
2015,410.4,1466.7,1100.0,1337.5,540.0,3000.0
2015,35.8,908.5050445103858,997.7471821756225,150.0,606.0225288159273,379.0
2015,61.4,908.5050445103858,997.7471821756225,100.0,606.0225288159273,265.0
2015,208.1,1200.0,2200.0,2300.0,316.7,3746.0
2015,581.0,1450.0,1300.0,600.0,220.0,7345.0
2015,89.1,600.0,1700.0,1157.552021089631,1400.0,2148.0
2015,172.3,200.0,750.0,418.2,116.7,1907.0
2015,10.4,908.5050445103858,997.7471821756225,400.0,606.0225288159273,126.0
2015,85.3,908.5050445103858,997.7471821756225,420.0,350.0,887.0
2015,261.8,1100.0,1950.0,606.7,400.0,5669.0
2015,78.8,908.5050445103858,600.0,600.0,606.0225288159273,204.0
2015,125.3,908.5050445103858,997.7471821756225,1300.0,333.3,932.0
2015,41.2,908.5050445103858,997.7471821756225,100.0,606.0225288159273,267.0
2015,86.2,450.0,900.0,162.5,700.0,1209.0
2015,1696.1,305.9,770.0,1119.4,205.6,7939.0
2015,38.8,908.5050445103858,350.0,450.0,800.0,331.0
2015,225.5,300.0,1100.0,1340.0,700.0,1419.0
2015,65.3,908.5050445103858,997.7471821756225,1157.552021089631,900.0,333.0
2015,75.6,500.0,700.0,125.0,606.0225288159273,468.0
2015,43.6,908.5050445103858,997.7471821756225,200.0,606.0225288159273,179.0
2015,49.7,908.5050445103858,500.0,450.0,606.0225288159273,596.0
2015,30.2,908.5050445103858,100.0,1157.552021089631,606.0225288159273,124.0
2015,1837.7,118.1,395.5,500.0,180.5,14323.0
2015,716.3,3150.0,610.0,273.5,816.7,4848.0
2015,233.3,766.7,997.7471821756225,4100.0,606.0225288159273,1476.0
2015,196.3,1000.0,3300.0,2900.0,177.8,2788.0
2015,341.7338228213769,442.9,184.2,224.1,412.5,2467.0
2015,110.4,908.5050445103858,650.0,660.0,333.3,1122.0
2015,159.2,1400.0,997.7471821756225,950.0,175.0,1708.0
2015,91.8,908.5050445103858,700.0,366.7,606.0225288159273,853.0
2015,62.4,908.5050445103858,997.7471821756225,233.3,606.0225288159273,328.0
2015,134.0,266.7,1500.0,1075.0,600.0,2367.0
2015,75.8,908.5050445103858,997.7471821756225,360.0,606.0225288159273,524.0
2015,32.8,908.5050445103858,150.0,200.0,606.0225288159273,171.0
2015,77.8,1100.0,1900.0,650.0,500.0,1320.0
2015,890.7,1087.5,1225.0,1352.2,295.0,12908.0
2015,47.8,908.5050445103858,500.0,25.0,606.0225288159273,403.0
2015,136.3,250.0,525.0,425.0,66.7,2818.0
2015,337.1,908.5050445103858,1400.0,94.4,100.0,1022.0
2015,853.1,461.5,836.4,473.5,872.7,13763.0
2015,30.3,908.5050445103858,997.7471821756225,28.6,606.0225288159273,111.0
2015,900.2,294.4,837.5,1020.7,90.9,3801.0
2015,90.3,366.7,997.7471821756225,330.0,325.0,2646.0
2015,456.5,2750.0,966.7,1109.1,450.0,3325.0
2015,75.3,908.5050445103858,997.7471821756225,750.0,606.0225288159273,425.0
2015,331.1,285.7,2400.0,383.3,700.0,3343.0
2015,86.7,908.5050445103858,997.7471821756225,925.0,450.0,846.0
2015,62.4,908.5050445103858,997.7471821756225,350.0,606.0225288159273,535.0
2015,49.8,908.5050445103858,997.7471821756225,1157.552021089631,200.0,332.0
2015,253.6,1350.0,500.0,157.1,1500.0,1039.0
2015,91.8,450.0,997.7471821756225,1200.0,1200.0,816.0
2015,471.0,254.5,160.7,203.4,354.5,4239.0
2015,341.7338228213769,50.0,100.0,33.3,50.0,188.0
2015,341.7338228213769,56.3,150.0,64.3,50.0,801.0
2015,166.2,1200.0,997.7471821756225,1950.0,200.0,891.0
2015,118.3,908.5050445103858,997.7471821756225,107.7,125.0,1176.0
2015,266.8,2200.0,1533.3,838.5,480.0,3466.0
2015,78.1,908.5050445103858,800.0,900.0,606.0225288159273,264.0
2015,74.9,908.5050445103858,997.7471821756225,3800.0,606.0225288159273,732.0
2015,168.2,600.0,520.0,492.9,466.7,1407.0
2015,1743.8,103.8,289.4,497.7,152.2,16128.0
2015,32.6,908.5050445103858,997.7471821756225,1157.552021089631,606.0225288159273,143.0
2015,601.0,2433.3,2850.0,1131.3,577.8,4813.0
2015,202.4,266.7,225.0,200.0,1400.0,1106.0
2015,36.0,908.5050445103858,500.0,233.3,300.0,198.0
2015,144.9,908.5050445103858,997.7471821756225,580.0,606.0225288159273,972.0
2015,56.2,400.0,997.7471821756225,200.0,150.0,369.0
2015,63.7,700.0,997.7471821756225,475.0,900.0,2030.0
2015,92.9,908.5050445103858,997.7471821756225,750.0,366.7,344.0
2015,235.3,1350.0,1300.0,300.0,606.0225288159273,930.0
2015,69.0,908.5050445103858,997.7471821756225,2000.0,800.0,889.0
2015,517.8,1880.0,997.7471821756225,1100.0,207.1,2606.0
2015,303.3,575.0,300.0,100.0,1100.0,836.0
2015,1706.9,397.1,718.2,1160.0,154.3,14017.0
2015,129.7,1700.0,997.7471821756225,1157.552021089631,1600.0,896.0
2015,46.3,908.5050445103858,400.0,450.0,606.0225288159273,540.0
2015,132.6,566.7,1500.0,1166.7,606.0225288159273,1583.0
2015,625.3,1240.0,588.9,852.9,440.0,4085.0
2015,34.5,908.5050445103858,400.0,150.0,606.0225288159273,164.0
2015,58.9,908.5050445103858,997.7471821756225,1157.552021089631,606.0225288159273,189.0
2015,341.7338228213769,82.2,173.3,108.9,138.5,1305.0
2015,416.7,700.0,1050.0,622.2,500.0,1477.0
2015,221.0,300.0,400.0,1057.1,118.2,1587.0
2015,472.8,766.7,1850.0,817.6,1450.0,1916.0
2015,268.6,512.5,1400.0,1483.3,460.0,3348.0
2015,245.6,633.3,1550.0,2150.0,320.0,3444.0
2015,149.4,900.0,1400.0,488.9,300.0,1198.0
2015,617.6,1020.0,550.0,525.0,194.1,4208.0
2015,634.2,530.0,2166.7,648.4,62.1,7154.0
2015,373.3,612.5,1366.7,369.6,183.3,9886.0
2015,95.5,908.5050445103858,700.0,500.0,266.7,783.0
2015,44.3,908.5050445103858,600.0,266.7,800.0,721.0
2015,60.3,908.5050445103858,500.0,433.3,200.0,239.0
2015,64.8,908.5050445103858,997.7471821756225,1157.552021089631,606.0225288159273,306.0
2015,36.1,908.5050445103858,997.7471821756225,700.0,606.0225288159273,246.0
2015,57.2,908.5050445103858,400.0,66.7,200.0,217.0
2015,30.6,908.5050445103858,997.7471821756225,75.0,606.0225288159273,228.0
2015,341.7338228213769,111.3,511.5,690.7,163.8,13832.0
2015,36.7,908.5050445103858,997.7471821756225,200.0,606.0225288159273,117.0
2015,41.2,908.5050445103858,997.7471821756225,1800.0,606.0225288159273,374.0
2015,102.7,2100.0,997.7471821756225,1157.552021089631,850.0,646.0
2015,107.5,550.0,1500.0,580.0,606.0225288159273,796.0
2015,1726.4,862.5,1354.5,661.7,216.2,23248.0
2015,40.8,400.0,300.0,1157.552021089631,606.0225288159273,204.0
2015,341.7338228213769,50.0,1400.0,144.4,83.3,984.0
2015,97.8,908.5050445103858,997.7471821756225,466.7,900.0,551.0
2015,278.2,220.0,285.7,144.4,180.0,2789.0
2015,341.7338228213769,63.6,76.9,93.8,33.3,988.0
2015,281.1,133.3,500.0,436.0,73.3,2844.0
2015,341.7338228213769,133.3,450.0,83.3,606.0225288159273,132.0
2015,500.2,1600.0,2600.0,452.6,1233.3,1748.0
2015,999.6,915.4,760.0,838.9,211.9,18730.0
2015,699.4,317.6,650.0,346.7,300.0,10006.0
2015,1987.3,112.8,336.4,504.4,161.8,22436.0
2015,198.3,1000.0,1700.0,1866.7,666.7,1795.0
2015,478.1,230.8,628.6,225.8,633.3,4541.0
2015,177.3,908.5050445103858,2300.0,1866.7,1200.0,1224.0
2015,187.4,908.5050445103858,997.7471821756225,330.0,606.0225288159273,843.0
2015,341.7338228213769,187.5,162.5,485.7,750.0,1198.0
2015,341.7338228213769,450.0,166.7,57.1,250.0,490.0
2015,497.6,223.5,408.3,170.9,233.3,8952.0
2015,1617.6,357.1,637.5,724.5,224.1,22785.0
2015,193.6,2100.0,997.7471821756225,3250.0,606.0225288159273,2912.0
2015,37.0,908.5050445103858,400.0,166.7,606.0225288159273,168.0
2015,359.3,520.0,1500.0,712.5,580.0,6321.0
2015,24.1,908.5050445103858,200.0,100.0,606.0225288159273,128.0
2015,2200.5,238.8,1020.0,908.2,340.0,24170.0
2015,43.3,908.5050445103858,997.7471821756225,300.0,606.0225288159273,418.0
2015,144.7,1500.0,997.7471821756225,1300.0,850.0,2576.0
2015,46.0,800.0,800.0,1157.552021089631,606.0225288159273,316.0
2015,85.6,908.5050445103858,300.0,150.0,606.0225288159273,117.0
2015,109.8,400.0,997.7471821756225,1157.552021089631,606.0225288159273,780.0
2015,120.5,908.5050445103858,1150.0,1800.0,550.0,452.0
2015,51.9,908.5050445103858,997.7471821756225,2000.0,606.0225288159273,444.0
2015,353.5,908.5050445103858,1100.0,722.2,566.7,1497.0
2015,98.4,908.5050445103858,300.0,400.0,606.0225288159273,435.0
2015,147.5,908.5050445103858,997.7471821756225,471.4,1100.0,664.0
2015,875.4,400.0,666.7,721.7,158.3,2551.0
2015,47.2,600.0,997.7471821756225,100.0,606.0225288159273,296.0
2015,105.8,908.5050445103858,997.7471821756225,350.0,606.0225288159273,296.0
2015,51.3,908.5050445103858,50.0,100.0,606.0225288159273,227.0
2015,99.1,333.3,300.0,325.0,606.0225288159273,455.0
2015,139.7,908.5050445103858,997.7471821756225,600.0,466.7,1467.0
2015,277.8,908.5050445103858,997.7471821756225,5800.0,566.7,1242.0
2015,645.2,177.8,371.4,1170.0,146.2,3770.0
2015,129.9,908.5050445103858,997.7471821756225,3500.0,1200.0,1162.0
2015,38.1,908.5050445103858,400.0,600.0,606.0225288159273,325.0
2015,52.1,908.5050445103858,997.7471821756225,2500.0,1000.0,1001.0
2015,292.4,2400.0,525.0,355.6,1600.0,947.0
2015,53.0,908.5050445103858,997.7471821756225,33.3,606.0225288159273,106.0
2015,80.0,908.5050445103858,997.7471821756225,750.0,400.0,662.0
2015,68.0,1000.0,997.7471821756225,500.0,250.0,230.0
2015,64.8,400.0,400.0,466.7,606.0225288159273,400.0
2015,24.2,908.5050445103858,997.7471821756225,800.0,400.0,219.0
2015,134.3,225.0,400.0,500.0,900.0,932.0
2015,125.0,500.0,2100.0,1075.0,350.0,1374.0
2015,59.0,908.5050445103858,997.7471821756225,900.0,606.0225288159273,250.0
2015,341.7338228213769,9.1,400.0,40.0,166.7,200.0
2015,230.7,733.3,2300.0,333.3,160.0,2639.0
2015,1327.5,235.5,884.6,1045.2,95.8,7367.0
2015,26.5,400.0,997.7471821756225,200.0,300.0,401.0
2015,432.3,528.6,400.0,456.5,140.0,2588.0
2015,427.0,383.3,1350.0,1170.0,350.0,11345.0
2015,64.3,908.5050445103858,997.7471821756225,342.9,606.0225288159273,1897.0
2015,176.4,750.0,997.7471821756225,885.7,600.0,2728.0
2015,205.2,908.5050445103858,997.7471821756225,400.0,380.0,1945.0
2015,46.3,908.5050445103858,997.7471821756225,300.0,606.0225288159273,342.0
2015,266.3,920.0,666.7,466.7,1850.0,5354.0
2015,612.8,2350.0,2233.3,835.3,350.0,6867.0
2015,468.6,211.1,662.5,481.5,126.1,10856.0
2015,20.9,908.5050445103858,66.7,150.0,606.0225288159273,188.0
2015,1090.3,407.1,1228.6,469.0,438.5,8513.0
2015,70.1,700.0,997.7471821756225,1157.552021089631,606.0225288159273,400.0
2015,547.7,217.6,361.5,310.7,194.1,7280.0
2015,33.7,908.5050445103858,150.0,1157.552021089631,606.0225288159273,304.0
2015,90.7,908.5050445103858,997.7471821756225,1157.552021089631,606.0225288159273,920.0
2015,69.4,500.0,997.7471821756225,800.0,606.0225288159273,542.0
2015,39.1,908.5050445103858,997.7471821756225,600.0,606.0225288159273,242.0
2015,25.0,908.5050445103858,997.7471821756225,100.0,606.0225288159273,122.0
2015,43.6,908.5050445103858,800.0,1157.552021089631,606.0225288159273,659.0
2015,254.4,1250.0,1350.0,600.0,650.0,1858.0
2015,288.8,908.5050445103858,2700.0,840.0,333.3,1131.0
2015,61.8,908.5050445103858,997.7471821756225,800.0,606.0225288159273,530.0
2015,358.4,828.6,2100.0,958.3,400.0,6360.0
2015,341.7338228213769,146.8,320.0,311.3,89.5,6670.0
2015,341.7338228213769,87.5,133.3,107.7,60.0,296.0
2015,114.8,900.0,997.7471821756225,1200.0,606.0225288159273,631.0
2015,323.5,2400.0,3700.0,2350.0,1650.0,3420.0
2015,165.2,2000.0,997.7471821756225,500.0,600.0,1164.0
2015,257.5,908.5050445103858,2400.0,473.7,666.7,1842.0
2015,71.8,908.5050445103858,997.7471821756225,333.3,700.0,282.0
2015,744.4,241.7,1060.0,527.8,223.1,5553.0
2015,341.7338228213769,37.5,300.0,625.0,606.0225288159273,522.0
2015,156.9,1250.0,1000.0,422.2,2100.0,2710.0
2015,341.7338228213769,500.0,100.0,28.6,100.0,299.0
2015,58.3,908.5050445103858,997.7471821756225,375.0,606.0225288159273,515.0
2015,242.0,1100.0,997.7471821756225,1500.0,1000.0,1491.0
2015,656.6,380.0,772.7,590.0,122.7,5333.0
2015,73.2,908.5050445103858,997.7471821756225,600.0,606.0225288159273,508.0
2015,148.7,908.5050445103858,1900.0,275.0,606.0225288159273,681.0
2015,182.3,908.5050445103858,997.7471821756225,190.9,800.0,318.0
2015,341.7338228213769,105.6,900.0,450.0,350.0,656.0
2015,341.7338228213769,58.3,88.9,127.3,34.8,2479.0
2015,83.3,800.0,400.0,600.0,100.0,370.0
2015,135.6,100.0,1800.0,520.0,200.0,2275.0
2015,77.6,908.5050445103858,997.7471821756225,1157.552021089631,606.0225288159273,391.0
2015,88.2,908.5050445103858,200.0,460.0,1100.0,612.0
2015,222.7,1900.0,1500.0,444.4,366.7,1514.0
2015,79.9,908.5050445103858,997.7471821756225,132.0,350.0,644.0
2015,341.7338228213769,185.2,1650.0,221.1,133.3,2956.0
2015,341.7338228213769,600.0,200.0,40.0,300.0,254.0
2015,341.7338228213769,25.0,20.0,33.3,606.0225288159273,147.0
2015,1313.8,300.0,2183.3,1347.1,327.6,15531.0
2015,99.6,908.5050445103858,997.7471821756225,900.0,200.0,204.0
2015,341.7338228213769,76.5,175.0,60.0,33.3,160.0
2015,501.5,580.0,461.5,617.4,671.4,5342.0
2015,236.3,1300.0,1500.0,790.9,425.0,2019.0
2015,706.5,178.9,942.9,387.8,566.7,7475.0
2015,42.4,908.5050445103858,997.7471821756225,433.3,606.0225288159273,156.0
2015,194.2,1050.0,3300.0,600.0,416.7,1760.0
2015,1436.9,234.9,715.0,904.4,105.5,7813.0
2015,50.7,908.5050445103858,300.0,1157.552021089631,700.0,355.0
2015,201.0,1800.0,997.7471821756225,350.0,606.0225288159273,814.0
2015,147.8,908.5050445103858,240.0,485.7,1700.0,1042.0
2015,384.8,620.0,771.4,807.1,500.0,2232.0
2015,1329.7,321.9,2720.0,943.2,97.6,9704.0
2015,87.8,908.5050445103858,800.0,440.0,606.0225288159273,1180.0
2015,294.3,625.0,483.3,426.3,171.4,2409.0
2015,221.7,1300.0,350.0,1157.552021089631,225.0,3786.0
2015,56.6,908.5050445103858,997.7471821756225,850.0,66.7,730.0
2015,140.8,908.5050445103858,1100.0,2300.0,606.0225288159273,779.0
2015,44.6,908.5050445103858,997.7471821756225,450.0,606.0225288159273,371.0
2015,141.5,550.0,650.0,850.0,1500.0,653.0
2015,76.6,1100.0,997.7471821756225,575.0,350.0,650.0
2015,220.2,425.0,520.0,440.9,1150.0,4006.4644790257103
2015,69.1,908.5050445103858,997.7471821756225,333.3,606.0225288159273,473.0
2015,151.1,2000.0,997.7471821756225,1225.0,733.3,958.0
2015,341.7338228213769,908.5050445103858,400.0,125.0,50.0,228.0
2015,341.7338228213769,91.7,66.7,100.0,100.0,221.0
2015,89.6,908.5050445103858,997.7471821756225,400.0,606.0225288159273,232.0
2015,92.1,908.5050445103858,997.7471821756225,350.0,333.3,468.0
2015,183.1,700.0,1150.0,928.6,166.7,1937.0
2015,100.9,166.7,997.7471821756225,225.0,606.0225288159273,377.0
2015,332.3,1040.0,997.7471821756225,1511.1,528.6,2363.0
2015,176.6,2200.0,997.7471821756225,866.7,606.0225288159273,2310.0
2015,93.3,908.5050445103858,997.7471821756225,2300.0,900.0,399.0
2015,277.8,1100.0,975.0,1657.1,433.3,3583.0
2015,617.3,278.3,569.2,703.6,191.3,8295.0
2015,65.9,908.5050445103858,997.7471821756225,1700.0,1200.0,847.0
2015,412.1,540.0,975.0,395.2,675.0,6929.0
2015,92.4,908.5050445103858,1300.0,600.0,1000.0,1237.0
2015,147.5,1350.0,997.7471821756225,1040.0,606.0225288159273,1970.0
2015,147.2,1800.0,997.7471821756225,4200.0,606.0225288159273,3621.0
2015,121.0,500.0,997.7471821756225,1157.552021089631,606.0225288159273,1383.0
2015,1339.0,304.5,593.8,1675.0,371.4,6480.0
2015,164.9,908.5050445103858,700.0,500.0,606.0225288159273,639.0
2015,341.7338228213769,908.5050445103858,166.7,71.4,400.0,321.0
2015,84.2,450.0,275.0,444.4,606.0225288159273,1023.0
2015,64.7,908.5050445103858,800.0,425.0,500.0,266.0
2015,832.9,807.7,1750.0,862.9,176.0,9439.0
2015,85.8,233.3,700.0,1157.552021089631,350.0,286.0
2015,185.9,200.0,997.7471821756225,375.0,606.0225288159273,706.0
2015,76.5,908.5050445103858,300.0,1157.552021089631,700.0,349.0
2015,1168.5,188.6,691.7,521.3,131.0,14058.0
2015,341.7338228213769,260.0,200.0,84.6,66.7,425.0
2015,71.9,908.5050445103858,997.7471821756225,1700.0,606.0225288159273,227.0
2015,54.6,500.0,1000.0,283.3,300.0,1392.0
2015,1192.8,265.7,1288.9,364.3,296.0,19387.0
2015,77.8,908.5050445103858,133.3,575.0,400.0,378.0
2015,62.1,908.5050445103858,997.7471821756225,225.0,606.0225288159273,208.0
2015,72.6,908.5050445103858,997.7471821756225,1150.0,200.0,586.0
2015,127.3,2100.0,1600.0,600.0,700.0,713.0
2015,775.8,1700.0,666.7,1292.9,900.0,4200.0
2015,236.8,1400.0,440.0,766.7,233.3,1602.0
2015,14.3,908.5050445103858,400.0,66.7,606.0225288159273,421.0
2015,489.1,510.0,1100.0,2340.0,1275.0,3599.0
2015,88.7,1000.0,1300.0,675.0,250.0,971.0
2015,341.7338228213769,85.7,250.0,137.5,650.0,1234.0
2015,23.6,908.5050445103858,997.7471821756225,300.0,606.0225288159273,236.0
2015,35.3,250.0,300.0,1157.552021089631,300.0,540.0
2015,778.0,360.0,2550.0,1055.6,375.0,10365.0
2015,341.7338228213769,908.5050445103858,166.7,162.5,250.0,453.0
2015,43.8,908.5050445103858,997.7471821756225,400.0,606.0225288159273,166.0
2015,90.5,908.5050445103858,997.7471821756225,1000.0,606.0225288159273,316.0
2015,1190.7,1500.0,1437.5,905.4,494.4,10934.0
2015,199.3,100.0,1400.0,273.7,500.0,2638.0
2015,59.9,908.5050445103858,997.7471821756225,1400.0,606.0225288159273,636.0
2015,379.5,1850.0,820.0,1170.0,540.0,6590.0
2015,672.4,985.7,688.9,1115.0,242.9,6553.0
2015,394.9,3800.0,997.7471821756225,1288.9,460.0,3090.0
2015,75.2,400.0,433.3,533.3,606.0225288159273,1307.0
2016,40.3,908.5050445103858,997.7471821756225,1157.552021089631,606.0225288159273,402.0
2016,56.5,100.0,997.7471821756225,125.0,606.0225288159273,249.0
2016,528.9,400.0,616.7,758.3,287.5,7825.0
2016,87.9,1300.0,997.7471821756225,2200.0,606.0225288159273,2244.0
2016,352.8,1225.0,997.7471821756225,1742.9,400.0,6180.0
2016,150.1,300.0,533.3,771.4,233.3,1932.0
2016,8.9,908.5050445103858,997.7471821756225,150.0,606.0225288159273,136.0
2016,88.8,900.0,550.0,383.3,1000.0,908.0
2016,71.8,908.5050445103858,997.7471821756225,800.0,606.0225288159273,164.0
2016,140.3,1800.0,1300.0,1700.0,1700.0,872.0
2016,31.0,400.0,997.7471821756225,250.0,606.0225288159273,335.0
2016,91.5,300.0,997.7471821756225,750.0,600.0,1200.0
2016,1613.0,337.5,884.2,1465.3,222.9,8326.0
2016,37.1,908.5050445103858,500.0,700.0,900.0,317.0
2016,188.3,2000.0,2100.0,1675.0,1000.0,1745.0
2016,64.3,908.5050445103858,997.7471821756225,1000.0,606.0225288159273,324.0
2016,50.5,908.5050445103858,997.7471821756225,240.0,606.0225288159273,465.0
2016,47.9,908.5050445103858,997.7471821756225,233.3,606.0225288159273,160.0
2016,40.6,700.0,997.7471821756225,1157.552021089631,606.0225288159273,639.0
2016,27.6,908.5050445103858,997.7471821756225,33.3,606.0225288159273,126.0
2016,1699.2,214.3,487.9,709.5,172.1,15043.0
2016,190.6,908.5050445103858,997.7471821756225,1566.7,606.0225288159273,1602.0
2016,166.6,1000.0,2900.0,2250.0,285.7,2894.0
2016,341.7338228213769,437.5,315.4,312.5,487.5,2954.0
2016,91.7,908.5050445103858,1700.0,1700.0,400.0,1093.0
2016,137.7,400.0,2300.0,1433.3,200.0,1786.0
2016,74.7,1400.0,997.7471821756225,933.3,606.0225288159273,848.0
2016,71.6,800.0,125.0,400.0,606.0225288159273,339.0
2016,130.3,333.3,997.7471821756225,685.7,606.0225288159273,2337.0
2016,64.1,908.5050445103858,997.7471821756225,420.0,606.0225288159273,521.0
2016,27.0,908.5050445103858,300.0,50.0,606.0225288159273,147.0
2016,60.1,908.5050445103858,997.7471821756225,2700.0,433.3,1522.0
2016,775.0,1880.0,2675.0,2576.9,352.9,13829.0
2016,45.8,908.5050445103858,997.7471821756225,14.3,606.0225288159273,382.0
2016,131.8,566.7,2500.0,466.7,550.0,3002.0
2016,310.6,1900.0,1800.0,126.3,180.0,988.0
2016,745.3,657.9,1212.5,705.7,1030.0,14238.0
2016,39.7,908.5050445103858,997.7471821756225,66.7,606.0225288159273,117.0
2016,839.6,380.0,800.0,1200.0,128.6,3858.0
2016,85.0,908.5050445103858,800.0,700.0,600.0,2639.0
2016,446.4,1220.0,1750.0,991.7,580.0,3374.0
2016,78.6,908.5050445103858,400.0,1800.0,606.0225288159273,417.0
2016,280.5,575.0,3500.0,500.0,1200.0,3472.0
2016,93.8,1100.0,997.7471821756225,2150.0,333.3,883.0
2016,68.5,908.5050445103858,997.7471821756225,700.0,606.0225288159273,502.0
2016,46.7,908.5050445103858,997.7471821756225,400.0,150.0,326.0
2016,2073.4,566.7,846.4,775.8,405.4,24927.0
2016,225.9,2400.0,997.7471821756225,322.2,606.0225288159273,1071.0
2016,94.4,900.0,997.7471821756225,1050.0,900.0,879.0
2016,386.1,305.6,275.0,397.9,330.8,4309.0
2016,341.7338228213769,66.7,200.0,33.3,33.3,177.0
2016,341.7338228213769,105.9,250.0,100.0,300.0,954.0
2016,139.2,2600.0,2500.0,2000.0,400.0,910.0
2016,130.5,1200.0,800.0,187.5,300.0,1227.0
2016,82.1,800.0,997.7471821756225,1100.0,606.0225288159273,259.0
2016,62.5,908.5050445103858,997.7471821756225,1850.0,606.0225288159273,723.0
2016,148.3,1800.0,500.0,822.2,400.0,1389.0
2016,1588.4,129.6,346.7,606.9,139.0,16868.0
2016,27.6,908.5050445103858,997.7471821756225,300.0,606.0225288159273,140.0
2016,189.8,275.0,333.3,600.0,900.0,1005.0
2016,32.3,908.5050445103858,997.7471821756225,900.0,606.0225288159273,214.0
2016,135.1,908.5050445103858,997.7471821756225,1500.0,1700.0,1013.0
2016,51.0,908.5050445103858,997.7471821756225,200.0,300.0,467.0
2016,64.8,900.0,997.7471821756225,1050.0,606.0225288159273,1972.0
2016,71.5,908.5050445103858,997.7471821756225,1050.0,1300.0,336.0
2016,177.2,3100.0,633.3,1050.0,606.0225288159273,1027.0
2016,68.8,908.5050445103858,1000.0,2100.0,606.0225288159273,889.0
2016,294.7,2900.0,475.0,120.8,606.0225288159273,1141.0
2016,1667.6,662.5,1278.6,1431.9,232.3,14376.0
2016,125.6,1800.0,997.7471821756225,1466.7,1700.0,954.0
2016,38.7,908.5050445103858,997.7471821756225,350.0,606.0225288159273,564.0
2016,130.5,950.0,800.0,900.0,600.0,1496.0
2016,571.0,908.5050445103858,700.0,993.8,714.3,4094.0
2016,31.7,908.5050445103858,500.0,500.0,606.0225288159273,166.0
2016,61.2,908.5050445103858,997.7471821756225,300.0,700.0,204.0
2016,341.7338228213769,182.6,260.0,188.9,200.0,1377.0
2016,444.7,800.0,2600.0,483.3,1500.0,1583.0
2016,209.1,580.0,1100.0,1185.7,163.6,1603.0
2016,236.5,920.0,997.7471821756225,2350.0,520.0,3577.0
2016,217.3,2300.0,997.7471821756225,3133.3,316.7,3478.0
2016,147.2,908.5050445103858,1600.0,391.7,606.0225288159273,1205.0
2016,544.8,1866.7,622.2,605.9,444.4,4428.0
2016,589.5,812.5,2366.7,981.8,61.3,7673.0
2016,101.8,1000.0,997.7471821756225,1200.0,900.0,745.0
2016,43.9,800.0,997.7471821756225,200.0,900.0,758.0
2016,588.4,1085.7,997.7471821756225,2762.5,444.4,7115.0
2016,67.2,908.5050445103858,997.7471821756225,650.0,300.0,229.0
2016,52.0,908.5050445103858,997.7471821756225,1500.0,200.0,317.0
2016,41.4,908.5050445103858,997.7471821756225,566.7,606.0225288159273,242.0
2016,48.3,500.0,997.7471821756225,100.0,200.0,198.0
2016,34.8,908.5050445103858,997.7471821756225,75.0,606.0225288159273,254.0
2016,341.7338228213769,182.1,1183.3,1021.8,198.1,14174.0
2016,279.0,908.5050445103858,3100.0,922.2,606.0225288159273,2405.0
2016,41.3,908.5050445103858,997.7471821756225,200.0,606.0225288159273,105.0
2016,37.7,700.0,700.0,1800.0,606.0225288159273,378.0
2016,109.3,908.5050445103858,997.7471821756225,2200.0,1900.0,664.0
2016,124.0,1300.0,700.0,1350.0,606.0225288159273,837.0
2016,1512.2,816.7,1550.0,875.6,364.0,24136.0
2016,32.0,908.5050445103858,997.7471821756225,1157.552021089631,606.0225288159273,170.0
2016,341.7338228213769,155.6,2200.0,350.0,125.0,1158.0
2016,98.6,600.0,600.0,200.0,800.0,539.0
2016,229.1,400.0,328.6,375.0,260.0,3015.0
2016,341.7338228213769,128.6,177.8,222.2,200.0,992.0
2016,248.1,150.0,228.6,1045.5,85.7,3102.0
2016,341.7338228213769,600.0,700.0,150.0,606.0225288159273,119.0
2016,487.3,1275.0,997.7471821756225,450.0,606.0225288159273,1808.0
2016,892.8,568.2,780.0,982.4,277.8,19250.0
2016,577.8,385.7,971.4,443.2,487.5,10705.0
2016,1788.5,109.4,394.9,702.9,176.9,23245.0
2016,177.6,475.0,997.7471821756225,1116.7,2300.0,1923.0
2016,397.3,241.7,816.7,284.0,616.7,4861.0
2016,162.6,908.5050445103858,997.7471821756225,1157.552021089631,1400.0,1229.0
2016,183.4,2700.0,1200.0,350.0,606.0225288159273,826.0
2016,341.7338228213769,281.8,320.0,1125.0,850.0,1153.0
2016,341.7338228213769,550.0,400.0,100.0,200.0,514.0
2016,419.8,250.0,423.1,288.2,243.8,9594.0
2016,1399.9,525.0,1261.5,1043.6,238.7,24602.0
2016,31.2,908.5050445103858,400.0,200.0,606.0225288159273,178.0
2016,706.8,1425.0,950.0,600.0,1766.7,5297.0
2016,273.7,500.0,1750.0,1562.5,1100.0,6457.0
2016,16.2,908.5050445103858,997.7471821756225,300.0,606.0225288159273,135.0
2016,1965.2,357.6,1000.0,1490.2,429.2,23828.0
2016,51.6,908.5050445103858,997.7471821756225,316.7,606.0225288159273,440.0
2016,134.1,908.5050445103858,997.7471821756225,1157.552021089631,280.0,2729.0
2016,46.3,908.5050445103858,997.7471821756225,1000.0,606.0225288159273,339.0
2016,67.7,908.5050445103858,997.7471821756225,450.0,606.0225288159273,135.0
2016,90.0,908.5050445103858,997.7471821756225,3800.0,606.0225288159273,794.0
2016,106.3,908.5050445103858,997.7471821756225,2250.0,300.0,460.0
2016,57.2,908.5050445103858,900.0,1157.552021089631,606.0225288159273,449.0
2016,337.3,908.5050445103858,680.0,600.0,1600.0,1473.0
2016,112.7,2200.0,250.0,766.7,606.0225288159273,465.0
2016,136.1,908.5050445103858,997.7471821756225,462.5,1100.0,669.0
2016,832.8,437.5,2100.0,781.8,210.0,2133.0
2016,36.3,600.0,997.7471821756225,125.0,606.0225288159273,331.0
2016,86.3,1400.0,800.0,1157.552021089631,606.0225288159273,319.0
2016,52.8,250.0,50.0,83.3,606.0225288159273,240.0
2016,87.3,908.5050445103858,997.7471821756225,283.3,606.0225288159273,452.0
2016,133.3,908.5050445103858,997.7471821756225,620.0,240.0,1477.0
2016,612.3,308.3,1250.0,893.3,176.9,4008.0
2016,114.3,1800.0,997.7471821756225,1157.552021089631,606.0225288159273,1242.0
2016,31.3,908.5050445103858,997.7471821756225,1000.0,606.0225288159273,315.0
2016,44.3,908.5050445103858,997.7471821756225,2800.0,800.0,1059.0
2016,273.3,2700.0,283.3,377.8,900.0,935.0
2016,60.6,908.5050445103858,200.0,200.0,606.0225288159273,108.0
2016,62.8,908.5050445103858,997.7471821756225,1157.552021089631,900.0,626.0
2016,67.0,908.5050445103858,997.7471821756225,850.0,500.0,247.0
2016,69.6,908.5050445103858,997.7471821756225,1400.0,606.0225288159273,381.0
2016,24.9,908.5050445103858,997.7471821756225,1100.0,150.0,261.0
2016,121.9,908.5050445103858,1300.0,450.0,900.0,945.0
2016,96.5,1100.0,2200.0,916.7,750.0,1399.0
2016,62.1,908.5050445103858,997.7471821756225,900.0,606.0225288159273,272.0
2016,341.7338228213769,20.0,166.7,71.4,600.0,187.0
2016,207.3,766.7,650.0,500.0,283.3,3167.0
2016,1229.2,260.7,2180.0,1275.7,117.4,7794.0
2016,19.8,908.5050445103858,997.7471821756225,700.0,400.0,378.0
2016,373.8,975.0,875.0,876.9,242.9,2778.0
2016,66.8,908.5050445103858,1400.0,1033.3,606.0225288159273,1892.0
2016,140.3,2000.0,997.7471821756225,2100.0,950.0,2845.0
2016,179.6,908.5050445103858,997.7471821756225,1175.0,380.0,1930.0
2016,44.6,908.5050445103858,997.7471821756225,400.0,606.0225288159273,370.0
2016,229.4,1700.0,850.0,605.9,925.0,5411.0
2016,491.5,1766.7,997.7471821756225,1300.0,366.7,7039.0
2016,462.8,242.1,771.4,486.7,188.2,10943.0
2016,19.7,400.0,200.0,42.9,606.0225288159273,186.0
2016,996.1,630.0,1516.7,551.9,350.0,9105.0
2016,54.7,908.5050445103858,997.7471821756225,900.0,606.0225288159273,426.0
2016,505.8,400.0,530.0,426.9,285.7,7451.0
2016,28.8,908.5050445103858,997.7471821756225,1157.552021089631,606.0225288159273,299.0
2016,84.6,1200.0,997.7471821756225,1157.552021089631,606.0225288159273,1057.0
2016,802.4,1975.0,1333.3,591.3,885.7,6617.0
2016,58.3,908.5050445103858,997.7471821756225,2500.0,606.0225288159273,524.0
2016,34.8,908.5050445103858,997.7471821756225,325.0,606.0225288159273,229.0
2016,21.8,908.5050445103858,997.7471821756225,1157.552021089631,606.0225288159273,119.0
2016,37.3,908.5050445103858,997.7471821756225,1157.552021089631,606.0225288159273,673.0
2016,240.2,1250.0,3100.0,788.9,275.0,2054.0
2016,285.7,908.5050445103858,1100.0,1083.3,1100.0,1093.0
2016,63.7,908.5050445103858,997.7471821756225,1157.552021089631,606.0225288159273,562.0
2016,341.7338228213769,182.2,451.9,480.4,114.7,7159.0
2016,341.7338228213769,133.3,400.0,366.7,606.0225288159273,317.0
2016,104.2,908.5050445103858,997.7471821756225,1157.552021089631,606.0225288159273,652.0
2016,161.3,908.5050445103858,1400.0,685.7,650.0,1150.0
2016,196.5,3600.0,2200.0,494.7,525.0,1903.0
2016,84.7,900.0,133.3,333.3,350.0,314.0
2016,657.5,257.1,441.7,870.8,290.0,6128.0
2016,341.7338228213769,83.3,300.0,1450.0,600.0,561.0
2016,144.6,750.0,1050.0,783.3,2100.0,2745.0
2016,341.7338228213769,600.0,100.0,71.4,606.0225288159273,327.0
2016,43.8,908.5050445103858,997.7471821756225,566.7,606.0225288159273,551.0
2016,201.3,908.5050445103858,1550.0,3450.0,1900.0,1689.0
2016,634.8,295.2,836.4,780.0,158.8,5662.0
2016,76.3,908.5050445103858,800.0,350.0,606.0225288159273,475.0
2016,135.3,908.5050445103858,475.0,184.6,606.0225288159273,794.0
2016,149.7,2600.0,900.0,366.7,800.0,347.0
2016,341.7338228213769,100.0,152.6,195.0,64.3,2594.0
2016,81.6,600.0,600.0,750.0,200.0,435.0
2016,125.4,111.1,1900.0,1400.0,212.5,2436.0
2016,63.3,800.0,997.7471821756225,1400.0,606.0225288159273,363.0
2016,76.3,908.5050445103858,200.0,2900.0,606.0225288159273,659.0
2016,225.2,950.0,997.7471821756225,671.4,1400.0,1533.0
2016,64.8,908.5050445103858,1700.0,194.4,266.7,648.0
2016,341.7338228213769,282.4,900.0,263.2,233.3,2983.0
2016,341.7338228213769,350.0,175.0,125.0,500.0,297.0
2016,341.7338228213769,100.0,100.0,33.3,606.0225288159273,175.0
2016,1178.3,471.4,2400.0,2084.6,355.6,15963.0
2016,93.0,908.5050445103858,997.7471821756225,1000.0,200.0,196.0
2016,341.7338228213769,187.5,350.0,88.9,606.0225288159273,161.0
2016,431.1,966.7,1000.0,993.8,742.9,5680.0
2016,234.7,1066.7,1450.0,2375.0,2400.0,2103.0
2016,653.2,412.5,1360.0,590.0,409.1,7581.0
2016,32.2,908.5050445103858,997.7471821756225,280.0,606.0225288159273,158.0
2016,205.7,908.5050445103858,2800.0,1142.9,625.0,1662.0
2016,1445.3,336.4,757.9,1350.0,138.6,8167.0
2016,54.8,908.5050445103858,200.0,400.0,300.0,386.0
2016,190.7,600.0,2000.0,533.3,606.0225288159273,859.0
2016,140.5,908.5050445103858,400.0,720.0,606.0225288159273,1130.0
2016,380.8,566.7,590.0,2800.0,414.3,2278.0
2016,1271.5,429.2,1511.1,1306.9,175.9,9853.0
2016,67.8,1100.0,997.7471821756225,1157.552021089631,606.0225288159273,1144.0
2016,268.8,500.0,1033.3,493.8,150.0,2570.0
2016,206.8,1100.0,1300.0,1400.0,157.1,3585.0
2016,50.1,150.0,997.7471821756225,1000.0,200.0,793.0
2016,120.0,908.5050445103858,997.7471821756225,5300.0,606.0225288159273,802.0
2016,42.2,908.5050445103858,997.7471821756225,200.0,606.0225288159273,360.0
2016,125.9,908.5050445103858,997.7471821756225,1800.0,1400.0,663.0
2016,63.0,1000.0,997.7471821756225,500.0,800.0,693.0
2016,182.2,380.0,1366.7,846.2,2200.0,5172.0
2016,83.4,908.5050445103858,997.7471821756225,1157.552021089631,606.0225288159273,460.0
2016,341.7338228213769,908.5050445103858,133.3,80.0,100.0,295.0
2016,341.7338228213769,216.7,100.0,85.7,200.0,220.0
2016,95.4,908.5050445103858,997.7471821756225,125.0,606.0225288159273,222.0
2016,111.8,908.5050445103858,997.7471821756225,800.0,500.0,489.0
2016,167.6,600.0,2200.0,1440.0,171.4,2272.0
2016,80.4,250.0,997.7471821756225,600.0,606.0225288159273,366.0
2016,288.8,1120.0,997.7471821756225,4800.0,583.3,2363.0
2016,146.4,908.5050445103858,997.7471821756225,2633.3,606.0225288159273,2427.0
2016,81.8,908.5050445103858,997.7471821756225,1250.0,606.0225288159273,360.0
2016,288.2,490.0,600.0,1400.0,650.0,3616.0
2016,613.2,350.0,690.9,1110.5,329.4,8317.0
2016,61.6,908.5050445103858,997.7471821756225,1900.0,606.0225288159273,788.0
2016,369.4,450.0,1233.3,586.7,933.3,7162.0
2016,72.9,700.0,1300.0,525.0,1000.0,1310.0
2016,136.8,908.5050445103858,2300.0,1160.0,1900.0,2261.0
2016,129.4,750.0,997.7471821756225,1157.552021089631,606.0225288159273,3706.0
2016,101.3,908.5050445103858,997.7471821756225,1157.552021089631,606.0225288159273,1310.0
2016,1253.9,507.7,735.7,1782.4,538.5,6977.0
2016,158.7,2600.0,1500.0,1000.0,606.0225288159273,638.0
2016,341.7338228213769,1100.0,250.0,166.7,606.0225288159273,429.0
2016,63.2,500.0,650.0,410.0,606.0225288159273,1017.0
2016,59.8,908.5050445103858,997.7471821756225,300.0,400.0,313.0
2016,755.4,1311.1,3125.0,1040.0,350.0,9688.0
2016,93.8,266.7,800.0,450.0,400.0,275.0
2016,166.9,908.5050445103858,997.7471821756225,380.0,606.0225288159273,612.0
2016,69.3,800.0,997.7471821756225,1157.552021089631,800.0,329.0
2016,1121.9,248.1,836.4,571.7,187.9,14011.0
2016,341.7338228213769,425.0,366.7,171.4,166.7,461.0
2016,59.9,1000.0,997.7471821756225,850.0,1000.0,242.0
2016,53.4,908.5050445103858,1100.0,950.0,400.0,1436.0
2016,1067.4,450.0,1462.5,635.4,366.7,20107.0
2016,68.8,1000.0,300.0,1300.0,400.0,387.0
2016,57.9,500.0,997.7471821756225,1000.0,606.0225288159273,219.0
2016,55.6,900.0,997.7471821756225,2400.0,400.0,599.0
2016,120.3,908.5050445103858,997.7471821756225,1157.552021089631,900.0,769.0
2016,756.5,1450.0,922.2,3233.3,1020.0,4091.0
2016,217.1,375.0,800.0,445.5,180.0,1724.0
2016,18.0,908.5050445103858,997.7471821756225,1157.552021089631,606.0225288159273,438.0
2016,400.8,1140.0,2600.0,1016.7,900.0,3696.0
2016,89.5,908.5050445103858,1200.0,600.0,500.0,971.0
2016,341.7338228213769,162.5,700.0,315.4,1500.0,1322.0
2016,23.9,400.0,997.7471821756225,600.0,400.0,203.0
2016,36.3,700.0,400.0,500.0,606.0225288159273,660.0
2016,685.3,380.0,2350.0,1158.8,435.7,10616.0
2016,341.7338228213769,600.0,333.3,200.0,606.0225288159273,449.0
2016,42.3,908.5050445103858,997.7471821756225,1157.552021089631,606.0225288159273,190.0
2016,77.8,908.5050445103858,500.0,1000.0,606.0225288159273,294.0
2016,1046.5,1290.0,2680.0,1306.9,640.0,10955.0
2016,184.3,142.9,2200.0,272.7,260.0,2912.0
2016,62.4,908.5050445103858,1600.0,466.7,606.0225288159273,609.0
2016,322.5,3800.0,1333.3,1942.9,700.0,7048.0
2016,649.7,937.5,1166.7,975.0,292.9,6534.0
2016,345.9,2050.0,997.7471821756225,1814.3,1400.0,3167.0
2016,66.9,1200.0,997.7471821756225,1050.0,606.0225288159273,1339.0
2017,30.3,600.0,997.7471821756225,250.0,606.0225288159273,414.0
2017,44.3,300.0,997.7471821756225,600.0,606.0225288159273,273.0
2017,484.1,675.0,1850.0,612.5,300.0,8396.0
2017,71.7,1400.0,997.7471821756225,1157.552021089631,606.0225288159273,2076.0
2017,109.8,700.0,633.3,644.4,250.0,1976.0
2017,8.2,908.5050445103858,997.7471821756225,33.3,606.0225288159273,138.0
2017,59.7,1000.0,997.7471821756225,833.3,606.0225288159273,855.0
2017,230.7,462.5,2350.0,1628.6,350.0,5640.0
2017,58.8,908.5050445103858,997.7471821756225,1000.0,606.0225288159273,187.0
2017,144.0,2100.0,1300.0,2200.0,850.0,729.0
2017,31.3,908.5050445103858,997.7471821756225,600.0,606.0225288159273,354.0
2017,81.4,433.3,900.0,2200.0,606.0225288159273,1251.0
2017,1337.0,380.0,1011.8,1875.6,269.7,8372.0
2017,28.8,908.5050445103858,997.7471821756225,500.0,606.0225288159273,313.0
2017,143.8,833.3,460.0,777.8,600.0,1647.0
2017,48.1,908.5050445103858,997.7471821756225,233.3,606.0225288159273,334.0
2017,37.5,600.0,997.7471821756225,1400.0,606.0225288159273,534.0
2017,38.3,908.5050445103858,997.7471821756225,200.0,606.0225288159273,167.0
2017,28.2,700.0,997.7471821756225,1157.552021089631,606.0225288159273,635.0
2017,17.0,908.5050445103858,300.0,100.0,606.0225288159273,111.0
2017,1229.4,242.2,648.0,1187.0,216.2,15620.0
2017,545.9,1540.0,1675.0,542.9,1450.0,4917.0
2017,155.2,1000.0,2200.0,2750.0,606.0225288159273,1721.0
2017,147.8,800.0,3100.0,1880.0,380.0,2960.0
2017,341.7338228213769,381.8,525.0,571.4,1150.0,3067.0
2017,73.3,908.5050445103858,450.0,1900.0,606.0225288159273,1121.0
2017,100.6,1700.0,1300.0,2550.0,250.0,1803.0
2017,74.8,908.5050445103858,997.7471821756225,1033.3,606.0225288159273,866.0
2017,61.5,908.5050445103858,997.7471821756225,1000.0,606.0225288159273,391.0
2017,81.2,908.5050445103858,2100.0,842.9,606.0225288159273,2365.0
2017,50.6,908.5050445103858,997.7471821756225,1157.552021089631,606.0225288159273,559.0
2017,23.1,908.5050445103858,997.7471821756225,75.0,606.0225288159273,143.0
2017,45.7,900.0,997.7471821756225,1157.552021089631,275.0,1707.0
2017,583.9,1633.3,3633.3,3108.3,413.3,14290.0
2017,36.3,908.5050445103858,500.0,50.0,606.0225288159273,383.0
2017,92.5,908.5050445103858,997.7471821756225,2200.0,1100.0,4663.0
2017,238.3,908.5050445103858,1900.0,233.3,333.3,1062.0
2017,29.8,908.5050445103858,997.7471821756225,300.0,606.0225288159273,114.0
2017,718.8,461.5,645.5,1357.7,134.5,3900.0
2017,71.7,908.5050445103858,800.0,2200.0,750.0,2758.0
2017,348.8,3300.0,4000.0,1023.1,680.0,3692.0
2017,72.6,908.5050445103858,997.7471821756225,1157.552021089631,900.0,462.0
2017,245.7,433.3,1700.0,885.7,800.0,3461.0
2017,65.7,1100.0,997.7471821756225,2050.0,1000.0,963.0
2017,60.4,1000.0,997.7471821756225,1000.0,606.0225288159273,515.0
2017,28.8,600.0,700.0,400.0,150.0,333.0
2017,1656.3,602.2,867.9,960.9,619.2,26419.0
2017,195.3,2300.0,1200.0,1066.7,606.0225288159273,1157.0
2017,71.6,900.0,997.7471821756225,1157.552021089631,606.0225288159273,909.0
2017,293.0,453.8,470.0,820.8,427.3,4747.0
2017,341.7338228213769,100.0,200.0,50.0,33.3,177.0
2017,341.7338228213769,500.0,800.0,425.0,300.0,1053.0
2017,99.6,2500.0,833.3,800.0,400.0,904.0
2017,84.9,908.5050445103858,997.7471821756225,320.0,300.0,1278.0
2017,201.5,1766.7,997.7471821756225,4100.0,1600.0,3675.0
2017,70.5,908.5050445103858,997.7471821756225,600.0,606.0225288159273,265.0
2017,42.2,908.5050445103858,997.7471821756225,4000.0,606.0225288159273,925.0
2017,114.7,500.0,620.0,1300.0,450.0,1304.0
2017,1246.6,155.7,319.0,856.5,152.7,17278.0
2017,20.2,908.5050445103858,997.7471821756225,400.0,606.0225288159273,122.0
2017,131.8,1100.0,997.7471821756225,933.3,606.0225288159273,959.0
2017,27.6,908.5050445103858,997.7471821756225,1000.0,606.0225288159273,191.0
2017,116.3,908.5050445103858,2300.0,1650.0,2000.0,1003.0
2017,37.9,908.5050445103858,997.7471821756225,500.0,600.0,476.0
2017,53.3,908.5050445103858,997.7471821756225,1250.0,606.0225288159273,1735.0
2017,67.2,908.5050445103858,997.7471821756225,633.3,1400.0,356.0
2017,162.7,908.5050445103858,2000.0,1157.552021089631,750.0,1022.0
2017,44.9,1700.0,997.7471821756225,1157.552021089631,606.0225288159273,903.0
2017,213.9,600.0,1700.0,142.9,606.0225288159273,1550.0
2017,1232.8,950.0,1240.0,1275.4,274.2,14746.0
2017,88.0,908.5050445103858,997.7471821756225,4300.0,606.0225288159273,1002.0
2017,32.3,1300.0,997.7471821756225,240.0,606.0225288159273,523.0
2017,124.1,908.5050445103858,997.7471821756225,766.7,650.0,1504.0
2017,442.0,908.5050445103858,2900.0,994.1,850.0,4151.0
2017,28.3,908.5050445103858,500.0,600.0,606.0225288159273,170.0
2017,53.3,800.0,997.7471821756225,1157.552021089631,606.0225288159273,228.0
2017,341.7338228213769,960.0,3300.0,361.1,1100.0,1534.0
2017,389.0,3300.0,1450.0,442.9,2100.0,1680.0
2017,165.9,933.3,2800.0,1820.0,666.7,1416.0
2017,347.6,833.3,2050.0,1660.0,1500.0,2208.0
2017,173.2,671.4,997.7471821756225,5450.0,540.0,3831.0
2017,124.2,908.5050445103858,950.0,1000.0,600.0,1233.0
2017,450.8,1116.7,400.0,712.5,487.5,4586.0
2017,414.8,636.4,2400.0,1200.0,117.4,8138.0
2017,321.6,527.3,1400.0,681.3,315.4,10043.0
2017,80.3,600.0,997.7471821756225,600.0,606.0225288159273,798.0
2017,38.4,1100.0,997.7471821756225,300.0,400.0,785.0
2017,61.2,908.5050445103858,600.0,375.0,350.0,243.0
2017,43.3,200.0,997.7471821756225,1157.552021089631,150.0,308.0
2017,33.5,908.5050445103858,997.7471821756225,1700.0,606.0225288159273,275.0
2017,50.1,908.5050445103858,400.0,300.0,606.0225288159273,185.0
2017,29.1,908.5050445103858,997.7471821756225,200.0,606.0225288159273,226.0
2017,341.7338228213769,289.4,1700.0,1965.6,211.3,14677.0
2017,29.8,908.5050445103858,997.7471821756225,350.0,606.0225288159273,118.0
2017,28.7,700.0,997.7471821756225,2100.0,500.0,346.0
2017,1802.9,656.3,1850.0,1460.0,388.9,9547.0
2017,102.9,908.5050445103858,1600.0,1157.552021089631,2100.0,642.0
2017,98.3,908.5050445103858,800.0,466.7,606.0225288159273,942.0
2017,1178.0,1316.7,1472.7,1315.2,470.0,25244.0
2017,23.6,908.5050445103858,997.7471821756225,700.0,606.0225288159273,192.0
2017,341.7338228213769,420.0,997.7471821756225,640.0,900.0,1256.0
2017,102.4,600.0,997.7471821756225,500.0,1000.0,521.0
2017,213.4,475.0,650.0,650.0,533.3,3330.0
2017,341.7338228213769,188.9,380.0,580.0,180.0,1145.0
2017,213.0,342.9,500.0,938.5,100.0,3638.0
2017,341.7338228213769,600.0,350.0,266.7,606.0225288159273,158.0
2017,701.3,893.3,1725.0,1900.0,325.7,19910.0
2017,448.8,828.6,1560.0,577.4,325.0,11576.0
2017,1390.0,115.4,520.0,794.2,212.8,24001.0
2017,284.0,411.1,628.6,404.5,666.7,5122.0
2017,123.3,2200.0,1200.0,1157.552021089631,606.0225288159273,1271.0
2017,160.2,908.5050445103858,700.0,666.7,606.0225288159273,827.0
2017,341.7338228213769,471.4,850.0,1275.0,1600.0,1297.0
2017,341.7338228213769,1100.0,900.0,266.7,300.0,532.0
2017,302.0,472.7,1040.0,367.4,221.1,10050.0
2017,1062.3,483.3,1133.3,1493.1,271.0,25992.0
2017,27.9,908.5050445103858,997.7471821756225,233.3,606.0225288159273,182.0
2017,11.5,908.5050445103858,997.7471821756225,1157.552021089631,606.0225288159273,132.0
2017,1522.5,552.4,1725.0,2258.6,475.0,24179.0
2017,36.8,908.5050445103858,997.7471821756225,425.0,606.0225288159273,477.0
2017,88.8,1150.0,997.7471821756225,1157.552021089631,375.0,2702.0
2017,25.1,800.0,997.7471821756225,1157.552021089631,700.0,367.0
2017,60.2,908.5050445103858,997.7471821756225,1157.552021089631,606.0225288159273,193.0
2017,77.2,908.5050445103858,997.7471821756225,1157.552021089631,606.0225288159273,830.0
2017,85.2,2200.0,997.7471821756225,1157.552021089631,300.0,482.0
2017,49.8,908.5050445103858,997.7471821756225,2400.0,606.0225288159273,418.0
2017,306.8,4000.0,997.7471821756225,1440.0,606.0225288159273,1492.0
2017,83.2,908.5050445103858,500.0,2700.0,606.0225288159273,498.0
2017,115.6,1000.0,997.7471821756225,585.7,1300.0,708.0
2017,698.0,354.5,1675.0,1253.3,244.4,2193.0
2017,29.7,700.0,997.7471821756225,600.0,606.0225288159273,344.0
2017,77.8,1400.0,800.0,1157.552021089631,606.0225288159273,349.0
2017,60.3,500.0,400.0,62.5,606.0225288159273,235.0
2017,64.0,600.0,997.7471821756225,475.0,606.0225288159273,501.0
2017,96.7,850.0,900.0,1233.3,600.0,1489.0
2017,559.0,341.7,442.9,1928.6,184.6,4028.0
2017,64.5,908.5050445103858,997.7471821756225,4300.0,606.0225288159273,1275.0
2017,16.8,908.5050445103858,997.7471821756225,300.0,606.0225288159273,291.0
2017,37.2,908.5050445103858,997.7471821756225,2900.0,1000.0,1135.0
2017,232.3,1400.0,425.0,566.7,2100.0,944.0
2017,46.8,908.5050445103858,997.7471821756225,100.0,606.0225288159273,123.0
2017,48.1,908.5050445103858,997.7471821756225,1500.0,900.0,620.0
2017,59.5,908.5050445103858,997.7471821756225,1000.0,606.0225288159273,230.0
2017,52.3,700.0,997.7471821756225,333.3,606.0225288159273,392.0
2017,19.3,908.5050445103858,997.7471821756225,1157.552021089631,606.0225288159273,258.0
2017,93.9,600.0,600.0,375.0,1000.0,1119.0
2017,83.1,1100.0,997.7471821756225,1933.3,850.0,1495.0
2017,49.3,908.5050445103858,600.0,1157.552021089631,606.0225288159273,267.0
2017,341.7338228213769,100.0,200.0,300.0,606.0225288159273,210.0
2017,152.6,400.0,997.7471821756225,522.2,525.0,3469.0
2017,894.8,390.5,1657.1,2300.0,147.7,8106.0
2017,13.3,400.0,400.0,700.0,400.0,348.0
2017,254.1,2150.0,1075.0,1400.0,210.0,2849.0
2017,57.8,908.5050445103858,997.7471821756225,1133.3,606.0225288159273,1775.0
2017,137.6,2000.0,997.7471821756225,1071.4,1900.0,2970.0
2017,137.3,908.5050445103858,997.7471821756225,2000.0,285.7,1942.0
2017,26.7,900.0,997.7471821756225,500.0,600.0,404.0
2017,182.0,2900.0,1166.7,780.0,800.0,5782.0
2017,370.3,1200.0,3250.0,2850.0,528.6,7218.0
2017,364.3,530.0,983.3,777.3,283.3,13218.0
2017,14.8,908.5050445103858,997.7471821756225,75.0,606.0225288159273,187.0
2017,814.9,575.0,1616.7,1041.2,675.0,9620.0
2017,36.5,908.5050445103858,997.7471821756225,1157.552021089631,606.0225288159273,520.0
2017,428.5,300.0,611.1,463.0,440.0,7760.0
2017,21.2,200.0,400.0,1157.552021089631,606.0225288159273,238.0
2017,63.3,908.5050445103858,997.7471821756225,4500.0,606.0225288159273,1063.0
2017,614.3,2150.0,1680.0,943.8,1300.0,6811.0
2017,50.7,500.0,997.7471821756225,2800.0,606.0225288159273,546.0
2017,35.5,908.5050445103858,997.7471821756225,800.0,606.0225288159273,219.0
2017,20.3,908.5050445103858,997.7471821756225,500.0,200.0,139.0
2017,25.0,908.5050445103858,800.0,1500.0,606.0225288159273,704.0
2017,186.3,933.3,3300.0,2533.3,400.0,2169.0
2017,239.9,3000.0,2800.0,1120.0,1300.0,1074.0
2017,42.2,908.5050445103858,997.7471821756225,2800.0,606.0225288159273,609.0
2017,242.4,1375.0,997.7471821756225,2000.0,880.0,6837.0
2017,341.7338228213769,240.5,556.5,823.3,229.2,7763.0
2017,66.6,1000.0,997.7471821756225,1157.552021089631,800.0,646.0
2017,133.5,2500.0,997.7471821756225,685.7,750.0,1201.0
2017,166.1,3900.0,2600.0,707.1,666.7,1954.0
2017,67.6,900.0,997.7471821756225,333.3,500.0,263.0
2017,575.2,390.0,1240.0,904.2,412.5,6487.0
2017,341.7338228213769,300.0,400.0,3000.0,606.0225288159273,631.0
2017,101.3,3300.0,997.7471821756225,612.5,2300.0,2672.0
2017,341.7338228213769,800.0,233.3,150.0,606.0225288159273,382.0
2017,36.6,908.5050445103858,997.7471821756225,1900.0,606.0225288159273,581.0
2017,498.4,376.5,1000.0,1222.2,200.0,5734.0
2017,60.6,600.0,997.7471821756225,900.0,606.0225288159273,465.0
2017,119.8,375.0,1700.0,700.0,606.0225288159273,814.0
2017,128.3,908.5050445103858,500.0,520.0,900.0,365.0
2017,341.7338228213769,117.4,514.3,200.0,212.5,2768.0
2017,44.4,908.5050445103858,997.7471821756225,800.0,606.0225288159273,769.0
2017,93.2,100.0,1100.0,650.0,222.2,2573.0
2017,46.0,908.5050445103858,997.7471821756225,1400.0,606.0225288159273,370.0
2017,65.7,908.5050445103858,997.7471821756225,725.0,1400.0,650.0
2017,182.8,1150.0,800.0,1350.0,1400.0,1508.0
2017,62.8,908.5050445103858,997.7471821756225,253.3,606.0225288159273,612.0
2017,341.7338228213769,250.0,997.7471821756225,250.0,900.0,304.0
2017,341.7338228213769,100.0,50.0,22.2,606.0225288159273,200.0
2017,894.0,557.1,2166.7,1495.0,566.7,17312.0
2017,75.5,908.5050445103858,997.7471821756225,1000.0,200.0,211.0
2017,341.7338228213769,650.0,700.0,375.0,606.0225288159273,159.0
2017,330.3,492.9,1575.0,1933.3,1100.0,5844.0
2017,176.7,1133.3,3100.0,1666.7,606.0225288159273,1997.0
2017,524.4,650.0,3150.0,1137.5,657.1,8122.0
2017,26.8,908.5050445103858,997.7471821756225,566.7,606.0225288159273,139.0
2017,181.7,908.5050445103858,1200.0,4200.0,766.7,1559.0
2017,1187.4,393.5,827.8,1693.3,223.3,8429.0
2017,47.7,908.5050445103858,997.7471821756225,500.0,300.0,395.0
2017,155.5,908.5050445103858,997.7471821756225,1133.3,606.0225288159273,915.0
2017,112.8,1050.0,750.0,1100.0,1400.0,1056.0
2017,306.7,720.0,997.7471821756225,2583.3,483.3,2389.0
2017,980.4,403.7,823.5,1623.1,234.8,10184.0
2017,68.5,908.5050445103858,997.7471821756225,2500.0,606.0225288159273,1217.0
2017,210.8,428.6,1750.0,772.7,140.0,2821.0
2017,156.3,1100.0,997.7471821756225,640.0,200.0,3815.0
2017,45.9,908.5050445103858,997.7471821756225,2600.0,200.0,826.0
2017,96.8,2300.0,997.7471821756225,1800.0,1700.0,832.0
2017,33.7,400.0,997.7471821756225,225.0,606.0225288159273,358.0
2017,105.8,908.5050445103858,997.7471821756225,760.0,1500.0,667.0
2017,39.4,650.0,997.7471821756225,1450.0,400.0,781.0
2017,56.8,908.5050445103858,700.0,600.0,606.0225288159273,479.0
2017,125.6,908.5050445103858,2500.0,5400.0,606.0225288159273,941.0
2017,341.7338228213769,400.0,250.0,300.0,606.0225288159273,287.0
2017,341.7338228213769,433.3,66.7,300.0,606.0225288159273,252.0
2017,78.3,908.5050445103858,997.7471821756225,150.0,606.0225288159273,211.0
2017,107.2,908.5050445103858,450.0,333.3,1100.0,698.0
2017,134.2,600.0,2900.0,2400.0,162.5,2325.0
2017,63.6,500.0,997.7471821756225,350.0,606.0225288159273,436.0
2017,120.1,908.5050445103858,997.7471821756225,3033.3,606.0225288159273,2464.0
2017,73.7,1100.0,997.7471821756225,1400.0,606.0225288159273,359.0
2017,213.8,966.7,1150.0,1488.9,400.0,3734.0
2017,462.0,450.0,922.2,1991.7,476.9,8721.0
2017,54.2,908.5050445103858,997.7471821756225,700.0,606.0225288159273,851.0
2017,289.8,833.3,1700.0,686.7,660.0,7288.0
2017,62.6,908.5050445103858,997.7471821756225,2300.0,606.0225288159273,1263.0
2017,101.4,3400.0,997.7471821756225,1600.0,606.0225288159273,2403.0
2017,99.6,900.0,997.7471821756225,1157.552021089631,606.0225288159273,3775.0
2017,77.8,1200.0,1500.0,1800.0,1500.0,1332.0
2017,991.3,446.7,1155.6,1783.3,506.7,7687.0
2017,128.9,908.5050445103858,700.0,1200.0,606.0225288159273,622.0
2017,341.7338228213769,1200.0,250.0,200.0,606.0225288159273,415.0
2017,49.8,1300.0,997.7471821756225,642.9,800.0,986.0
2017,52.7,908.5050445103858,997.7471821756225,1157.552021089631,606.0225288159273,306.0
2017,82.0,1000.0,997.7471821756225,700.0,700.0,298.0
2017,137.3,908.5050445103858,997.7471821756225,733.3,606.0225288159273,633.0
2017,47.9,908.5050445103858,997.7471821756225,650.0,606.0225288159273,331.0
2017,828.1,338.1,808.3,886.7,234.5,13753.0
2017,341.7338228213769,420.0,550.0,340.0,250.0,502.0
2017,49.1,908.5050445103858,997.7471821756225,2200.0,606.0225288159273,235.0
2017,38.1,1000.0,400.0,633.3,700.0,1588.0
2017,825.5,526.1,2320.0,1117.2,339.1,20807.0
2017,57.8,908.5050445103858,350.0,1200.0,700.0,412.0
2017,56.8,908.5050445103858,997.7471821756225,1157.552021089631,606.0225288159273,223.0
2017,49.5,908.5050445103858,997.7471821756225,1157.552021089631,200.0,683.0
2017,103.6,908.5050445103858,1900.0,3400.0,606.0225288159273,820.0
2017,648.8,1880.0,850.0,2422.2,1833.3,4341.0
2017,151.4,1800.0,400.0,1140.0,500.0,1768.0
2017,12.3,908.5050445103858,700.0,300.0,606.0225288159273,467.0
2017,311.8,3250.0,2700.0,2350.0,980.0,3882.0
2017,65.4,1100.0,997.7471821756225,875.0,600.0,976.0
2017,19.0,250.0,997.7471821756225,1157.552021089631,606.0225288159273,197.0
2017,39.0,300.0,200.0,1157.552021089631,606.0225288159273,718.0
2017,544.3,433.3,3200.0,2444.4,471.4,11123.0
2017,33.4,908.5050445103858,997.7471821756225,300.0,606.0225288159273,186.0
2017,63.0,908.5050445103858,997.7471821756225,1157.552021089631,606.0225288159273,275.0
2017,907.2,2028.6,2128.6,3230.8,925.0,11200.0
2017,147.6,137.5,997.7471821756225,405.9,400.0,3016.0
2017,63.7,908.5050445103858,1800.0,600.0,606.0225288159273,583.0
2017,256.8,2000.0,1125.0,2366.7,500.0,7133.0
2017,488.9,1214.3,957.1,1108.3,418.2,6885.0
2017,261.1,908.5050445103858,816.7,2014.3,866.7,3199.0
2017,54.8,1100.0,997.7471821756225,580.0,606.0225288159273,1504.0
2018,27.4,908.5050445103858,997.7471821756225,275.0,606.0225288159273,425.0
2018,28.6,500.0,997.7471821756225,500.0,606.0225288159273,279.0
2018,117.3,908.5050445103858,2900.0,1157.552021089631,2000.0,3996.0
2018,465.0,640.0,666.7,1462.5,227.3,8779.0
2018,56.0,1600.0,1800.0,2350.0,606.0225288159273,2123.0
2018,215.3,908.5050445103858,1183.3,2616.7,600.0,6694.0
2018,89.3,1700.0,900.0,914.3,300.0,2029.0
2018,6.2,908.5050445103858,997.7471821756225,1157.552021089631,50.0,122.0
2018,42.7,908.5050445103858,997.7471821756225,3300.0,606.0225288159273,932.0
2018,50.8,908.5050445103858,800.0,700.0,606.0225288159273,191.0
2018,115.2,908.5050445103858,1100.0,1900.0,1100.0,690.0
2018,29.2,908.5050445103858,997.7471821756225,300.0,606.0225288159273,411.0
2018,78.7,700.0,997.7471821756225,850.0,606.0225288159273,1125.0
2018,1133.6,459.3,1955.6,2438.2,287.5,8865.0
2018,27.4,908.5050445103858,997.7471821756225,475.0,606.0225288159273,336.0
2018,115.5,866.7,1450.0,837.5,1900.0,1702.0
2018,30.3,700.0,997.7471821756225,1500.0,800.0,332.0
2018,25.1,908.5050445103858,900.0,1157.552021089631,606.0225288159273,707.0
2018,26.9,908.5050445103858,997.7471821756225,200.0,606.0225288159273,154.0
2018,30.3,800.0,997.7471821756225,1157.552021089631,606.0225288159273,658.0
2018,12.1,908.5050445103858,997.7471821756225,1157.552021089631,606.0225288159273,104.0
2018,1011.4,300.0,648.0,1575.0,251.5,17547.0
2018,117.6,2200.0,997.7471821756225,1157.552021089631,606.0225288159273,1817.0
2018,104.1,1900.0,1000.0,1287.5,500.0,2994.0
2018,341.7338228213769,293.3,420.0,500.0,920.0,3208.0
2018,54.9,1500.0,1900.0,1157.552021089631,606.0225288159273,1200.0
2018,77.9,1600.0,997.7471821756225,1260.0,333.3,1885.0
2018,63.5,908.5050445103858,997.7471821756225,1850.0,606.0225288159273,900.0
2018,48.4,908.5050445103858,600.0,900.0,606.0225288159273,414.0
2018,65.8,1400.0,2100.0,1750.0,606.0225288159273,2486.0
2018,29.8,908.5050445103858,997.7471821756225,900.0,606.0225288159273,542.0
2018,21.0,908.5050445103858,997.7471821756225,150.0,606.0225288159273,165.0
2018,39.2,1000.0,997.7471821756225,1157.552021089631,1100.0,1703.0
2018,481.3,1166.7,3866.7,3023.1,630.0,14707.0
2018,23.8,908.5050445103858,500.0,133.3,606.0225288159273,402.0
2018,83.8,908.5050445103858,1500.0,1533.3,550.0,4937.0
2018,182.8,2200.0,2400.0,800.0,500.0,1144.0
2018,459.7,1871.4,1462.5,1317.4,2380.0,15689.0
2018,20.2,908.5050445103858,997.7471821756225,200.0,606.0225288159273,121.0
2018,580.5,590.9,600.0,1677.3,162.5,3898.0
2018,43.8,908.5050445103858,900.0,2700.0,700.0,2754.0
2018,290.5,1320.0,1175.0,1133.3,600.0,3686.0
2018,50.4,908.5050445103858,997.7471821756225,1900.0,800.0,480.0
2018,46.2,1100.0,997.7471821756225,975.0,606.0225288159273,1036.0
2018,44.8,908.5050445103858,997.7471821756225,1300.0,700.0,492.0
2018,20.5,908.5050445103858,997.7471821756225,250.0,133.3,360.0
2018,1352.8,735.9,671.1,1189.2,675.0,28286.0
2018,153.3,908.5050445103858,997.7471821756225,775.0,606.0225288159273,1178.0
2018,52.3,900.0,997.7471821756225,700.0,700.0,1003.0
2018,236.4,491.7,490.0,1550.0,511.1,5125.0
2018,341.7338228213769,908.5050445103858,600.0,50.0,50.0,206.0
2018,341.7338228213769,700.0,175.0,385.7,606.0225288159273,1177.0
2018,75.4,908.5050445103858,997.7471821756225,4400.0,650.0,947.0
2018,79.3,908.5050445103858,997.7471821756225,314.3,350.0,1262.0
2018,61.7,908.5050445103858,997.7471821756225,700.0,606.0225288159273,259.0
2018,31.8,908.5050445103858,997.7471821756225,4300.0,606.0225288159273,914.0
2018,87.0,1150.0,3100.0,1257.1,900.0,1476.0
2018,969.4,172.6,376.6,991.3,179.7,18029.0
2018,14.9,908.5050445103858,997.7471821756225,1157.552021089631,606.0225288159273,148.0
2018,119.3,550.0,466.7,725.0,606.0225288159273,1209.0
2018,19.3,908.5050445103858,997.7471821756225,900.0,606.0225288159273,203.0
2018,126.4,908.5050445103858,997.7471821756225,3600.0,1700.0,995.0
2018,26.3,500.0,997.7471821756225,1157.552021089631,500.0,497.0
2018,44.3,908.5050445103858,997.7471821756225,650.0,606.0225288159273,2164.0
2018,51.7,908.5050445103858,997.7471821756225,766.7,606.0225288159273,451.0
2018,112.7,3200.0,1700.0,2800.0,606.0225288159273,1099.0
2018,38.0,900.0,997.7471821756225,1157.552021089631,606.0225288159273,876.0
2018,286.7,3200.0,3050.0,4050.0,820.0,2950.0
2018,141.3,1250.0,997.7471821756225,190.0,606.0225288159273,1727.0
2018,966.8,1038.9,1727.3,1095.6,290.0,14928.0
2018,69.3,908.5050445103858,997.7471821756225,1157.552021089631,606.0225288159273,1025.0
2018,25.9,1300.0,997.7471821756225,750.0,606.0225288159273,506.0
2018,114.0,700.0,1600.0,2400.0,1200.0,1485.0
2018,302.5,908.5050445103858,3150.0,1960.0,1250.0,4334.0
2018,23.8,908.5050445103858,997.7471821756225,250.0,606.0225288159273,144.0
2018,41.3,908.5050445103858,997.7471821756225,1157.552021089631,606.0225288159273,211.0
2018,341.7338228213769,1125.0,633.3,1440.0,560.0,1634.0
2018,308.9,908.5050445103858,3100.0,1000.0,1600.0,1557.0
2018,109.0,3200.0,997.7471821756225,3033.3,440.0,1559.0
2018,281.1,2600.0,997.7471821756225,3440.0,1550.0,2197.0
2018,88.8,908.5050445103858,997.7471821756225,2650.0,1000.0,1254.0
2018,392.9,1320.0,837.5,940.0,571.4,4643.0
2018,305.8,542.9,3850.0,1647.1,194.1,8522.0
2018,324.1,484.6,1180.0,572.7,323.1,9635.0
2018,56.3,1500.0,997.7471821756225,1100.0,606.0225288159273,831.0
2018,22.6,908.5050445103858,997.7471821756225,1157.552021089631,400.0,870.0
2018,52.5,908.5050445103858,997.7471821756225,300.0,400.0,258.0
2018,29.3,908.5050445103858,997.7471821756225,450.0,300.0,293.0
2018,31.1,908.5050445103858,997.7471821756225,500.0,606.0225288159273,281.0
2018,41.8,908.5050445103858,166.7,1157.552021089631,606.0225288159273,176.0
2018,21.6,908.5050445103858,997.7471821756225,125.0,606.0225288159273,228.0
2018,341.7338228213769,376.9,2171.4,2112.1,223.1,15962.0
2018,24.2,908.5050445103858,997.7471821756225,350.0,606.0225288159273,94.0
2018,22.9,1000.0,997.7471821756225,1157.552021089631,400.0,363.0
2018,1304.3,504.5,1558.3,1556.7,348.4,9808.0
2018,78.3,908.5050445103858,997.7471821756225,1157.552021089631,1500.0,672.0
2018,75.1,650.0,850.0,1157.552021089631,606.0225288159273,909.0
2018,899.7,2175.0,2162.5,1838.5,633.3,25758.0
2018,21.4,908.5050445103858,997.7471821756225,1157.552021089631,606.0225288159273,185.0
2018,341.7338228213769,460.0,1100.0,900.0,550.0,1296.0
2018,72.3,908.5050445103858,997.7471821756225,300.0,1000.0,512.0
2018,184.8,357.1,560.0,622.2,375.0,3614.0
2018,341.7338228213769,466.7,2200.0,616.7,500.0,1257.0
2018,188.3,207.7,433.3,1310.0,127.3,3925.0
2018,538.5,1216.7,1800.0,2010.0,424.1,20302.0
2018,411.8,775.0,1150.0,1035.0,540.0,12101.0
2018,1147.8,190.9,589.3,889.2,261.5,25675.0
2018,128.0,1200.0,3900.0,709.1,606.0225288159273,2068.0
2018,251.7,1125.0,1000.0,626.7,2150.0,5352.0
2018,86.9,908.5050445103858,997.7471821756225,1157.552021089631,606.0225288159273,1273.0
2018,132.8,3300.0,1300.0,477.8,606.0225288159273,833.0
2018,341.7338228213769,700.0,997.7471821756225,1260.0,566.7,1425.0
2018,341.7338228213769,1000.0,366.7,900.0,800.0,612.0
2018,230.7,509.1,1120.0,566.7,490.0,10485.0
2018,852.1,915.4,976.5,2181.8,338.5,27513.0
2018,95.0,908.5050445103858,997.7471821756225,2000.0,606.0225288159273,3409.0
2018,17.8,908.5050445103858,997.7471821756225,175.0,606.0225288159273,202.0
2018,10.4,908.5050445103858,997.7471821756225,300.0,606.0225288159273,131.0
2018,1166.3,673.7,1623.1,2017.6,508.0,24017.0
2018,30.4,908.5050445103858,997.7471821756225,400.0,606.0225288159273,485.0
2018,69.2,908.5050445103858,997.7471821756225,1157.552021089631,340.0,2712.0
2018,19.9,908.5050445103858,997.7471821756225,1100.0,606.0225288159273,358.0
2018,52.1,908.5050445103858,997.7471821756225,700.0,606.0225288159273,166.0
2018,58.1,908.5050445103858,997.7471821756225,1157.552021089631,1100.0,868.0
2018,54.6,2100.0,997.7471821756225,5000.0,1100.0,487.0
2018,34.0,908.5050445103858,997.7471821756225,1157.552021089631,606.0225288159273,453.0
2018,231.3,908.5050445103858,997.7471821756225,2433.3,606.0225288159273,1449.0
2018,57.2,908.5050445103858,1300.0,2400.0,606.0225288159273,506.0
2018,115.0,908.5050445103858,900.0,537.5,1400.0,708.0
2018,548.8,571.4,3300.0,1592.9,322.2,2223.0
2018,24.9,700.0,997.7471821756225,1157.552021089631,606.0225288159273,298.0
2018,50.7,908.5050445103858,1100.0,1157.552021089631,606.0225288159273,356.0
2018,61.3,908.5050445103858,250.0,75.0,606.0225288159273,252.0
2018,43.8,908.5050445103858,200.0,540.0,606.0225288159273,510.0
2018,72.1,908.5050445103858,1800.0,1433.3,650.0,1560.0
2018,154.8,908.5050445103858,997.7471821756225,1157.552021089631,800.0,1424.0
2018,434.6,455.6,680.0,1688.9,244.4,4120.0
2018,42.6,1900.0,950.0,1666.7,1800.0,1292.0
2018,18.5,700.0,997.7471821756225,300.0,606.0225288159273,299.0
2018,27.3,908.5050445103858,997.7471821756225,1157.552021089631,900.0,1289.0
2018,197.7,2700.0,360.0,444.4,606.0225288159273,993.0
2018,43.5,200.0,997.7471821756225,150.0,606.0225288159273,115.0
2018,37.1,800.0,997.7471821756225,1157.552021089631,800.0,652.0
2018,57.8,908.5050445103858,997.7471821756225,733.3,606.0225288159273,234.0
2018,34.8,908.5050445103858,997.7471821756225,1300.0,606.0225288159273,407.0
2018,15.3,908.5050445103858,997.7471821756225,1157.552021089631,606.0225288159273,243.0
2018,66.6,1400.0,650.0,625.0,1100.0,1127.0
2018,73.3,908.5050445103858,2100.0,5500.0,600.0,1624.0
2018,36.3,908.5050445103858,997.7471821756225,900.0,606.0225288159273,249.0
2018,341.7338228213769,100.0,600.0,100.0,606.0225288159273,224.0
2018,157.8,520.0,2400.0,1475.0,383.3,3756.0
2018,753.3,478.9,1511.1,2104.0,248.3,8307.0
2018,15.5,908.5050445103858,997.7471821756225,266.7,300.0,373.0
2018,197.1,1025.0,1040.0,3100.0,211.1,3077.0
2018,51.0,908.5050445103858,997.7471821756225,1266.7,606.0225288159273,1888.0
2018,108.3,908.5050445103858,997.7471821756225,2000.0,606.0225288159273,2953.0
2018,117.4,908.5050445103858,997.7471821756225,3400.0,666.7,2021.0
2018,19.6,800.0,997.7471821756225,400.0,600.0,387.0
2018,133.9,2950.0,2200.0,1033.3,1500.0,6081.0
2018,341.4,1180.0,3450.0,1860.0,557.1,7560.0
2018,268.3,725.0,1340.0,800.0,363.6,14689.0
2018,12.5,908.5050445103858,400.0,166.7,100.0,184.0
2018,618.8,672.7,1030.0,1675.0,711.1,10322.0
2018,25.2,600.0,997.7471821756225,1157.552021089631,606.0225288159273,482.0
2018,309.1,475.0,711.1,681.0,372.7,7987.0
2018,15.5,908.5050445103858,997.7471821756225,800.0,606.0225288159273,236.0
2018,51.6,908.5050445103858,997.7471821756225,2600.0,606.0225288159273,1090.0
2018,470.5,908.5050445103858,1740.0,1106.7,1440.0,7115.0
2018,33.3,908.5050445103858,997.7471821756225,3400.0,606.0225288159273,569.0
2018,25.2,908.5050445103858,997.7471821756225,375.0,606.0225288159273,186.0
2018,16.0,908.5050445103858,600.0,1157.552021089631,606.0225288159273,141.0
2018,14.5,908.5050445103858,997.7471821756225,750.0,606.0225288159273,765.0
2018,206.9,908.5050445103858,1150.0,1033.3,1300.0,982.0
2018,35.5,908.5050445103858,997.7471821756225,1550.0,606.0225288159273,574.0
2018,234.2,2950.0,997.7471821756225,1862.5,960.0,6803.0
2018,341.7338228213769,290.9,1125.0,1985.7,213.6,8369.0
2018,45.2,908.5050445103858,997.7471821756225,2900.0,606.0225288159273,656.0
2018,93.8,2600.0,997.7471821756225,916.7,800.0,1136.0
2018,143.6,2250.0,997.7471821756225,668.8,606.0225288159273,2060.0
2018,39.6,908.5050445103858,150.0,1157.552021089631,500.0,286.0
2018,505.6,390.9,1033.3,1068.2,410.0,7134.0
2018,83.9,908.5050445103858,997.7471821756225,1250.0,606.0225288159273,2765.0
2018,341.7338228213769,500.0,150.0,180.0,606.0225288159273,390.0
2018,29.2,908.5050445103858,997.7471821756225,1157.552021089631,606.0225288159273,604.0
2018,156.6,2300.0,3100.0,4150.0,2000.0,1586.0
2018,386.3,788.9,1960.0,1411.1,366.7,6071.0
2018,37.3,908.5050445103858,997.7471821756225,2000.0,606.0225288159273,519.0
2018,90.5,850.0,997.7471821756225,3300.0,606.0225288159273,855.0
2018,130.2,2900.0,997.7471821756225,550.0,606.0225288159273,376.0
2018,341.7338228213769,420.0,620.0,418.2,266.7,2902.0
2018,30.3,600.0,997.7471821756225,850.0,606.0225288159273,693.0
2018,72.6,320.0,997.7471821756225,2466.7,300.0,2524.0
2018,40.3,908.5050445103858,700.0,1300.0,606.0225288159273,426.0
2018,63.9,908.5050445103858,997.7471821756225,725.0,750.0,631.0
2018,154.3,633.3,566.7,942.9,700.0,1545.0
2018,44.6,908.5050445103858,1700.0,390.0,606.0225288159273,658.0
2018,341.7338228213769,842.9,997.7471821756225,1028.6,400.0,3252.0
2018,341.7338228213769,350.0,800.0,1157.552021089631,500.0,338.0
2018,341.7338228213769,28.6,16.7,60.0,606.0225288159273,201.0
2018,756.8,641.7,2028.6,1635.0,547.4,17299.0
2018,67.1,908.5050445103858,997.7471821756225,600.0,200.0,210.0
2018,341.7338228213769,650.0,700.0,750.0,606.0225288159273,186.0
2018,280.0,493.3,3100.0,2144.4,644.4,5971.0
2018,122.2,900.0,997.7471821756225,1485.7,1450.0,2049.0
2018,365.8,1125.0,1525.0,1050.0,916.7,8019.0
2018,19.3,908.5050445103858,997.7471821756225,1157.552021089631,606.0225288159273,131.0
2018,145.4,908.5050445103858,997.7471821756225,1157.552021089631,800.0,1510.0
2018,939.8,534.8,1811.1,1862.1,276.9,9128.0
2018,47.9,908.5050445103858,997.7471821756225,1157.552021089631,300.0,411.0
2018,141.7,908.5050445103858,2100.0,800.0,606.0225288159273,902.0
2018,75.3,908.5050445103858,997.7471821756225,2350.0,650.0,1241.0
2018,235.9,1333.3,3200.0,4050.0,550.0,2410.0
2018,760.2,672.2,1291.7,5700.0,335.0,10578.0
2018,37.4,908.5050445103858,997.7471821756225,3300.0,606.0225288159273,1278.0
2018,194.8,516.7,1366.7,1187.5,200.0,3030.0
2018,120.0,600.0,1400.0,2800.0,433.3,4326.0
2018,34.4,908.5050445103858,997.7471821756225,1400.0,400.0,817.0
2018,71.7,908.5050445103858,1900.0,1500.0,1800.0,812.0
2018,31.7,908.5050445103858,997.7471821756225,225.0,606.0225288159273,315.0
2018,87.5,908.5050445103858,997.7471821756225,4600.0,606.0225288159273,686.0
2018,38.3,908.5050445103858,997.7471821756225,1157.552021089631,450.0,885.0
2018,123.0,908.5050445103858,997.7471821756225,1466.7,606.0225288159273,5317.0
2018,45.9,908.5050445103858,700.0,1600.0,606.0225288159273,532.0
2018,108.0,908.5050445103858,2600.0,2750.0,606.0225288159273,918.0
2018,341.7338228213769,400.0,250.0,300.0,606.0225288159273,299.0
2018,75.8,908.5050445103858,997.7471821756225,166.7,606.0225288159273,255.0
2018,88.6,908.5050445103858,997.7471821756225,650.0,333.3,653.0
2018,103.3,900.0,1350.0,4050.0,185.7,2446.0
2018,49.9,908.5050445103858,997.7471821756225,1800.0,606.0225288159273,433.0
2018,185.3,2033.3,2250.0,3825.0,1100.0,2700.0
2018,101.8,2800.0,997.7471821756225,3500.0,606.0225288159273,2829.0
2018,62.8,908.5050445103858,997.7471821756225,3100.0,606.0225288159273,471.0
2018,143.2,2000.0,1566.7,2880.0,320.0,3676.0
2018,337.2,542.9,966.7,1740.0,722.2,9135.0
2018,34.9,908.5050445103858,997.7471821756225,1157.552021089631,606.0225288159273,757.0
2018,195.0,2500.0,1800.0,1230.0,457.1,7438.0
2018,55.3,908.5050445103858,1600.0,2900.0,606.0225288159273,1261.0
2018,96.0,908.5050445103858,2000.0,1460.0,606.0225288159273,2660.0
2018,61.1,750.0,997.7471821756225,3500.0,606.0225288159273,1424.0
2018,781.1,957.1,1628.6,1994.1,607.1,7850.0
2018,112.3,908.5050445103858,997.7471821756225,2800.0,1400.0,688.0
2018,45.6,908.5050445103858,1300.0,866.7,606.0225288159273,1024.0
2018,33.8,908.5050445103858,997.7471821756225,700.0,500.0,339.0
2018,375.8,1942.9,3250.0,1910.0,937.5,10612.0
2018,61.8,908.5050445103858,997.7471821756225,900.0,800.0,310.0
2018,102.4,908.5050445103858,997.7471821756225,2500.0,606.0225288159273,627.0
2018,54.7,908.5050445103858,700.0,550.0,606.0225288159273,339.0
2018,655.7,500.0,1018.2,1200.0,521.4,14217.0
2018,341.7338228213769,950.0,500.0,233.3,400.0,592.0
2018,36.2,908.5050445103858,997.7471821756225,1200.0,606.0225288159273,229.0
2018,30.9,908.5050445103858,997.7471821756225,550.0,606.0225288159273,1746.0
2018,590.6,787.5,3050.0,1488.0,419.0,21540.0
2018,41.0,908.5050445103858,997.7471821756225,2600.0,606.0225288159273,451.0
2018,50.6,908.5050445103858,997.7471821756225,1400.0,606.0225288159273,231.0
2018,30.8,908.5050445103858,997.7471821756225,2600.0,500.0,680.0
2018,74.0,908.5050445103858,997.7471821756225,3300.0,606.0225288159273,935.0
2018,123.6,1300.0,1400.0,478.6,333.3,1845.0
2018,10.3,908.5050445103858,997.7471821756225,1157.552021089631,606.0225288159273,481.0
2018,261.5,1725.0,1733.3,1157.552021089631,1866.7,4063.0
2018,54.6,908.5050445103858,997.7471821756225,720.0,700.0,947.0
2018,10.4,908.5050445103858,997.7471821756225,350.0,606.0225288159273,180.0
2018,32.3,250.0,200.0,800.0,606.0225288159273,748.0
2018,425.7,733.3,1600.0,3075.0,486.7,11471.0
2018,23.5,908.5050445103858,997.7471821756225,1157.552021089631,606.0225288159273,193.0
2018,53.5,908.5050445103858,997.7471821756225,466.7,606.0225288159273,285.0
2018,121.0,175.0,1200.0,452.9,280.0,2987.0
2018,62.0,908.5050445103858,997.7471821756225,300.0,606.0225288159273,633.0
2018,230.5,908.5050445103858,1160.0,2100.0,1033.3,3291.0
2018,37.6,650.0,1100.0,1400.0,606.0225288159273,1451.0
2019,24.1,908.5050445103858,997.7471821756225,1157.552021089631,606.0225288159273,429.0
2019,24.8,908.5050445103858,997.7471821756225,900.0,606.0225288159273,300.0
2019,90.8,908.5050445103858,997.7471821756225,1157.552021089631,475.0,4072.0
2019,42.0,900.0,997.7471821756225,5500.0,606.0225288159273,1975.0
2019,78.8,2100.0,400.0,2433.3,280.0,2189.0
2019,4.4,908.5050445103858,997.7471821756225,200.0,100.0,124.0
2019,30.9,908.5050445103858,997.7471821756225,3200.0,700.0,991.0
2019,186.9,2150.0,2400.0,1787.5,1500.0,5721.0
2019,44.5,908.5050445103858,400.0,600.0,606.0225288159273,174.0
2019,94.5,908.5050445103858,1000.0,1150.0,606.0225288159273,684.0
2019,25.7,908.5050445103858,997.7471821756225,1157.552021089631,606.0225288159273,475.0
2019,57.0,908.5050445103858,800.0,1900.0,900.0,1110.0
2019,925.3,524.0,1453.8,2205.3,277.1,9214.0
2019,29.5,908.5050445103858,1200.0,2200.0,606.0225288159273,357.0
2019,95.7,1650.0,1350.0,2600.0,950.0,1738.0
2019,27.3,908.5050445103858,997.7471821756225,1157.552021089631,800.0,330.0
2019,24.3,908.5050445103858,997.7471821756225,1157.552021089631,606.0225288159273,498.0
2019,30.3,908.5050445103858,500.0,200.0,606.0225288159273,151.0
2019,27.8,908.5050445103858,997.7471821756225,650.0,606.0225288159273,647.0
2019,12.0,908.5050445103858,997.7471821756225,100.0,606.0225288159273,115.0
2019,887.8,289.5,593.1,2013.3,278.1,18046.0
2019,92.2,908.5050445103858,2300.0,3300.0,606.0225288159273,1871.0
2019,89.8,1266.7,1700.0,1337.5,400.0,3059.0
2019,341.7338228213769,384.6,307.1,1333.3,2200.0,3236.0
2019,35.5,908.5050445103858,997.7471821756225,1533.3,1100.0,1193.0
2019,69.2,908.5050445103858,1600.0,1700.0,333.3,1852.0
2019,52.3,908.5050445103858,997.7471821756225,2000.0,606.0225288159273,852.0
2019,44.4,908.5050445103858,200.0,1157.552021089631,606.0225288159273,446.0
2019,73.6,908.5050445103858,997.7471821756225,1625.0,1050.0,2562.0
2019,24.9,908.5050445103858,997.7471821756225,950.0,606.0225288159273,550.0
2019,15.5,908.5050445103858,997.7471821756225,700.0,606.0225288159273,194.0
2019,45.5,550.0,997.7471821756225,1157.552021089631,1300.0,1905.0
2019,18.3,908.5050445103858,600.0,600.0,606.0225288159273,411.0
2019,69.4,908.5050445103858,997.7471821756225,1800.0,606.0225288159273,4881.0
2019,157.3,908.5050445103858,2700.0,287.5,606.0225288159273,1384.0
2019,11.5,908.5050445103858,997.7471821756225,1157.552021089631,606.0225288159273,117.0
2019,518.3,618.2,468.8,1626.1,209.5,3903.0
2019,33.3,908.5050445103858,1800.0,2800.0,1400.0,2624.0
2019,219.6,908.5050445103858,2550.0,2042.9,850.0,3715.0
2019,42.3,908.5050445103858,997.7471821756225,1157.552021089631,606.0225288159273,500.0
2019,37.5,1100.0,997.7471821756225,2150.0,606.0225288159273,1025.0
2019,40.3,908.5050445103858,997.7471821756225,700.0,800.0,453.0
2019,20.2,908.5050445103858,997.7471821756225,900.0,606.0225288159273,354.0
2019,1239.9,953.3,1113.0,1744.4,657.7,29610.0
2019,210.8,908.5050445103858,997.7471821756225,4950.0,1533.3,2970.0
2019,115.3,908.5050445103858,1700.0,466.7,606.0225288159273,1170.0
2019,41.4,1100.0,1000.0,1200.0,606.0225288159273,980.0
2019,188.8,812.5,1275.0,908.0,980.0,5323.0
2019,341.7338228213769,380.0,300.0,1400.0,700.0,1160.0
2019,62.9,908.5050445103858,2500.0,4400.0,466.7,926.0
2019,85.8,908.5050445103858,997.7471821756225,1000.0,606.0225288159273,1277.0
2019,126.9,908.5050445103858,980.0,3725.0,1550.0,3902.0
2019,42.5,908.5050445103858,997.7471821756225,800.0,606.0225288159273,234.0
2019,42.6,908.5050445103858,997.7471821756225,4600.0,606.0225288159273,900.0
2019,80.8,2700.0,3500.0,1185.7,433.3,1399.0
2019,816.7,174.7,393.3,911.8,213.4,18368.0
2019,13.6,908.5050445103858,997.7471821756225,1157.552021089631,606.0225288159273,148.0
2019,87.8,908.5050445103858,997.7471821756225,1000.0,1900.0,1180.0
2019,15.2,908.5050445103858,997.7471821756225,1100.0,300.0,201.0
2019,112.5,908.5050445103858,997.7471821756225,3700.0,606.0225288159273,1061.0
2019,31.1,908.5050445103858,997.7471821756225,1157.552021089631,200.0,507.0
2019,36.4,908.5050445103858,997.7471821756225,1450.0,606.0225288159273,2025.0
2019,42.2,908.5050445103858,997.7471821756225,2100.0,606.0225288159273,443.0
2019,101.1,3000.0,1900.0,725.0,606.0225288159273,1110.0
2019,35.1,908.5050445103858,997.7471821756225,3000.0,606.0225288159273,871.0
2019,113.3,2700.0,997.7471821756225,194.4,606.0225288159273,2133.0
2019,845.1,1193.8,1523.1,1578.4,350.0,15368.0
2019,62.8,908.5050445103858,800.0,1157.552021089631,606.0225288159273,1016.0
2019,27.4,1300.0,997.7471821756225,1157.552021089631,606.0225288159273,521.0
2019,106.3,908.5050445103858,1500.0,1120.0,1400.0,1476.0
2019,270.7,908.5050445103858,3700.0,3028.6,1250.0,4135.0
2019,20.4,908.5050445103858,997.7471821756225,700.0,606.0225288159273,160.0
2019,35.9,908.5050445103858,997.7471821756225,1157.552021089631,606.0225288159273,225.0
2019,234.7,908.5050445103858,2900.0,1100.0,2200.0,1737.0
2019,109.8,3600.0,3200.0,4600.0,300.0,1679.0
2019,88.7,2100.0,997.7471821756225,1475.0,350.0,1304.0
2019,319.3,1650.0,1216.7,1191.7,2150.0,4496.0
2019,304.4,1000.0,2866.7,1415.0,193.3,8925.0
2019,61.9,908.5050445103858,997.7471821756225,1157.552021089631,606.0225288159273,738.0
2019,24.2,908.5050445103858,997.7471821756225,1157.552021089631,400.0,902.0
2019,49.4,908.5050445103858,997.7471821756225,1000.0,400.0,258.0
2019,29.9,908.5050445103858,600.0,1000.0,606.0225288159273,294.0
2019,24.1,908.5050445103858,997.7471821756225,1800.0,606.0225288159273,279.0
2019,39.9,908.5050445103858,200.0,1157.552021089631,606.0225288159273,116.0
2019,19.1,908.5050445103858,997.7471821756225,200.0,606.0225288159273,196.0
2019,341.7338228213769,580.0,1925.0,2979.2,324.4,16025.0
2019,14.3,908.5050445103858,500.0,600.0,606.0225288159273,95.0
2019,16.0,908.5050445103858,997.7471821756225,2800.0,606.0225288159273,354.0
2019,1115.3,1110.0,2425.0,2182.6,455.6,9724.0
2019,66.6,908.5050445103858,997.7471821756225,1157.552021089631,1600.0,633.0
2019,58.8,908.5050445103858,1100.0,933.3,606.0225288159273,1064.0
2019,15.3,908.5050445103858,997.7471821756225,800.0,300.0,199.0
2019,341.7338228213769,342.9,2700.0,1850.0,550.0,1399.0
2019,50.9,908.5050445103858,997.7471821756225,566.7,800.0,497.0
2019,159.3,350.0,1066.7,435.7,633.3,3685.0
2019,341.7338228213769,533.3,2000.0,1750.0,1100.0,1271.0
2019,189.8,300.0,1033.3,985.7,155.6,3957.0
2019,507.8,1962.5,2050.0,1913.6,420.7,20575.0
2019,439.9,722.2,730.8,1305.9,883.3,12467.0
2019,1060.6,251.1,717.4,1900.0,294.4,25864.0
2019,111.6,908.5050445103858,1850.0,1128.6,606.0225288159273,2098.0
2019,79.8,908.5050445103858,997.7471821756225,1157.552021089631,606.0225288159273,1242.0
2019,106.4,3800.0,2600.0,587.5,606.0225288159273,814.0
2019,341.7338228213769,1100.0,997.7471821756225,1580.0,1000.0,1488.0
2019,204.3,500.0,1066.7,621.9,376.9,10731.0
2019,86.0,908.5050445103858,997.7471821756225,2833.3,606.0225288159273,3162.0
2019,7.8,908.5050445103858,997.7471821756225,233.3,400.0,214.0
2019,215.6,875.0,1766.7,2125.0,606.0225288159273,6613.0
2019,9.0,908.5050445103858,997.7471821756225,250.0,606.0225288159273,139.0
2019,1053.1,914.3,2344.4,1975.7,627.3,24705.0
2019,26.8,908.5050445103858,997.7471821756225,500.0,606.0225288159273,486.0
2019,17.9,908.5050445103858,700.0,1157.552021089631,606.0225288159273,351.0
2019,46.3,908.5050445103858,200.0,1157.552021089631,400.0,187.0
2019,67.1,908.5050445103858,997.7471821756225,1157.552021089631,606.0225288159273,811.0
2019,49.0,2000.0,997.7471821756225,5300.0,606.0225288159273,486.0
2019,30.0,908.5050445103858,1300.0,2800.0,606.0225288159273,441.0
2019,190.5,908.5050445103858,800.0,740.0,606.0225288159273,1511.0
2019,46.8,908.5050445103858,550.0,1000.0,606.0225288159273,463.0
2019,111.6,908.5050445103858,997.7471821756225,683.3,1100.0,703.0
2019,484.7,960.0,3200.0,1753.8,377.8,2162.0
2019,20.3,600.0,500.0,600.0,606.0225288159273,317.0
2019,46.9,908.5050445103858,900.0,525.0,606.0225288159273,347.0
2019,56.4,908.5050445103858,997.7471821756225,100.0,606.0225288159273,233.0
2019,35.3,908.5050445103858,997.7471821756225,2000.0,606.0225288159273,493.0
2019,52.6,908.5050445103858,2100.0,5600.0,650.0,1549.0
2019,120.7,908.5050445103858,997.7471821756225,1157.552021089631,850.0,1480.0
2019,391.8,840.0,1100.0,1825.0,400.0,4376.0
2019,43.8,908.5050445103858,997.7471821756225,5200.0,1800.0,1354.0
2019,13.2,908.5050445103858,997.7471821756225,600.0,606.0225288159273,308.0
2019,24.5,908.5050445103858,997.7471821756225,1157.552021089631,606.0225288159273,1397.0
2019,194.0,933.3,600.0,550.0,606.0225288159273,935.0
2019,39.1,908.5050445103858,500.0,500.0,606.0225288159273,154.0
2019,44.8,908.5050445103858,997.7471821756225,2600.0,606.0225288159273,678.0
2019,44.4,908.5050445103858,997.7471821756225,500.0,606.0225288159273,240.0
2019,27.8,908.5050445103858,997.7471821756225,1157.552021089631,500.0,404.0
2019,10.9,908.5050445103858,997.7471821756225,550.0,606.0225288159273,233.0
2019,58.6,908.5050445103858,750.0,550.0,606.0225288159273,1142.0
2019,64.0,908.5050445103858,2000.0,5900.0,1200.0,1626.0
2019,26.3,1300.0,997.7471821756225,1100.0,500.0,221.0
2019,341.7338228213769,200.0,500.0,350.0,606.0225288159273,233.0
2019,179.8,650.0,997.7471821756225,1425.0,500.0,4799.0
2019,602.5,417.4,1272.7,2625.0,211.8,8591.0
2019,9.6,908.5050445103858,997.7471821756225,1157.552021089631,500.0,416.0
2019,200.8,1150.0,622.2,1183.3,480.0,3188.0
2019,57.9,908.5050445103858,997.7471821756225,3900.0,606.0225288159273,1885.0
2019,89.3,908.5050445103858,997.7471821756225,3600.0,2000.0,3183.0
2019,103.6,908.5050445103858,997.7471821756225,1157.552021089631,1100.0,1922.0
2019,20.4,908.5050445103858,700.0,700.0,606.0225288159273,331.0
2019,221.8,400.0,887.5,832.0,300.0,14742.0
2019,10.3,908.5050445103858,997.7471821756225,150.0,200.0,207.0
2019,498.0,950.0,2240.0,2150.0,744.4,10245.0
2019,30.7,700.0,997.7471821756225,1157.552021089631,606.0225288159273,454.0
2019,271.6,400.0,2466.7,952.9,716.7,8010.0
2019,10.3,908.5050445103858,997.7471821756225,900.0,606.0225288159273,282.0
2019,38.8,908.5050445103858,997.7471821756225,1157.552021089631,606.0225288159273,1076.0
2019,28.2,908.5050445103858,997.7471821756225,3300.0,606.0225288159273,616.0
2019,23.4,908.5050445103858,700.0,1700.0,606.0225288159273,216.0
2019,14.3,908.5050445103858,997.7471821756225,1157.552021089631,606.0225288159273,149.0
2019,15.8,908.5050445103858,997.7471821756225,1400.0,606.0225288159273,789.0
2019,186.8,908.5050445103858,2500.0,1066.7,1200.0,1029.0
2019,31.8,2000.0,997.7471821756225,1157.552021089631,606.0225288159273,558.0
2019,341.7338228213769,424.0,1687.5,2466.7,385.7,8388.0
2019,341.7338228213769,1200.0,400.0,3000.0,606.0225288159273,409.0
2019,41.9,908.5050445103858,997.7471821756225,1157.552021089631,1000.0,668.0
2019,88.1,908.5050445103858,1050.0,590.0,800.0,1196.0
2019,31.4,908.5050445103858,400.0,1157.552021089631,300.0,271.0
2019,476.4,783.3,744.4,831.0,285.7,7535.0
2019,341.7338228213769,908.5050445103858,160.0,500.0,500.0,396.0
2019,25.2,908.5050445103858,997.7471821756225,2400.0,606.0225288159273,597.0
2019,121.7,2700.0,3400.0,2800.0,606.0225288159273,1649.0
2019,363.6,672.7,1471.4,3111.1,300.0,6380.0
2019,42.0,908.5050445103858,800.0,633.3,606.0225288159273,549.0
2019,85.9,908.5050445103858,997.7471821756225,1133.3,1300.0,874.0
2019,98.3,908.5050445103858,1100.0,540.0,606.0225288159273,416.0
2019,341.7338228213769,562.5,950.0,662.5,1800.0,3091.0
2019,38.3,908.5050445103858,233.3,850.0,300.0,696.0
2019,61.5,316.7,997.7471821756225,1000.0,400.0,2565.0
2019,33.8,908.5050445103858,1200.0,1157.552021089631,606.0225288159273,433.0
2019,54.9,908.5050445103858,997.7471821756225,2800.0,700.0,616.0
2019,111.8,1100.0,950.0,2233.3,606.0225288159273,1674.0
2019,41.9,908.5050445103858,997.7471821756225,372.7,606.0225288159273,647.0
2019,341.7338228213769,1550.0,997.7471821756225,4500.0,1100.0,3095.0
2019,341.7338228213769,100.0,900.0,1157.552021089631,500.0,261.0
2019,341.7338228213769,100.0,25.0,33.3,606.0225288159273,162.0
2019,699.0,560.0,2820.0,1466.7,550.0,17191.0
2019,72.8,908.5050445103858,997.7471821756225,450.0,200.0,211.0
2019,231.2,1333.3,2300.0,1608.3,1280.0,6453.0
2019,327.0,1125.0,1575.0,1270.6,675.0,7930.0
2019,19.0,908.5050445103858,997.7471821756225,900.0,606.0225288159273,119.0
2019,121.8,908.5050445103858,2600.0,4400.0,700.0,1469.0
2019,899.5,788.2,1261.5,1781.3,300.0,9222.0
2019,30.5,908.5050445103858,997.7471821756225,1157.552021089631,400.0,463.0
2019,144.6,908.5050445103858,1050.0,1400.0,606.0225288159273,909.0
2019,72.3,908.5050445103858,997.7471821756225,1125.0,1700.0,1225.0
2019,656.1,619.0,1171.4,3950.0,462.5,10745.0
2019,35.8,908.5050445103858,997.7471821756225,1157.552021089631,606.0225288159273,1337.0
2019,215.0,366.7,720.0,1733.3,228.6,3169.0
2019,100.8,1200.0,950.0,966.7,650.0,3182.0
2019,1555.6,527.9,928.9,2080.0,434.0,29826.0
2019,33.3,908.5050445103858,1600.0,2900.0,606.0225288159273,763.0
2019,69.7,908.5050445103858,2100.0,1157.552021089631,1600.0,816.0
2019,31.2,908.5050445103858,997.7471821756225,375.0,606.0225288159273,378.0
2019,80.0,908.5050445103858,997.7471821756225,1157.552021089631,606.0225288159273,681.0
2019,37.2,908.5050445103858,1100.0,3100.0,1000.0,806.0
2019,42.3,908.5050445103858,997.7471821756225,1500.0,1000.0,535.0
2019,91.8,908.5050445103858,997.7471821756225,2850.0,606.0225288159273,952.0
2019,341.7338228213769,908.5050445103858,600.0,1400.0,0.0,295.0
2019,65.2,908.5050445103858,1100.0,200.0,606.0225288159273,248.0
2019,79.2,908.5050445103858,1300.0,1600.0,550.0,690.0
2019,97.3,450.0,1100.0,2150.0,250.0,2588.0
2019,41.3,908.5050445103858,997.7471821756225,1157.552021089631,606.0225288159273,446.0
2019,151.5,1260.0,300.0,1346.7,1200.0,2861.0
2019,59.9,908.5050445103858,997.7471821756225,3200.0,606.0225288159273,373.0
2019,127.3,2166.7,1566.7,3000.0,725.0,3779.0
2019,300.0,888.9,1583.3,2084.6,650.0,9358.0
2019,38.4,908.5050445103858,997.7471821756225,1600.0,606.0225288159273,820.0
2019,157.5,866.7,997.7471821756225,1525.0,680.0,7490.0
2019,44.8,908.5050445103858,997.7471821756225,3600.0,606.0225288159273,1253.0
2019,105.3,908.5050445103858,2100.0,2800.0,606.0225288159273,2596.0
2019,53.3,908.5050445103858,2500.0,3200.0,606.0225288159273,3812.0
2019,65.3,908.5050445103858,2100.0,1157.552021089631,606.0225288159273,1527.0
2019,89.1,908.5050445103858,850.0,1157.552021089631,606.0225288159273,715.0
2019,40.6,908.5050445103858,997.7471821756225,1375.0,500.0,1022.0
2019,34.3,908.5050445103858,997.7471821756225,900.0,606.0225288159273,355.0
2019,293.3,2300.0,2860.0,5642.9,718.2,10231.0
2019,51.5,908.5050445103858,700.0,1157.552021089631,606.0225288159273,320.0
2019,85.0,908.5050445103858,997.7471821756225,1157.552021089631,606.0225288159273,592.0
2019,45.3,908.5050445103858,997.7471821756225,1100.0,606.0225288159273,337.0
2019,561.4,650.0,1180.0,1555.2,466.7,14131.0
2019,341.7338228213769,2000.0,997.7471821756225,850.0,400.0,591.0
2019,28.3,908.5050445103858,1200.0,1157.552021089631,606.0225288159273,227.0
2019,27.1,1200.0,997.7471821756225,1157.552021089631,700.0,1784.0
2019,35.9,908.5050445103858,800.0,2400.0,606.0225288159273,394.0
2019,38.5,908.5050445103858,997.7471821756225,2100.0,606.0225288159273,261.0
2019,26.8,908.5050445103858,997.7471821756225,1157.552021089631,500.0,677.0
2019,67.3,908.5050445103858,997.7471821756225,1157.552021089631,606.0225288159273,904.0
2019,112.8,2700.0,2700.0,1183.3,400.0,1984.0
2019,8.2,908.5050445103858,997.7471821756225,1157.552021089631,606.0225288159273,513.0
2019,221.3,2400.0,3000.0,4125.0,1733.3,4269.0
2019,41.2,908.5050445103858,1300.0,3600.0,700.0,908.0
2019,341.7338228213769,425.0,900.0,1766.7,933.3,1635.0
2019,11.6,908.5050445103858,997.7471821756225,900.0,606.0225288159273,177.0
2019,35.3,908.5050445103858,150.0,350.0,606.0225288159273,587.0
2019,422.3,1216.7,2080.0,3200.0,591.7,11391.0
2019,17.0,908.5050445103858,997.7471821756225,600.0,606.0225288159273,162.0
2019,38.9,908.5050445103858,997.7471821756225,1400.0,606.0225288159273,281.0
2019,98.2,400.0,866.7,428.6,475.0,2827.0
2019,60.8,908.5050445103858,1600.0,575.0,606.0225288159273,677.0
2019,330.3,3366.7,1283.3,1514.3,343.8,7239.0
2019,27.6,908.5050445103858,1100.0,1033.3,606.0225288159273,1564.0
2020,19.9,908.5050445103858,997.7471821756225,1157.552021089631,606.0225288159273,418.0
2020,14.8,908.5050445103858,997.7471821756225,1157.552021089631,606.0225288159273,318.0
2020,136.4,2600.0,3200.0,1157.552021089631,666.7,3949.0
2020,1410.3,1025.0,2033.3,825.0,400.0,6594.0
2020,51.9,1800.0,997.7471821756225,5600.0,606.0225288159273,1969.0
2020,281.5,1800.0,2300.0,2000.0,2300.0,6789.0
2020,102.6,1050.0,475.0,1975.0,300.0,2358.0
2020,7.5,908.5050445103858,997.7471821756225,200.0,0.0,125.0
2020,51.1,908.5050445103858,997.7471821756225,1700.0,700.0,1028.0
2020,38.0,908.5050445103858,997.7471821756225,1157.552021089631,606.0225288159273,185.0
2020,109.3,908.5050445103858,550.0,2500.0,606.0225288159273,673.0
2020,48.9,908.5050445103858,900.0,600.0,606.0225288159273,461.0
2020,64.5,1500.0,997.7471821756225,3000.0,606.0225288159273,1004.0
2020,1453.8,654.5,1780.0,2340.5,297.3,9176.0
2020,40.9,908.5050445103858,997.7471821756225,900.0,606.0225288159273,350.0
2020,123.8,1700.0,3200.0,1680.0,2100.0,1782.0
2020,34.4,908.5050445103858,900.0,750.0,606.0225288159273,324.0
2020,32.8,908.5050445103858,997.7471821756225,1157.552021089631,606.0225288159273,498.0
2020,31.2,908.5050445103858,997.7471821756225,1157.552021089631,606.0225288159273,169.0
2020,25.3,908.5050445103858,997.7471821756225,1157.552021089631,606.0225288159273,647.0
2020,15.4,400.0,997.7471821756225,100.0,606.0225288159273,129.0
2020,1629.9,285.0,455.6,1369.6,247.4,17584.0
2020,125.0,1950.0,1700.0,2200.0,525.0,3038.0
2020,48.5,908.5050445103858,997.7471821756225,4700.0,1000.0,1169.0
2020,98.4,908.5050445103858,997.7471821756225,1200.0,550.0,1750.0
2020,61.3,908.5050445103858,997.7471821756225,3800.0,1100.0,842.0
2020,47.2,908.5050445103858,500.0,1500.0,606.0225288159273,464.0
2020,86.4,908.5050445103858,997.7471821756225,3900.0,1000.0,2447.0
2020,27.0,908.5050445103858,1100.0,1157.552021089631,606.0225288159273,569.0
2020,14.1,908.5050445103858,600.0,500.0,606.0225288159273,184.0
2020,55.6,1200.0,1900.0,1157.552021089631,606.0225288159273,1776.0
2020,41.1,908.5050445103858,500.0,100.0,606.0225288159273,378.0
2020,119.0,908.5050445103858,2800.0,2100.0,606.0225288159273,4829.0
2020,193.1,908.5050445103858,1350.0,350.0,606.0225288159273,1310.0
2020,12.6,908.5050445103858,200.0,75.0,606.0225288159273,102.0
2020,752.1,417.6,830.0,2068.4,247.6,3799.0
2020,58.9,908.5050445103858,1300.0,5800.0,800.0,2557.0
2020,268.5,3750.0,2750.0,5500.0,975.0,3780.0
2020,42.6,908.5050445103858,997.7471821756225,1157.552021089631,606.0225288159273,409.0
2020,63.6,908.5050445103858,997.7471821756225,1766.7,606.0225288159273,996.0
2020,44.8,908.5050445103858,1100.0,1157.552021089631,606.0225288159273,430.0
2020,29.8,908.5050445103858,997.7471821756225,900.0,606.0225288159273,360.0
2020,1556.0,989.7,1084.0,2261.4,627.6,29575.0
2020,122.8,908.5050445103858,1700.0,1066.7,606.0225288159273,1156.0
2020,63.9,908.5050445103858,1000.0,1157.552021089631,606.0225288159273,968.0
2020,345.8,1133.3,1350.0,1657.1,742.9,5330.0
2020,341.7338228213769,533.3,700.0,1750.0,800.0,1053.0
2020,95.6,908.5050445103858,997.7471821756225,1157.552021089631,700.0,902.0
2020,107.2,908.5050445103858,997.7471821756225,1100.0,606.0225288159273,1209.0
2020,45.6,908.5050445103858,500.0,1157.552021089631,606.0225288159273,258.0
2020,46.7,908.5050445103858,997.7471821756225,4700.0,606.0225288159273,927.0
2020,135.5,908.5050445103858,1800.0,1242.9,950.0,1372.0
2020,1346.0,207.6,380.9,795.3,241.0,18195.0
2020,16.8,908.5050445103858,997.7471821756225,800.0,606.0225288159273,160.0
2020,306.4,908.5050445103858,997.7471821756225,6050.0,1020.0,5123.0
2020,95.3,908.5050445103858,997.7471821756225,1366.7,1800.0,1301.0
2020,16.4,908.5050445103858,997.7471821756225,800.0,300.0,154.0
2020,95.8,908.5050445103858,997.7471821756225,4300.0,606.0225288159273,1029.0
2020,51.3,800.0,997.7471821756225,1000.0,200.0,450.0
2020,57.4,908.5050445103858,997.7471821756225,1066.7,606.0225288159273,1736.0
2020,54.2,908.5050445103858,1300.0,1157.552021089631,606.0225288159273,417.0
2020,107.9,908.5050445103858,1900.0,3500.0,1800.0,1167.0
2020,31.8,908.5050445103858,997.7471821756225,2900.0,606.0225288159273,759.0
2020,132.4,2800.0,997.7471821756225,233.3,1900.0,2236.0
2020,1019.4,1492.3,1550.0,2377.1,336.7,15035.0
2020,78.1,908.5050445103858,997.7471821756225,5500.0,606.0225288159273,1062.0
2020,31.8,908.5050445103858,997.7471821756225,2100.0,606.0225288159273,529.0
2020,130.3,1900.0,997.7471821756225,1933.3,606.0225288159273,1410.0
2020,353.8,908.5050445103858,2466.7,2072.7,1020.0,3714.0
2020,25.7,908.5050445103858,997.7471821756225,600.0,400.0,129.0
2020,37.9,908.5050445103858,997.7471821756225,1157.552021089631,606.0225288159273,220.0
2020,341.7338228213769,2550.0,1433.3,1900.0,1266.7,1531.0
2020,258.0,4000.0,997.7471821756225,4100.0,733.3,1758.0
2020,130.4,1266.7,1750.0,1157.552021089631,433.3,1711.0
2020,234.8,908.5050445103858,997.7471821756225,5375.0,1650.0,1819.0
2020,391.6,3400.0,1500.0,1372.7,700.0,4305.0
2020,666.7,1012.5,3466.7,2672.7,175.0,8351.0
2020,441.9,2300.0,2266.7,2200.0,600.0,8542.0
2020,63.5,908.5050445103858,997.7471821756225,700.0,606.0225288159273,675.0
2020,28.7,908.5050445103858,997.7471821756225,1500.0,800.0,867.0
2020,45.4,908.5050445103858,997.7471821756225,1157.552021089631,200.0,260.0
2020,32.3,908.5050445103858,997.7471821756225,2100.0,606.0225288159273,266.0
2020,23.6,908.5050445103858,997.7471821756225,800.0,606.0225288159273,273.0
2020,40.2,908.5050445103858,997.7471821756225,133.3,606.0225288159273,204.0
2020,22.0,908.5050445103858,997.7471821756225,100.0,606.0225288159273,201.0
2020,341.7338228213769,502.3,2600.0,3400.0,565.2,13984.0
2020,16.7,908.5050445103858,700.0,700.0,606.0225288159273,93.0
2020,25.0,908.5050445103858,997.7471821756225,2800.0,606.0225288159273,380.0
2020,1554.8,1277.8,2657.1,3176.5,581.0,9154.0
2020,89.0,908.5050445103858,997.7471821756225,1157.552021089631,1800.0,623.0
2020,74.9,700.0,900.0,3600.0,606.0225288159273,986.0
2020,256.8,908.5050445103858,997.7471821756225,5000.0,1675.0,5017.0
2020,17.6,300.0,300.0,600.0,400.0,193.0
2020,341.7338228213769,625.0,2800.0,1333.3,1400.0,1302.0
2020,57.8,908.5050445103858,400.0,2000.0,800.0,428.0
2020,290.6,375.0,1450.0,426.7,566.7,3101.0
2020,341.7338228213769,908.5050445103858,1200.0,4300.0,1200.0,1256.0
2020,371.6,416.7,900.0,1300.0,257.1,3617.0
2020,341.7338228213769,700.0,350.0,1200.0,606.0225288159273,145.0
2020,295.1,908.5050445103858,2900.0,1325.0,606.0225288159273,1789.0
2020,761.9,2457.1,2371.4,3350.0,529.2,20505.0
2020,980.3,928.6,1033.3,1181.0,1966.7,10693.0
2020,1690.8,325.0,632.1,2036.7,323.5,25550.0
2020,144.7,908.5050445103858,997.7471821756225,1400.0,606.0225288159273,2235.0
2020,114.8,908.5050445103858,2500.0,1060.0,2100.0,826.0
2020,341.7338228213769,1133.3,2100.0,2075.0,1900.0,1371.0
2020,335.2,985.7,1300.0,962.5,454.5,10812.0
2020,117.0,908.5050445103858,997.7471821756225,1157.552021089631,2000.0,3180.0
2020,15.8,908.5050445103858,997.7471821756225,600.0,606.0225288159273,218.0
2020,337.1,1850.0,1700.0,2011.1,2000.0,6078.0
2020,14.9,908.5050445103858,300.0,700.0,606.0225288159273,122.0
2020,1339.9,1245.5,1205.9,2432.3,659.1,24611.0
2020,28.4,908.5050445103858,1000.0,2300.0,606.0225288159273,517.0
2020,92.7,908.5050445103858,997.7471821756225,1157.552021089631,800.0,2713.0
2020,36.3,908.5050445103858,997.7471821756225,2000.0,606.0225288159273,335.0
2020,38.5,908.5050445103858,350.0,850.0,606.0225288159273,176.0
2020,62.4,908.5050445103858,997.7471821756225,1157.552021089631,606.0225288159273,899.0
2020,62.8,908.5050445103858,997.7471821756225,1157.552021089631,606.0225288159273,506.0
2020,37.9,908.5050445103858,997.7471821756225,1250.0,606.0225288159273,411.0
2020,207.3,908.5050445103858,1950.0,833.3,606.0225288159273,1540.0
2020,43.2,908.5050445103858,997.7471821756225,3400.0,606.0225288159273,457.0
2020,128.9,908.5050445103858,997.7471821756225,716.7,606.0225288159273,683.0
2020,697.8,866.7,2433.3,1784.6,650.0,2490.0
2020,25.7,908.5050445103858,997.7471821756225,300.0,606.0225288159273,332.0
2020,41.3,908.5050445103858,1100.0,633.3,606.0225288159273,377.0
2020,51.8,908.5050445103858,997.7471821756225,150.0,606.0225288159273,237.0
2020,33.9,908.5050445103858,997.7471821756225,2100.0,606.0225288159273,478.0
2020,72.0,908.5050445103858,700.0,2750.0,1600.0,1499.0
2020,525.2,900.0,700.0,1950.0,311.1,4527.0
2020,85.3,908.5050445103858,1050.0,2033.3,900.0,1371.0
2020,15.8,908.5050445103858,997.7471821756225,750.0,606.0225288159273,298.0
2020,27.5,908.5050445103858,997.7471821756225,1157.552021089631,606.0225288159273,1338.0
2020,203.5,2800.0,550.0,4700.0,606.0225288159273,963.0
2020,40.3,908.5050445103858,600.0,250.0,606.0225288159273,135.0
2020,57.6,908.5050445103858,997.7471821756225,1157.552021089631,606.0225288159273,681.0
2020,43.3,908.5050445103858,997.7471821756225,520.0,606.0225288159273,271.0
2020,35.3,908.5050445103858,997.7471821756225,650.0,606.0225288159273,419.0
2020,16.9,908.5050445103858,800.0,450.0,606.0225288159273,257.0
2020,97.5,908.5050445103858,1500.0,1300.0,606.0225288159273,1195.0
2020,86.2,908.5050445103858,997.7471821756225,1157.552021089631,2400.0,1589.0
2020,36.0,908.5050445103858,997.7471821756225,850.0,606.0225288159273,207.0
2020,319.7,2700.0,997.7471821756225,2300.0,700.0,5355.0
2020,1131.9,605.6,1030.8,2554.5,200.0,9049.0
2020,12.9,908.5050445103858,997.7471821756225,800.0,300.0,383.0
2020,73.4,908.5050445103858,900.0,1157.552021089631,606.0225288159273,1863.0
2020,25.3,908.5050445103858,997.7471821756225,433.3,606.0225288159273,332.0
2020,386.2,636.4,1216.7,1070.0,418.2,15111.0
2020,10.1,908.5050445103858,500.0,700.0,300.0,193.0
2020,613.8,1350.0,2220.0,1512.5,1250.0,10176.0
2020,59.2,800.0,997.7471821756225,1157.552021089631,606.0225288159273,466.0
2020,347.8,500.0,987.5,1137.5,940.0,7066.0
2020,15.0,908.5050445103858,997.7471821756225,1157.552021089631,606.0225288159273,213.0
2020,45.9,908.5050445103858,997.7471821756225,1157.552021089631,606.0225288159273,1081.0
2020,530.3,3133.3,997.7471821756225,4550.0,1900.0,7102.0
2020,31.6,908.5050445103858,997.7471821756225,3700.0,606.0225288159273,565.0
2020,23.9,908.5050445103858,997.7471821756225,1157.552021089631,300.0,209.0
2020,18.8,908.5050445103858,997.7471821756225,1157.552021089631,606.0225288159273,160.0
2020,16.6,908.5050445103858,997.7471821756225,1157.552021089631,606.0225288159273,800.0
2020,195.7,908.5050445103858,371.4,2300.0,1500.0,978.0
2020,31.8,908.5050445103858,997.7471821756225,1157.552021089631,606.0225288159273,572.0
2020,211.7,908.5050445103858,997.7471821756225,1581.8,850.0,6875.0
2020,341.7338228213769,570.0,1700.0,4471.4,438.5,7945.0
2020,341.7338228213769,550.0,400.0,700.0,606.0225288159273,424.0
2020,51.3,908.5050445103858,997.7471821756225,4300.0,606.0225288159273,651.0
2020,90.8,2800.0,700.0,2066.7,950.0,1167.0
2020,49.8,908.5050445103858,600.0,1157.552021089631,700.0,280.0
2020,917.0,940.0,666.7,1007.7,278.6,6339.0
2020,341.7338228213769,300.0,0.0,200.0,606.0225288159273,90.0
2020,341.7338228213769,908.5050445103858,500.0,600.0,800.0,554.0
2020,26.6,908.5050445103858,1000.0,2300.0,606.0225288159273,577.0
2020,439.7,681.8,1940.0,2845.5,450.0,6418.0
2020,46.0,908.5050445103858,997.7471821756225,1157.552021089631,606.0225288159273,487.0
2020,103.8,908.5050445103858,2100.0,4000.0,1300.0,732.0
2020,97.3,2900.0,997.7471821756225,500.0,606.0225288159273,555.0
2020,341.7338228213769,1100.0,2300.0,2300.0,606.0225288159273,843.0
2020,341.7338228213769,2500.0,975.0,536.4,1050.0,2997.0
2020,44.9,908.5050445103858,997.7471821756225,1700.0,400.0,686.0
2020,87.8,314.3,3000.0,2800.0,416.7,2503.0
2020,36.3,908.5050445103858,1000.0,1157.552021089631,606.0225288159273,409.0
2020,61.3,908.5050445103858,997.7471821756225,1157.552021089631,1200.0,558.0
2020,142.8,908.5050445103858,1000.0,3600.0,1600.0,1600.0
2020,64.0,908.5050445103858,997.7471821756225,550.0,606.0225288159273,686.0
2020,341.7338228213769,871.4,997.7471821756225,1980.0,1033.3,2848.0
2020,341.7338228213769,200.0,266.7,1100.0,606.0225288159273,279.0
2020,341.7338228213769,50.0,20.0,140.0,606.0225288159273,142.0
2020,906.0,890.0,2085.7,2526.7,726.7,16541.0
2020,67.2,908.5050445103858,997.7471821756225,1400.0,500.0,260.0
2020,159.3,908.5050445103858,875.0,5650.0,606.0225288159273,2246.0
2020,396.0,1533.3,1800.0,2400.0,675.0,7754.0
2020,21.8,908.5050445103858,997.7471821756225,1700.0,606.0225288159273,116.0
2020,1388.9,680.0,1178.6,3338.9,304.0,9329.0
2020,36.3,908.5050445103858,997.7471821756225,1157.552021089631,606.0225288159273,456.0
2020,148.3,2500.0,1400.0,2200.0,606.0225288159273,1005.0
2020,82.3,908.5050445103858,997.7471821756225,2600.0,750.0,1274.0
2020,1069.3,744.4,884.2,3466.7,388.9,10256.0
2020,47.8,908.5050445103858,997.7471821756225,1157.552021089631,1500.0,1337.0
2020,454.3,533.3,1850.0,2260.0,225.0,2940.0
2020,152.4,908.5050445103858,700.0,1025.0,650.0,4017.0
2020,47.3,908.5050445103858,997.7471821756225,3600.0,606.0225288159273,796.0
2020,81.4,908.5050445103858,1100.0,1800.0,750.0,853.0
2020,40.1,908.5050445103858,997.7471821756225,500.0,606.0225288159273,345.0
2020,76.5,908.5050445103858,997.7471821756225,1157.552021089631,606.0225288159273,823.0
2020,62.6,908.5050445103858,997.7471821756225,3100.0,333.3,803.0
2020,38.9,908.5050445103858,997.7471821756225,750.0,606.0225288159273,517.0
2020,105.8,908.5050445103858,997.7471821756225,1966.7,606.0225288159273,916.0
2020,341.7338228213769,908.5050445103858,700.0,1300.0,100.0,318.0
2020,61.5,908.5050445103858,997.7471821756225,240.0,606.0225288159273,241.0
2020,72.2,908.5050445103858,997.7471821756225,1157.552021089631,606.0225288159273,715.0
2020,200.8,540.0,1800.0,4700.0,383.3,2458.0
2020,53.5,908.5050445103858,997.7471821756225,1157.552021089631,606.0225288159273,444.0
2020,183.8,1280.0,1400.0,938.1,1200.0,2666.0
2020,61.2,908.5050445103858,997.7471821756225,1157.552021089631,606.0225288159273,398.0
2020,454.4,1185.7,2250.0,2491.7,600.0,9587.0
2020,33.8,908.5050445103858,997.7471821756225,3200.0,606.0225288159273,818.0
2020,235.1,908.5050445103858,1166.7,1900.0,680.0,7485.0
2020,72.2,908.5050445103858,997.7471821756225,3600.0,606.0225288159273,1275.0
2020,129.6,908.5050445103858,2200.0,3066.7,606.0225288159273,2486.0
2020,117.9,908.5050445103858,1800.0,4500.0,606.0225288159273,1841.0
2020,775.2,1925.0,1714.3,4255.6,700.0,8133.0
2020,88.8,908.5050445103858,1700.0,3000.0,606.0225288159273,715.0
2020,341.7338228213769,908.5050445103858,233.3,1200.0,500.0,359.0
2020,64.9,908.5050445103858,997.7471821756225,2650.0,450.0,1115.0
2020,46.3,800.0,997.7471821756225,500.0,606.0225288159273,368.0
2020,61.4,908.5050445103858,997.7471821756225,1157.552021089631,700.0,290.0
2020,89.5,908.5050445103858,1100.0,1157.552021089631,606.0225288159273,633.0
2020,46.1,908.5050445103858,600.0,1400.0,606.0225288159273,340.0
2020,1023.2,800.0,1411.1,1811.5,678.6,14198.0
2020,341.7338228213769,908.5050445103858,1400.0,700.0,400.0,663.0
2020,39.4,908.5050445103858,997.7471821756225,1157.552021089631,606.0225288159273,219.0
2020,51.8,908.5050445103858,1100.0,1157.552021089631,700.0,1792.0
2020,825.5,1209.1,1950.0,2753.3,500.0,21207.0
2020,41.4,908.5050445103858,997.7471821756225,2700.0,606.0225288159273,413.0
2020,31.5,908.5050445103858,997.7471821756225,1157.552021089631,606.0225288159273,250.0
2020,38.9,908.5050445103858,1300.0,1157.552021089631,606.0225288159273,705.0
2020,70.2,908.5050445103858,997.7471821756225,1850.0,606.0225288159273,809.0
2020,206.1,908.5050445103858,3600.0,1114.3,466.7,1682.0
2020,8.5,908.5050445103858,997.7471821756225,800.0,606.0225288159273,526.0
2020,40.3,1300.0,1300.0,3600.0,700.0,849.0
2020,16.4,908.5050445103858,400.0,1157.552021089631,606.0225288159273,180.0
2020,67.6,600.0,250.0,1157.552021089631,606.0225288159273,490.0
2020,539.8,1580.0,2020.0,3657.1,844.4,11425.0
2020,341.7338228213769,800.0,900.0,1157.552021089631,500.0,464.0
2020,18.9,908.5050445103858,997.7471821756225,700.0,606.0225288159273,169.0
2020,39.9,908.5050445103858,997.7471821756225,1157.552021089631,606.0225288159273,268.0
2020,161.8,908.5050445103858,2500.0,2175.0,1150.0,2518.0
2020,64.1,908.5050445103858,997.7471821756225,1300.0,606.0225288159273,647.0
2020,52.3,1400.0,650.0,1700.0,606.0225288159273,1366.0
2021,21.8,908.5050445103858,997.7471821756225,1157.552021089631,606.0225288159273,421.0
2021,9.8,908.5050445103858,997.7471821756225,1157.552021089631,606.0225288159273,303.0
2021,117.7,908.5050445103858,3400.0,5200.0,2400.0,3834.0
2021,1205.4,820.0,2850.0,1021.4,514.3,7207.0
2021,51.6,900.0,997.7471821756225,5400.0,606.0225288159273,1822.0
2021,102.1,540.0,733.3,820.0,333.3,2448.0
2021,5.5,908.5050445103858,997.7471821756225,1157.552021089631,0.0,118.0
2021,43.3,908.5050445103858,997.7471821756225,1750.0,600.0,1076.0
2021,348.8,940.0,1060.0,2371.4,414.3,5911.0
2021,30.7,908.5050445103858,700.0,500.0,606.0225288159273,194.0
2021,96.7,908.5050445103858,997.7471821756225,1350.0,606.0225288159273,662.0
2021,46.6,150.0,900.0,650.0,606.0225288159273,489.0
2021,55.4,908.5050445103858,997.7471821756225,866.7,606.0225288159273,1050.0
2021,1444.6,566.7,1627.3,1625.0,345.5,9283.0
2021,31.4,908.5050445103858,997.7471821756225,900.0,606.0225288159273,349.0
2021,134.6,3400.0,1650.0,1533.3,606.0225288159273,1802.0
2021,21.8,466.7,997.7471821756225,400.0,800.0,315.0
2021,34.4,908.5050445103858,997.7471821756225,1200.0,700.0,514.0
2021,28.3,908.5050445103858,997.7471821756225,800.0,606.0225288159273,186.0
2021,12.5,908.5050445103858,997.7471821756225,1157.552021089631,606.0225288159273,688.0
2021,13.6,700.0,997.7471821756225,50.0,606.0225288159273,109.0
2021,1688.5,302.4,374.4,1431.8,257.9,16862.0
2021,93.3,908.5050445103858,1500.0,2033.3,733.3,3084.0
2021,34.3,1500.0,997.7471821756225,2500.0,500.0,1229.0
2021,90.6,2400.0,3100.0,1520.0,550.0,1848.0
2021,57.1,908.5050445103858,997.7471821756225,975.0,606.0225288159273,808.0
2021,46.7,1100.0,997.7471821756225,1600.0,606.0225288159273,458.0
2021,91.5,908.5050445103858,997.7471821756225,4100.0,666.7,2519.0
2021,24.1,908.5050445103858,997.7471821756225,1157.552021089631,250.0,578.0
2021,6.3,908.5050445103858,997.7471821756225,500.0,200.0,191.0
2021,56.8,1500.0,997.7471821756225,3700.0,606.0225288159273,1741.0
2021,42.4,908.5050445103858,300.0,600.0,606.0225288159273,392.0
2021,126.3,2300.0,997.7471821756225,3500.0,606.0225288159273,5088.0
2021,160.7,908.5050445103858,997.7471821756225,850.0,606.0225288159273,1392.0
2021,14.8,908.5050445103858,997.7471821756225,300.0,606.0225288159273,94.0
2021,747.7,690.9,911.1,1514.3,252.6,3519.0
2021,41.8,908.5050445103858,1800.0,1157.552021089631,800.0,2578.0
2021,252.3,2433.3,1600.0,2225.0,1433.3,3945.0
2021,33.7,908.5050445103858,997.7471821756225,1157.552021089631,606.0225288159273,467.0
2021,243.1,1500.0,2000.0,708.3,520.0,3546.0
2021,70.4,908.5050445103858,1800.0,1833.3,606.0225288159273,1016.0
2021,47.6,908.5050445103858,997.7471821756225,1300.0,606.0225288159273,463.0
2021,33.3,908.5050445103858,400.0,500.0,700.0,407.0
2021,228.8,908.5050445103858,3200.0,3100.0,1600.0,2988.0
2021,118.9,908.5050445103858,997.7471821756225,3800.0,606.0225288159273,1090.0
2021,60.3,550.0,1200.0,2800.0,606.0225288159273,1019.0
2021,317.7,1014.3,1800.0,1268.4,1120.0,5203.0
2021,341.7338228213769,500.0,400.0,4000.0,606.0225288159273,1238.0
2021,71.8,908.5050445103858,1300.0,5100.0,606.0225288159273,882.0
2021,91.7,908.5050445103858,1500.0,633.3,606.0225288159273,1195.0
2021,43.7,908.5050445103858,997.7471821756225,1800.0,606.0225288159273,286.0
2021,47.8,908.5050445103858,997.7471821756225,4600.0,606.0225288159273,1044.0
2021,122.8,908.5050445103858,3500.0,1077.8,1000.0,1252.0
2021,1519.6,210.5,351.0,747.0,270.2,17906.0
2021,11.9,908.5050445103858,997.7471821756225,1157.552021089631,606.0225288159273,159.0
2021,104.4,908.5050445103858,750.0,2150.0,606.0225288159273,1224.0
2021,19.2,908.5050445103858,997.7471821756225,1157.552021089631,606.0225288159273,193.0
2021,78.1,908.5050445103858,997.7471821756225,1157.552021089631,606.0225288159273,1003.0
2021,59.5,908.5050445103858,500.0,1300.0,400.0,481.0
2021,43.3,908.5050445103858,997.7471821756225,850.0,606.0225288159273,2001.0
2021,50.4,908.5050445103858,997.7471821756225,1157.552021089631,606.0225288159273,469.0
2021,115.3,2800.0,997.7471821756225,3000.0,606.0225288159273,1151.0
2021,37.1,908.5050445103858,997.7471821756225,3500.0,606.0225288159273,869.0
2021,127.3,908.5050445103858,997.7471821756225,222.2,1900.0,2473.0
2021,1089.9,1218.8,1475.0,2434.3,350.0,15126.0
2021,80.4,908.5050445103858,997.7471821756225,2133.3,606.0225288159273,1005.0
2021,25.8,700.0,997.7471821756225,1900.0,606.0225288159273,500.0
2021,111.8,2200.0,1600.0,1157.552021089631,606.0225288159273,1433.0
2021,22.6,908.5050445103858,997.7471821756225,700.0,400.0,134.0
2021,34.3,908.5050445103858,997.7471821756225,700.0,700.0,227.0
2021,191.3,908.5050445103858,997.7471821756225,1066.7,606.0225288159273,1455.0
2021,259.8,908.5050445103858,997.7471821756225,4540.0,606.0225288159273,2080.0
2021,175.9,1750.0,997.7471821756225,1157.552021089631,606.0225288159273,4357.0
2021,104.9,1000.0,997.7471821756225,3400.0,1000.0,1280.0
2021,673.6,1200.0,1542.9,2200.0,238.5,8396.0
2021,357.0,3800.0,3850.0,1371.4,866.7,9059.0
2021,60.3,1600.0,997.7471821756225,1300.0,606.0225288159273,724.0
2021,23.3,908.5050445103858,997.7471821756225,800.0,606.0225288159273,906.0
2021,47.2,908.5050445103858,997.7471821756225,750.0,1000.0,262.0
2021,29.2,908.5050445103858,997.7471821756225,1157.552021089631,600.0,272.0
2021,26.0,908.5050445103858,997.7471821756225,1700.0,606.0225288159273,295.0
2021,39.1,908.5050445103858,997.7471821756225,150.0,606.0225288159273,225.0
2021,24.0,908.5050445103858,997.7471821756225,100.0,606.0225288159273,184.0
2021,341.7338228213769,500.0,1640.0,4712.5,406.9,15775.0
2021,16.4,908.5050445103858,997.7471821756225,800.0,606.0225288159273,127.0
2021,18.8,908.5050445103858,997.7471821756225,2500.0,606.0225288159273,375.0
2021,1470.6,1050.0,1392.3,3282.4,470.4,9293.0
2021,87.3,908.5050445103858,997.7471821756225,2700.0,1800.0,633.0
2021,53.2,750.0,633.3,633.3,1400.0,1090.0
2021,237.5,908.5050445103858,997.7471821756225,5250.0,1600.0,5024.0
2021,16.4,300.0,997.7471821756225,700.0,606.0225288159273,188.0
2021,341.7338228213769,433.3,3100.0,716.7,800.0,1411.0
2021,52.7,908.5050445103858,997.7471821756225,1050.0,800.0,445.0
2021,296.8,250.0,725.0,370.0,666.7,3316.0
2021,341.7338228213769,2000.0,966.7,1157.552021089631,600.0,1360.0
2021,381.0,290.0,616.7,1157.1,257.1,3929.0
2021,268.0,908.5050445103858,1133.3,1614.3,606.0225288159273,1834.0
2021,688.5,2375.0,2442.9,2319.0,684.2,20855.0
2021,965.2,790.0,833.3,893.3,581.8,11821.0
2021,1807.9,384.2,646.4,1011.1,410.7,25083.0
2021,152.8,3100.0,1800.0,1650.0,606.0225288159273,2320.0
2021,268.3,1425.0,857.1,671.4,1100.0,5351.0
2021,100.6,908.5050445103858,997.7471821756225,687.5,606.0225288159273,863.0
2021,366.0,754.5,822.2,940.0,545.5,11140.0
2021,867.8,755.6,1400.0,3038.9,573.7,26951.0
2021,105.7,908.5050445103858,997.7471821756225,4750.0,606.0225288159273,3095.0
2021,13.7,908.5050445103858,997.7471821756225,1200.0,606.0225288159273,254.0
2021,295.8,2050.0,2000.0,2966.7,1333.3,6399.0
2021,17.1,908.5050445103858,600.0,300.0,606.0225288159273,147.0
2021,1386.2,868.8,826.1,3064.0,658.3,24418.0
2021,24.3,908.5050445103858,997.7471821756225,1100.0,606.0225288159273,391.0
2021,71.3,908.5050445103858,997.7471821756225,1157.552021089631,1050.0,2823.0
2021,25.3,908.5050445103858,997.7471821756225,1150.0,606.0225288159273,286.0
2021,33.3,908.5050445103858,350.0,1800.0,606.0225288159273,211.0
2021,72.4,908.5050445103858,997.7471821756225,1157.552021089631,606.0225288159273,868.0
2021,58.3,908.5050445103858,997.7471821756225,5900.0,606.0225288159273,512.0
2021,33.4,908.5050445103858,1000.0,766.7,606.0225288159273,401.0
2021,174.1,908.5050445103858,3700.0,833.3,606.0225288159273,1494.0
2021,43.3,908.5050445103858,1100.0,750.0,606.0225288159273,518.0
2021,116.5,908.5050445103858,997.7471821756225,488.9,606.0225288159273,707.0
2021,695.2,885.7,1480.0,1220.0,571.4,2442.0
2021,29.8,908.5050445103858,500.0,140.0,606.0225288159273,323.0
2021,39.3,908.5050445103858,600.0,1150.0,606.0225288159273,412.0
2021,34.9,908.5050445103858,997.7471821756225,300.0,606.0225288159273,225.0
2021,38.5,908.5050445103858,997.7471821756225,1350.0,606.0225288159273,479.0
2021,58.4,908.5050445103858,2400.0,1157.552021089631,800.0,1561.0
2021,519.2,783.3,616.7,878.9,471.4,4637.0
2021,68.1,908.5050445103858,997.7471821756225,3250.0,1600.0,1510.0
2021,14.5,908.5050445103858,997.7471821756225,400.0,606.0225288159273,302.0
2021,27.2,908.5050445103858,600.0,1157.552021089631,606.0225288159273,1165.0
2021,190.8,908.5050445103858,950.0,742.9,606.0225288159273,905.0
2021,41.1,300.0,500.0,233.3,606.0225288159273,120.0
2021,49.8,908.5050445103858,997.7471821756225,1157.552021089631,606.0225288159273,604.0
2021,54.2,908.5050445103858,997.7471821756225,540.0,606.0225288159273,277.0
2021,35.7,908.5050445103858,250.0,466.7,606.0225288159273,380.0
2021,20.8,800.0,997.7471821756225,1000.0,606.0225288159273,204.0
2021,85.3,908.5050445103858,800.0,1600.0,606.0225288159273,1196.0
2021,76.1,908.5050445103858,997.7471821756225,1675.0,2200.0,1671.0
2021,31.4,908.5050445103858,1000.0,633.3,606.0225288159273,212.0
2021,428.8,908.5050445103858,1500.0,1700.0,700.0,6066.0
2021,1254.1,595.0,782.4,1513.5,247.2,8680.0
2021,14.6,908.5050445103858,997.7471821756225,1157.552021089631,400.0,414.0
2021,360.8,908.5050445103858,3700.0,4150.0,2450.0,10138.0
2021,62.6,908.5050445103858,950.0,1157.552021089631,606.0225288159273,1814.0
2021,101.5,908.5050445103858,1900.0,4200.0,420.0,3227.0
2021,23.0,908.5050445103858,997.7471821756225,1300.0,606.0225288159273,246.0
2021,372.1,690.9,877.8,711.8,430.0,14194.0
2021,9.6,908.5050445103858,997.7471821756225,800.0,300.0,189.0
2021,513.3,1350.0,1120.0,1900.0,1266.7,10135.0
2021,47.6,700.0,1100.0,2400.0,700.0,511.0
2021,332.4,750.0,1660.0,972.7,700.0,8227.0
2021,14.5,908.5050445103858,997.7471821756225,1157.552021089631,606.0225288159273,205.0
2021,46.8,908.5050445103858,997.7471821756225,1157.552021089631,606.0225288159273,1083.0
2021,33.2,908.5050445103858,997.7471821756225,1157.552021089631,606.0225288159273,560.0
2021,25.3,908.5050445103858,997.7471821756225,1157.552021089631,300.0,171.0
2021,16.3,908.5050445103858,997.7471821756225,1157.552021089631,606.0225288159273,160.0
2021,20.5,908.5050445103858,997.7471821756225,1157.552021089631,606.0225288159273,940.0
2021,229.3,1650.0,1050.0,3566.7,606.0225288159273,2091.0
2021,181.4,3500.0,997.7471821756225,1085.7,606.0225288159273,908.0
2021,25.2,908.5050445103858,997.7471821756225,1650.0,606.0225288159273,561.0
2021,183.9,908.5050445103858,997.7471821756225,2212.5,742.9,6995.0
2021,341.7338228213769,666.7,1666.7,2220.0,357.9,7985.0
2021,341.7338228213769,1300.0,250.0,3200.0,700.0,392.0
2021,57.0,908.5050445103858,997.7471821756225,5000.0,606.0225288159273,608.0
2021,152.5,908.5050445103858,2266.7,3320.0,606.0225288159273,4210.0
2021,93.8,1450.0,1100.0,1420.0,950.0,1172.0
2021,54.4,908.5050445103858,997.7471821756225,1157.552021089631,600.0,270.0
2021,941.3,1325.0,1750.0,660.0,275.0,6608.0
2021,341.7338228213769,908.5050445103858,600.0,1100.0,900.0,530.0
2021,86.7,2050.0,1450.0,3400.0,866.7,2816.0
2021,341.7338228213769,908.5050445103858,900.0,650.0,300.0,371.0
2021,21.2,908.5050445103858,997.7471821756225,1157.552021089631,606.0225288159273,528.0
2021,147.2,908.5050445103858,3300.0,3466.7,2100.0,1563.0
2021,437.9,550.0,3233.3,3270.0,284.6,6304.0
2021,38.3,908.5050445103858,997.7471821756225,950.0,800.0,462.0
2021,107.2,908.5050445103858,997.7471821756225,2250.0,606.0225288159273,636.0
2021,97.6,908.5050445103858,997.7471821756225,1700.0,606.0225288159273,454.0
2021,341.7338228213769,1080.0,700.0,1166.7,733.3,3124.0
2021,51.4,908.5050445103858,997.7471821756225,566.7,606.0225288159273,605.0
2021,92.2,333.3,3100.0,3300.0,460.0,2447.0
2021,44.1,908.5050445103858,997.7471821756225,1157.552021089631,606.0225288159273,405.0
2021,48.5,908.5050445103858,997.7471821756225,1157.552021089631,606.0225288159273,475.0
2021,119.5,2300.0,1150.0,3700.0,533.3,1505.0
2021,47.8,908.5050445103858,997.7471821756225,575.0,606.0225288159273,798.0
2021,341.7338228213769,1600.0,997.7471821756225,5400.0,1033.3,2943.0
2021,341.7338228213769,300.0,997.7471821756225,300.0,600.0,277.0
2021,341.7338228213769,0.0,33.3,85.7,606.0225288159273,155.0
2021,860.4,940.0,2085.7,3092.3,552.4,17070.0
2021,63.2,908.5050445103858,997.7471821756225,1157.552021089631,600.0,206.0
2021,299.6,1025.0,2633.3,2733.3,2466.7,6149.0
2021,335.1,1225.0,1440.0,1143.5,785.7,8053.0
2021,18.8,908.5050445103858,997.7471821756225,2100.0,606.0225288159273,118.0
2021,1313.2,539.3,964.7,1335.4,419.0,9442.0
2021,31.8,908.5050445103858,997.7471821756225,1157.552021089631,606.0225288159273,499.0
2021,126.2,908.5050445103858,933.3,4600.0,1500.0,922.0
2021,71.6,908.5050445103858,900.0,5600.0,606.0225288159273,1124.0
2021,285.6,816.7,600.0,1225.0,1533.3,2719.0
2021,1039.4,777.8,819.0,1776.7,383.3,10188.0
2021,29.7,908.5050445103858,997.7471821756225,1157.552021089631,606.0225288159273,1452.0
2021,455.1,387.5,3200.0,1487.5,228.6,2954.0
2021,117.6,466.7,1050.0,671.4,566.7,3942.0
2021,52.7,908.5050445103858,997.7471821756225,4300.0,606.0225288159273,842.0
2021,77.3,908.5050445103858,2100.0,3750.0,500.0,894.0
2021,37.1,908.5050445103858,500.0,750.0,606.0225288159273,376.0
2021,68.1,908.5050445103858,997.7471821756225,5000.0,606.0225288159273,731.0
2021,60.8,1900.0,650.0,3500.0,1000.0,800.0
2021,41.2,908.5050445103858,997.7471821756225,1200.0,606.0225288159273,533.0
2021,341.7338228213769,400.0,150.0,1300.0,100.0,306.0
2021,46.7,908.5050445103858,900.0,700.0,606.0225288159273,258.0
2021,73.7,908.5050445103858,997.7471821756225,2200.0,606.0225288159273,760.0
2021,172.8,825.0,1750.0,2000.0,350.0,2395.0
2021,50.7,908.5050445103858,997.7471821756225,1150.0,500.0,456.0
2021,159.0,1380.0,1450.0,1492.3,950.0,2763.0
2021,68.9,908.5050445103858,997.7471821756225,1650.0,606.0225288159273,401.0
2021,496.2,553.3,1066.7,2407.7,420.0,9794.0
2021,32.3,908.5050445103858,997.7471821756225,1157.552021089631,606.0225288159273,804.0
2021,205.7,2600.0,2050.0,2028.6,640.0,7289.0
2021,63.3,908.5050445103858,997.7471821756225,1157.552021089631,606.0225288159273,1170.0
2021,121.8,908.5050445103858,2300.0,2350.0,1200.0,2021.0
2021,109.2,908.5050445103858,997.7471821756225,4900.0,606.0225288159273,1607.0
2021,689.8,2025.0,2440.0,4030.0,723.1,8364.0
2021,79.4,908.5050445103858,2200.0,966.7,606.0225288159273,623.0
2021,341.7338228213769,1100.0,333.3,1400.0,300.0,465.0
2021,53.9,908.5050445103858,1200.0,1325.0,450.0,1078.0
2021,39.0,908.5050445103858,997.7471821756225,366.7,606.0225288159273,339.0
2021,436.8,2057.1,1855.6,5550.0,1125.0,11159.0
2021,57.8,908.5050445103858,900.0,800.0,500.0,291.0
2021,84.0,908.5050445103858,1200.0,1157.552021089631,1100.0,661.0
2021,38.3,908.5050445103858,997.7471821756225,1500.0,606.0225288159273,399.0
2021,1086.5,1633.3,1033.3,1696.7,700.0,13871.0
2021,341.7338228213769,908.5050445103858,1700.0,833.3,300.0,705.0
2021,40.1,908.5050445103858,997.7471821756225,3300.0,606.0225288159273,220.0
2021,56.8,908.5050445103858,1100.0,2600.0,400.0,1858.0
2021,756.5,1327.3,1500.0,3691.7,730.8,21425.0
2021,45.7,908.5050445103858,997.7471821756225,1157.552021089631,606.0225288159273,417.0
2021,35.8,908.5050445103858,997.7471821756225,1157.552021089631,606.0225288159273,228.0
2021,39.8,908.5050445103858,997.7471821756225,3500.0,606.0225288159273,708.0
2021,79.7,908.5050445103858,997.7471821756225,3800.0,606.0225288159273,859.0
2021,198.8,908.5050445103858,1600.0,1011.1,233.3,1768.0
2021,15.9,908.5050445103858,600.0,233.3,606.0225288159273,521.0
2021,33.5,908.5050445103858,997.7471821756225,3700.0,800.0,796.0
2021,11.5,908.5050445103858,997.7471821756225,1157.552021089631,606.0225288159273,175.0
2021,66.2,400.0,700.0,1100.0,200.0,547.0
2021,516.8,1333.3,1040.0,3650.0,790.0,11265.0
2021,22.3,908.5050445103858,997.7471821756225,600.0,606.0225288159273,179.0
2021,37.0,908.5050445103858,1000.0,1400.0,606.0225288159273,270.0
2021,125.2,2200.0,1033.3,2400.0,1050.0,2616.0
2021,60.3,908.5050445103858,1100.0,1300.0,606.0225288159273,703.0
2021,44.2,1400.0,700.0,1166.7,606.0225288159273,1427.0
2022,14.7,908.5050445103858,997.7471821756225,1157.552021089631,606.0225288159273,403.0
2022,12.8,908.5050445103858,997.7471821756225,600.0,606.0225288159273,287.0
2022,632.4,511.1,885.7,1250.0,825.0,8700.0
2022,48.3,1050.0,997.7471821756225,2600.0,606.0225288159273,1808.0
2022,74.8,775.0,997.7471821756225,725.0,250.0,2635.0
2022,4.6,908.5050445103858,200.0,250.0,0.0,135.0
2022,29.3,908.5050445103858,997.7471821756225,1266.7,606.0225288159273,1108.0
2022,273.6,1633.3,1766.7,1650.0,500.0,6300.0
2022,29.1,908.5050445103858,997.7471821756225,1100.0,606.0225288159273,214.0
2022,76.8,908.5050445103858,700.0,3500.0,606.0225288159273,697.0
2022,34.6,908.5050445103858,997.7471821756225,300.0,606.0225288159273,574.0
2022,45.5,908.5050445103858,1000.0,725.0,800.0,1110.0
2022,1003.6,548.3,973.7,998.9,310.5,9769.0
2022,22.1,908.5050445103858,997.7471821756225,1157.552021089631,606.0225288159273,366.0
2022,116.3,3200.0,1100.0,2000.0,1050.0,1740.0
2022,15.5,1300.0,997.7471821756225,400.0,800.0,318.0
2022,34.4,908.5050445103858,997.7471821756225,1500.0,606.0225288159273,504.0
2022,21.5,908.5050445103858,997.7471821756225,300.0,606.0225288159273,152.0
2022,13.9,908.5050445103858,997.7471821756225,1157.552021089631,606.0225288159273,699.0
2022,17.0,908.5050445103858,200.0,1157.552021089631,606.0225288159273,121.0
2022,1011.7,231.6,302.0,870.3,256.4,17881.0
2022,82.8,908.5050445103858,997.7471821756225,1157.552021089631,606.0225288159273,2016.0
2022,83.7,4000.0,1800.0,2166.7,550.0,3156.0
2022,29.4,750.0,1300.0,2150.0,606.0225288159273,1195.0
2022,64.9,908.5050445103858,1200.0,2733.3,500.0,2017.0
2022,54.8,908.5050445103858,997.7471821756225,1125.0,606.0225288159273,878.0
2022,36.7,908.5050445103858,997.7471821756225,1157.552021089631,606.0225288159273,521.0
2022,61.9,908.5050445103858,2500.0,2800.0,1250.0,2618.0
2022,19.1,908.5050445103858,900.0,1400.0,200.0,548.0
2022,9.9,908.5050445103858,997.7471821756225,250.0,100.0,182.0
2022,48.3,300.0,997.7471821756225,1300.0,606.0225288159273,1749.0
2022,33.9,908.5050445103858,500.0,233.3,606.0225288159273,407.0
2022,126.7,908.5050445103858,866.7,2466.7,606.0225288159273,6193.0
2022,121.1,908.5050445103858,2500.0,820.0,606.0225288159273,1276.0
2022,10.9,908.5050445103858,200.0,100.0,606.0225288159273,89.0
2022,568.7,533.3,683.3,1300.0,633.3,4006.0
2022,34.1,908.5050445103858,1800.0,3050.0,1800.0,2542.0
2022,230.3,2500.0,3350.0,1870.0,2200.0,4061.0
2022,27.7,908.5050445103858,997.7471821756225,1400.0,606.0225288159273,511.0
2022,184.2,1700.0,1700.0,1090.0,580.0,3764.0
2022,70.8,1700.0,1000.0,2800.0,1300.0,1082.0
2022,48.9,908.5050445103858,997.7471821756225,1157.552021089631,700.0,429.0
2022,25.0,908.5050445103858,997.7471821756225,466.7,606.0225288159273,385.0
2022,101.2,908.5050445103858,1200.0,4700.0,2100.0,1319.0
2022,50.0,1100.0,1200.0,1100.0,606.0225288159273,1053.0
2022,245.6,1380.0,2850.0,1108.7,475.0,5764.0
2022,341.7338228213769,400.0,175.0,500.0,606.0225288159273,184.0
2022,341.7338228213769,500.0,500.0,1400.0,1000.0,1414.0
2022,60.1,2800.0,997.7471821756225,5700.0,606.0225288159273,995.0
2022,67.5,908.5050445103858,1700.0,300.0,450.0,1162.0
2022,123.9,908.5050445103858,997.7471821756225,1330.8,1550.0,3881.0
2022,41.4,908.5050445103858,997.7471821756225,1157.552021089631,606.0225288159273,290.0
2022,39.6,908.5050445103858,2000.0,4700.0,606.0225288159273,1159.0
2022,97.8,3700.0,3700.0,846.2,766.7,1377.0
2022,971.2,207.5,329.1,763.1,290.0,18979.0
2022,13.3,908.5050445103858,400.0,1157.552021089631,606.0225288159273,159.0
2022,70.0,908.5050445103858,1600.0,4000.0,2000.0,1326.0
2022,12.0,908.5050445103858,997.7471821756225,800.0,300.0,198.0
2022,63.3,908.5050445103858,997.7471821756225,2250.0,606.0225288159273,1109.0
2022,37.8,908.5050445103858,1000.0,1157.552021089631,600.0,526.0
2022,27.8,908.5050445103858,997.7471821756225,900.0,606.0225288159273,2047.0
2022,35.3,908.5050445103858,1100.0,3700.0,606.0225288159273,458.0
2022,98.6,908.5050445103858,997.7471821756225,1950.0,2000.0,1227.0
2022,28.8,908.5050445103858,997.7471821756225,3500.0,1400.0,924.0
2022,89.3,908.5050445103858,997.7471821756225,313.3,606.0225288159273,3065.0
2022,881.3,1584.6,1515.4,2310.3,350.0,16078.0
2022,56.8,908.5050445103858,1650.0,2466.7,606.0225288159273,1162.0
2022,24.6,1800.0,800.0,2100.0,606.0225288159273,483.0
2022,107.8,2500.0,1700.0,5200.0,606.0225288159273,1462.0
2022,22.2,908.5050445103858,997.7471821756225,800.0,606.0225288159273,166.0
2022,36.4,908.5050445103858,600.0,1157.552021089631,606.0225288159273,253.0
2022,341.7338228213769,2750.0,2350.0,2000.0,1300.0,1826.0
2022,87.1,908.5050445103858,2100.0,2033.3,606.0225288159273,1403.0
2022,264.8,2566.7,3950.0,1178.6,1666.7,4803.0
2022,358.3,1416.7,2120.0,1911.8,266.7,8997.0
2022,45.6,908.5050445103858,900.0,366.7,606.0225288159273,826.0
2022,19.1,908.5050445103858,997.7471821756225,1150.0,606.0225288159273,903.0
2022,33.1,908.5050445103858,997.7471821756225,1900.0,606.0225288159273,296.0
2022,27.0,908.5050445103858,997.7471821756225,1200.0,200.0,288.0
2022,30.6,908.5050445103858,997.7471821756225,1000.0,606.0225288159273,321.0
2022,33.3,500.0,200.0,1157.552021089631,606.0225288159273,229.0
2022,15.8,908.5050445103858,800.0,300.0,606.0225288159273,183.0
2022,341.7338228213769,430.0,1966.7,5300.0,817.6,18602.0
2022,17.3,908.5050445103858,997.7471821756225,900.0,606.0225288159273,118.0
2022,15.1,908.5050445103858,800.0,2500.0,800.0,401.0
2022,990.9,1477.8,1271.4,2055.2,471.4,9831.0
2022,69.7,908.5050445103858,997.7471821756225,1833.3,1800.0,656.0
2022,37.1,908.5050445103858,1250.0,650.0,606.0225288159273,1471.0
2022,14.2,908.5050445103858,997.7471821756225,550.0,400.0,194.0
2022,341.7338228213769,766.7,650.0,450.0,850.0,1302.0
2022,61.8,908.5050445103858,997.7471821756225,2200.0,606.0225288159273,464.0
2022,172.6,207.1,966.7,380.0,525.0,3484.0
2022,206.5,500.0,1266.7,1257.1,600.0,4443.0
2022,235.8,908.5050445103858,750.0,1700.0,606.0225288159273,2014.0
2022,602.0,1237.5,3480.0,2038.5,579.2,22344.0
2022,480.6,1433.3,1414.3,811.1,412.5,13038.0
2022,1329.6,317.0,491.7,928.8,384.8,26660.0
2022,95.7,850.0,1950.0,1783.3,1250.0,2439.0
2022,184.1,2000.0,725.0,980.0,1350.0,5565.0
2022,98.3,908.5050445103858,997.7471821756225,712.5,606.0225288159273,902.0
2022,341.7338228213769,1850.0,2900.0,5100.0,1900.0,1373.0
2022,341.7338228213769,216.7,700.0,1500.0,900.0,502.0
2022,277.8,543.8,955.6,1048.0,550.0,11594.0
2022,594.2,1460.0,1376.9,3042.1,500.0,28452.0
2022,80.6,908.5050445103858,997.7471821756225,2250.0,606.0225288159273,3104.0
2022,8.0,908.5050445103858,500.0,1300.0,606.0225288159273,286.0
2022,12.1,908.5050445103858,997.7471821756225,300.0,606.0225288159273,165.0
2022,980.2,986.7,2122.2,3160.0,600.0,27076.0
2022,22.6,908.5050445103858,997.7471821756225,1300.0,606.0225288159273,451.0
2022,62.2,908.5050445103858,2400.0,1157.552021089631,733.3,3077.0
2022,19.8,908.5050445103858,997.7471821756225,1200.0,500.0,331.0
2022,31.1,908.5050445103858,997.7471821756225,950.0,606.0225288159273,253.0
2022,47.3,908.5050445103858,700.0,5700.0,606.0225288159273,572.0
2022,36.3,908.5050445103858,997.7471821756225,2200.0,606.0225288159273,415.0
2022,136.2,908.5050445103858,4000.0,830.0,606.0225288159273,1592.0
2022,35.2,908.5050445103858,997.7471821756225,1550.0,606.0225288159273,538.0
2022,112.3,908.5050445103858,997.7471821756225,500.0,1400.0,752.0
2022,516.1,1650.0,1480.0,991.7,750.0,2579.0
2022,20.8,600.0,250.0,800.0,500.0,348.0
2022,34.0,908.5050445103858,1400.0,1500.0,606.0225288159273,418.0
2022,32.7,908.5050445103858,1000.0,266.7,606.0225288159273,226.0
2022,43.3,908.5050445103858,997.7471821756225,966.7,606.0225288159273,520.0
2022,119.5,3800.0,997.7471821756225,1157.552021089631,633.3,1734.0
2022,412.1,1080.0,728.6,1407.7,471.4,4942.0
2022,55.4,1900.0,2400.0,1825.0,1900.0,1543.0
2022,10.1,908.5050445103858,400.0,1700.0,606.0225288159273,344.0
2022,24.3,908.5050445103858,997.7471821756225,1157.552021089631,606.0225288159273,1476.0
2022,154.2,908.5050445103858,1100.0,530.0,606.0225288159273,964.0
2022,41.9,908.5050445103858,300.0,500.0,500.0,128.0
2022,41.1,908.5050445103858,997.7471821756225,1157.552021089631,606.0225288159273,587.0
2022,51.8,908.5050445103858,997.7471821756225,933.3,606.0225288159273,272.0
2022,28.3,600.0,997.7471821756225,1600.0,606.0225288159273,403.0
2022,17.8,800.0,997.7471821756225,650.0,606.0225288159273,230.0
2022,62.7,1700.0,997.7471821756225,3100.0,606.0225288159273,1333.0
2022,66.4,908.5050445103858,997.7471821756225,3500.0,606.0225288159273,1790.0
2022,29.3,908.5050445103858,700.0,950.0,606.0225288159273,263.0
2022,341.7338228213769,400.0,1200.0,550.0,700.0,254.0
2022,495.0,1650.0,933.3,877.8,600.0,6451.0
2022,847.5,547.8,413.3,1250.0,293.5,9904.0
2022,16.2,908.5050445103858,997.7471821756225,275.0,300.0,404.0
2022,272.8,885.7,1925.0,1400.0,433.3,3565.0
2022,52.3,908.5050445103858,2100.0,1157.552021089631,606.0225288159273,2069.0
2022,20.2,908.5050445103858,997.7471821756225,533.3,606.0225288159273,270.0
2022,238.0,1500.0,3300.0,2181.8,1566.7,8205.0
2022,294.2,763.6,1125.0,678.9,480.0,14830.0
2022,12.3,400.0,997.7471821756225,700.0,200.0,192.0
2022,392.9,1760.0,1628.6,1390.5,1460.0,10682.0
2022,33.2,908.5050445103858,997.7471821756225,1300.0,606.0225288159273,540.0
2022,207.2,728.6,944.4,1277.8,587.5,8541.0
2022,13.5,908.5050445103858,997.7471821756225,900.0,606.0225288159273,236.0
2022,33.7,908.5050445103858,997.7471821756225,1157.552021089631,606.0225288159273,1166.0
2022,346.8,908.5050445103858,2200.0,2625.0,1042.9,7691.0
2022,23.4,908.5050445103858,997.7471821756225,1157.552021089631,606.0225288159273,481.0
2022,26.1,908.5050445103858,997.7471821756225,1157.552021089631,300.0,191.0
2022,14.4,908.5050445103858,997.7471821756225,1157.552021089631,606.0225288159273,155.0
2022,14.1,908.5050445103858,600.0,1157.552021089631,606.0225288159273,1035.0
2022,149.4,1300.0,1025.0,3666.7,606.0225288159273,2216.0
2022,162.8,908.5050445103858,2600.0,1460.0,606.0225288159273,969.0
2022,25.3,908.5050445103858,997.7471821756225,1157.552021089631,606.0225288159273,608.0
2022,341.7338228213769,550.0,1390.9,5185.7,530.8,8320.0
2022,341.7338228213769,650.0,800.0,1366.7,606.0225288159273,468.0
2022,30.1,1100.0,997.7471821756225,1157.552021089631,800.0,668.0
2022,83.8,2700.0,2200.0,1950.0,1050.0,1233.0
2022,107.5,2600.0,3600.0,2166.7,1550.0,2094.0
2022,44.5,800.0,500.0,1157.552021089631,600.0,309.0
2022,605.5,450.0,900.0,705.3,256.3,7434.0
2022,341.7338228213769,900.0,600.0,1266.7,700.0,627.0
2022,82.3,2050.0,933.3,937.5,933.3,3044.0
2022,341.7338228213769,1100.0,250.0,1200.0,600.0,382.0
2022,19.5,908.5050445103858,997.7471821756225,2200.0,606.0225288159273,585.0
2022,114.8,908.5050445103858,3400.0,1557.1,606.0225288159273,1840.0
2022,34.4,908.5050445103858,300.0,800.0,700.0,497.0
2022,95.3,908.5050445103858,997.7471821756225,2350.0,606.0225288159273,856.0
2022,88.3,908.5050445103858,997.7471821756225,1233.3,606.0225288159273,463.0
2022,341.7338228213769,1300.0,2500.0,2250.0,606.0225288159273,862.0
2022,341.7338228213769,1800.0,1175.0,675.0,480.0,2783.0
2022,44.1,908.5050445103858,997.7471821756225,2200.0,606.0225288159273,465.0
2022,85.4,625.0,1550.0,2200.0,833.3,2604.0
2022,33.8,908.5050445103858,997.7471821756225,1900.0,606.0225288159273,462.0
2022,39.9,908.5050445103858,700.0,3400.0,606.0225288159273,482.0
2022,96.4,1150.0,2500.0,1200.0,425.0,1605.0
2022,43.6,1500.0,900.0,2300.0,606.0225288159273,713.0
2022,341.7338228213769,0.0,75.0,85.7,606.0225288159273,135.0
2022,640.1,3366.7,1560.0,2612.5,787.5,17883.0
2022,60.0,1500.0,997.7471821756225,1100.0,500.0,240.0
2022,85.6,666.7,997.7471821756225,1250.0,1700.0,2466.0
2022,262.8,1300.0,925.0,1806.7,1220.0,8329.0
2022,17.7,908.5050445103858,997.7471821756225,2000.0,606.0225288159273,166.0
2022,959.8,652.0,933.3,1234.0,380.0,10484.0
2022,30.7,908.5050445103858,997.7471821756225,1157.552021089631,606.0225288159273,535.0
2022,106.7,2700.0,1400.0,940.0,1800.0,956.0
2022,71.7,2500.0,2100.0,1833.3,1500.0,1247.0
2022,221.0,785.7,2366.7,1100.0,960.0,2844.0
2022,851.1,742.9,752.2,1913.8,431.6,10864.0
2022,21.3,908.5050445103858,1400.0,1157.552021089631,606.0225288159273,1383.0
2022,288.3,471.4,900.0,860.0,271.4,3251.0
2022,92.6,1600.0,625.0,433.3,666.7,4112.0
2022,40.4,908.5050445103858,1300.0,4800.0,606.0225288159273,778.0
2022,63.0,908.5050445103858,1050.0,3850.0,500.0,928.0
2022,33.0,908.5050445103858,997.7471821756225,350.0,606.0225288159273,382.0
2022,69.6,908.5050445103858,997.7471821756225,2950.0,606.0225288159273,752.0
2022,40.2,908.5050445103858,997.7471821756225,720.0,550.0,845.0
2022,147.9,1133.3,1950.0,1364.3,1650.0,4538.0
2022,35.7,908.5050445103858,1100.0,1157.552021089631,606.0225288159273,611.0
2022,341.7338228213769,200.0,300.0,700.0,33.3,265.0
2022,341.7338228213769,466.7,133.3,1700.0,606.0225288159273,307.0
2022,44.5,908.5050445103858,997.7471821756225,1300.0,606.0225288159273,250.0
2022,62.9,908.5050445103858,997.7471821756225,1200.0,606.0225288159273,667.0
2022,98.5,820.0,1400.0,1657.1,733.3,2578.0
2022,34.9,908.5050445103858,997.7471821756225,2600.0,606.0225288159273,457.0
2022,150.7,1028.6,1500.0,2040.0,875.0,2848.0
2022,80.0,908.5050445103858,2750.0,4366.7,606.0225288159273,3070.0
2022,48.8,908.5050445103858,1200.0,1157.552021089631,606.0225288159273,430.0
2022,388.2,1214.3,1442.9,1816.7,581.8,10235.0
2022,26.1,908.5050445103858,1500.0,1157.552021089631,606.0225288159273,788.0
2022,159.8,2400.0,1366.7,3650.0,750.0,7721.0
2022,59.7,908.5050445103858,997.7471821756225,1157.552021089631,606.0225288159273,1168.0
2022,75.1,908.5050445103858,2500.0,2150.0,606.0225288159273,2682.0
2022,82.1,908.5050445103858,733.3,4900.0,606.0225288159273,1729.0
2022,557.0,1760.0,1016.7,4722.2,700.0,8773.0
2022,81.7,908.5050445103858,850.0,825.0,606.0225288159273,698.0
2022,341.7338228213769,1100.0,366.7,1300.0,606.0225288159273,442.0
2022,41.6,1800.0,466.7,2900.0,500.0,1131.0
2022,31.0,908.5050445103858,997.7471821756225,525.0,606.0225288159273,332.0
2022,346.8,2940.0,2150.0,3292.9,1960.0,11593.0
2022,53.2,908.5050445103858,997.7471821756225,300.0,606.0225288159273,354.0
2022,76.9,908.5050445103858,997.7471821756225,1157.552021089631,606.0225288159273,763.0
2022,31.8,908.5050445103858,997.7471821756225,850.0,606.0225288159273,378.0
2022,776.2,778.6,850.0,1121.3,600.0,14903.0
2022,341.7338228213769,700.0,1600.0,1500.0,700.0,627.0
2022,41.5,908.5050445103858,1500.0,3600.0,606.0225288159273,262.0
2022,40.7,908.5050445103858,997.7471821756225,2700.0,600.0,1945.0
2022,575.3,1566.7,1455.6,5366.7,881.8,22381.0
2022,43.6,908.5050445103858,997.7471821756225,2900.0,606.0225288159273,433.0
2022,27.1,908.5050445103858,997.7471821756225,1157.552021089631,606.0225288159273,296.0
2022,23.3,908.5050445103858,997.7471821756225,1157.552021089631,606.0225288159273,757.0
2022,79.1,908.5050445103858,997.7471821756225,1433.3,606.0225288159273,888.0
2022,121.3,908.5050445103858,900.0,1442.9,500.0,2082.0
2022,13.6,908.5050445103858,600.0,400.0,606.0225288159273,529.0
2022,214.6,1333.3,1340.0,4000.0,606.0225288159273,4898.0
2022,24.9,1400.0,500.0,1050.0,606.0225288159273,768.0
2022,341.7338228213769,766.7,1125.0,1014.3,1600.0,1824.0
2022,12.8,800.0,997.7471821756225,1100.0,606.0225288159273,187.0
2022,38.2,300.0,250.0,1157.552021089631,606.0225288159273,610.0
2022,374.2,1660.0,1628.6,2353.8,975.0,11788.0
2022,341.7338228213769,800.0,300.0,1450.0,700.0,507.0
2022,17.8,908.5050445103858,997.7471821756225,500.0,606.0225288159273,150.0
2022,32.0,908.5050445103858,997.7471821756225,1500.0,606.0225288159273,289.0
2022,42.0,908.5050445103858,997.7471821756225,1000.0,606.0225288159273,746.0
2022,277.8,3700.0,1800.0,2035.3,483.3,7959.0
2022,29.6,908.5050445103858,500.0,950.0,606.0225288159273,1542.0
2023,214.2,1933.3,1075.0,1064.3,606.0225288159273,4006.4644790257103
2023,14.0,908.5050445103858,997.7471821756225,2300.0,606.0225288159273,4006.4644790257103
2023,9.6,908.5050445103858,997.7471821756225,700.0,606.0225288159273,4006.4644790257103
2023,674.4,392.3,942.9,1113.3,1133.3,4006.4644790257103
2023,52.5,2000.0,1700.0,1157.552021089631,606.0225288159273,4006.4644790257103
2023,64.4,800.0,800.0,990.0,566.7,4006.4644790257103
2023,9.0,908.5050445103858,997.7471821756225,150.0,0.0,4006.4644790257103
2023,34.0,908.5050445103858,997.7471821756225,1157.552021089631,800.0,4006.4644790257103
2023,280.1,980.0,1866.7,1250.0,1300.0,4006.4644790257103
2023,68.8,1050.0,1400.0,4500.0,606.0225288159273,4006.4644790257103
2023,51.3,200.0,550.0,300.0,606.0225288159273,4006.4644790257103
2023,51.2,750.0,997.7471821756225,875.0,606.0225288159273,4006.4644790257103
2023,980.9,427.5,1256.3,853.8,468.0,4006.4644790257103
2023,20.6,908.5050445103858,997.7471821756225,2300.0,606.0225288159273,4006.4644790257103
2023,133.2,1700.0,3800.0,1671.4,2100.0,4006.4644790257103
2023,20.7,650.0,997.7471821756225,340.0,900.0,4006.4644790257103
2023,34.8,908.5050445103858,997.7471821756225,3600.0,800.0,4006.4644790257103
2023,22.3,908.5050445103858,997.7471821756225,400.0,606.0225288159273,4006.4644790257103
2023,15.3,908.5050445103858,997.7471821756225,66.7,606.0225288159273,4006.4644790257103
2023,1090.3,230.9,300.0,963.6,350.0,4006.4644790257103
2023,89.9,908.5050445103858,997.7471821756225,4400.0,1900.0,4006.4644790257103
2023,115.3,908.5050445103858,3400.0,4400.0,416.7,4006.4644790257103
2023,39.5,908.5050445103858,997.7471821756225,2500.0,606.0225288159273,4006.4644790257103
2023,68.7,2100.0,2600.0,1880.0,550.0,4006.4644790257103
2023,50.7,908.5050445103858,997.7471821756225,1300.0,606.0225288159273,4006.4644790257103
2023,27.6,908.5050445103858,250.0,2100.0,606.0225288159273,4006.4644790257103
2023,16.0,908.5050445103858,997.7471821756225,1133.3,166.7,4006.4644790257103
2023,8.4,908.5050445103858,800.0,1157.552021089631,400.0,4006.4644790257103
2023,46.8,575.0,997.7471821756225,1400.0,606.0225288159273,4006.4644790257103
2023,39.4,900.0,600.0,175.0,606.0225288159273,4006.4644790257103
2023,119.5,908.5050445103858,1300.0,1142.9,1600.0,4006.4644790257103
2023,118.2,908.5050445103858,997.7471821756225,1666.7,606.0225288159273,4006.4644790257103
2023,14.6,908.5050445103858,997.7471821756225,100.0,200.0,4006.4644790257103
2023,618.8,620.0,880.0,1258.3,458.3,4006.4644790257103
2023,48.8,1600.0,1100.0,1650.0,606.0225288159273,4006.4644790257103
2023,277.3,1233.3,1750.0,1533.3,1466.7,4006.4644790257103
2023,30.3,908.5050445103858,997.7471821756225,2400.0,606.0225288159273,4006.4644790257103
2023,208.5,1200.0,760.0,990.9,1600.0,4006.4644790257103
2023,60.2,908.5050445103858,1700.0,983.3,606.0225288159273,4006.4644790257103
2023,51.7,908.5050445103858,1100.0,1600.0,350.0,4006.4644790257103
2023,18.2,908.5050445103858,997.7471821756225,700.0,606.0225288159273,4006.4644790257103
2023,1115.8,816.7,775.0,2153.1,431.1,4006.4644790257103
2023,102.1,908.5050445103858,2500.0,2550.0,606.0225288159273,4006.4644790257103
2023,49.4,433.3,997.7471821756225,3600.0,606.0225288159273,4006.4644790257103
2023,273.3,636.4,1500.0,914.3,500.0,4006.4644790257103
2023,67.1,2800.0,1200.0,1157.552021089631,600.0,4006.4644790257103
2023,64.1,1800.0,900.0,600.0,606.0225288159273,4006.4644790257103
2023,35.7,1000.0,997.7471821756225,2200.0,606.0225288159273,4006.4644790257103
2023,91.1,908.5050445103858,1700.0,1244.4,1200.0,4006.4644790257103
2023,967.8,188.5,430.6,697.1,356.8,4006.4644790257103
2023,15.8,908.5050445103858,300.0,1000.0,606.0225288159273,4006.4644790257103
2023,78.2,908.5050445103858,997.7471821756225,1157.552021089631,2100.0,4006.4644790257103
2023,75.3,908.5050445103858,997.7471821756225,2750.0,606.0225288159273,4006.4644790257103
2023,39.2,366.7,900.0,1157.552021089631,606.0225288159273,4006.4644790257103
2023,28.7,908.5050445103858,997.7471821756225,1333.3,606.0225288159273,4006.4644790257103
2023,39.8,908.5050445103858,1200.0,1266.7,606.0225288159273,4006.4644790257103
2023,108.3,2700.0,997.7471821756225,840.0,606.0225288159273,4006.4644790257103
2023,27.1,908.5050445103858,900.0,1950.0,606.0225288159273,4006.4644790257103
2023,100.6,908.5050445103858,2100.0,771.4,1250.0,4006.4644790257103
2023,907.2,1188.2,1133.3,1564.8,403.6,4006.4644790257103
2023,18.0,908.5050445103858,997.7471821756225,2200.0,606.0225288159273,4006.4644790257103
2023,113.0,620.0,2100.0,1400.0,606.0225288159273,4006.4644790257103
2023,22.1,908.5050445103858,700.0,400.0,606.0225288159273,4006.4644790257103
2023,36.6,908.5050445103858,600.0,1157.552021089631,606.0225288159273,4006.4644790257103
2023,178.1,908.5050445103858,660.0,680.0,606.0225288159273,4006.4644790257103
2023,152.2,1033.3,875.0,3566.7,366.7,4006.4644790257103
2023,85.1,2400.0,766.7,1100.0,606.0225288159273,4006.4644790257103
2023,306.4,1600.0,1014.3,1730.0,1433.3,4006.4644790257103
2023,397.5,781.8,1140.0,1836.8,360.0,4006.4644790257103
2023,50.5,908.5050445103858,997.7471821756225,750.0,900.0,4006.4644790257103
2023,22.7,908.5050445103858,997.7471821756225,1150.0,606.0225288159273,4006.4644790257103
2023,31.0,908.5050445103858,997.7471821756225,1100.0,606.0225288159273,4006.4644790257103
2023,28.5,908.5050445103858,997.7471821756225,2700.0,500.0,4006.4644790257103
2023,21.8,908.5050445103858,997.7471821756225,700.0,606.0225288159273,4006.4644790257103
2023,29.3,908.5050445103858,500.0,250.0,606.0225288159273,4006.4644790257103
2023,13.3,908.5050445103858,700.0,1157.552021089631,300.0,4006.4644790257103
2023,112.3,1633.3,2050.0,1671.4,775.0,4006.4644790257103
2023,19.2,1100.0,550.0,2900.0,606.0225288159273,4006.4644790257103
2023,993.6,1123.1,2262.5,2127.6,742.1,4006.4644790257103
2023,58.0,908.5050445103858,2100.0,3000.0,606.0225288159273,4006.4644790257103
2023,28.3,700.0,833.3,1125.0,606.0225288159273,4006.4644790257103
2023,14.1,200.0,500.0,1100.0,606.0225288159273,4006.4644790257103
2023,61.0,908.5050445103858,997.7471821756225,2500.0,606.0225288159273,4006.4644790257103
2023,180.2,375.0,471.4,488.2,400.0,4006.4644790257103
2023,211.2,350.0,628.6,1017.6,950.0,4006.4644790257103
2023,227.9,908.5050445103858,3400.0,1233.3,606.0225288159273,4006.4644790257103
2023,662.4,1127.8,2125.0,1647.1,583.3,4006.4644790257103
2023,470.2,606.7,735.7,684.1,627.3,4006.4644790257103
2023,1260.4,250.0,434.1,735.5,496.6,4006.4644790257103
2023,218.3,2533.3,1500.0,634.6,644.4,4006.4644790257103
2023,99.8,2900.0,997.7471821756225,1760.0,606.0225288159273,4006.4644790257103
2023,95.0,908.5050445103858,997.7471821756225,1575.0,606.0225288159273,4006.4644790257103
2023,258.6,890.9,766.7,1195.8,950.0,4006.4644790257103
2023,611.2,1241.7,2983.3,2650.0,464.0,4006.4644790257103
2023,7.6,908.5050445103858,800.0,233.3,606.0225288159273,4006.4644790257103
2023,939.4,970.6,1000.0,3100.0,775.0,4006.4644790257103
2023,17.7,908.5050445103858,997.7471821756225,933.3,606.0225288159273,4006.4644790257103
2023,18.9,908.5050445103858,600.0,1157.552021089631,606.0225288159273,4006.4644790257103
2023,27.0,908.5050445103858,997.7471821756225,1050.0,606.0225288159273,4006.4644790257103
2023,57.1,908.5050445103858,900.0,3300.0,606.0225288159273,4006.4644790257103
2023,44.3,2300.0,997.7471821756225,1320.0,1500.0,4006.4644790257103
2023,32.0,908.5050445103858,997.7471821756225,1350.0,606.0225288159273,4006.4644790257103
2023,41.3,908.5050445103858,997.7471821756225,1033.3,606.0225288159273,4006.4644790257103
2023,109.3,908.5050445103858,997.7471821756225,662.5,606.0225288159273,4006.4644790257103
2023,514.8,1380.0,810.0,1037.5,766.7,4006.4644790257103
2023,14.0,600.0,600.0,900.0,600.0,4006.4644790257103
2023,39.7,1300.0,997.7471821756225,1500.0,606.0225288159273,4006.4644790257103
2023,41.9,908.5050445103858,500.0,225.0,606.0225288159273,4006.4644790257103
2023,38.3,1100.0,900.0,3000.0,606.0225288159273,4006.4644790257103
2023,48.3,1150.0,2400.0,1650.0,1500.0,4006.4644790257103
2023,479.6,1240.0,544.4,1666.7,925.0,4006.4644790257103
2023,54.5,2000.0,1200.0,4300.0,1900.0,4006.4644790257103
2023,12.3,908.5050445103858,997.7471821756225,600.0,606.0225288159273,4006.4644790257103
2023,25.9,908.5050445103858,1600.0,4000.0,606.0225288159273,4006.4644790257103
2023,181.3,1300.0,2700.0,570.0,1900.0,4006.4644790257103
2023,36.4,908.5050445103858,400.0,200.0,606.0225288159273,4006.4644790257103
2023,43.7,908.5050445103858,2200.0,1157.552021089631,1000.0,4006.4644790257103
2023,43.9,900.0,997.7471821756225,725.0,606.0225288159273,4006.4644790257103
2023,26.8,500.0,997.7471821756225,533.3,606.0225288159273,4006.4644790257103
2023,15.1,908.5050445103858,900.0,900.0,606.0225288159273,4006.4644790257103
2023,80.1,1900.0,466.7,3500.0,650.0,4006.4644790257103
2023,30.6,1000.0,500.0,633.3,606.0225288159273,4006.4644790257103
2023,777.9,680.0,640.0,576.9,500.0,4006.4644790257103
2023,816.4,459.4,360.6,854.4,307.1,4006.4644790257103
2023,667.9,208.7,512.1,1166.2,588.0,4006.4644790257103
2023,12.8,500.0,700.0,280.0,606.0225288159273,4006.4644790257103
2023,251.0,825.0,1700.0,900.0,775.0,4006.4644790257103
2023,55.1,908.5050445103858,1150.0,1157.552021089631,606.0225288159273,4006.4644790257103
2023,120.1,3800.0,2600.0,1157.552021089631,606.0225288159273,4006.4644790257103
2023,116.2,908.5050445103858,997.7471821756225,1820.0,1200.0,4006.4644790257103
2023,18.3,908.5050445103858,997.7471821756225,433.3,606.0225288159273,4006.4644790257103
2023,148.3,3900.0,2100.0,3133.3,1700.0,4006.4644790257103
2023,258.3,1725.0,3650.0,2611.1,606.0225288159273,4006.4644790257103
2023,291.8,715.4,800.0,665.9,353.8,4006.4644790257103
2023,5.5,400.0,997.7471821756225,1000.0,300.0,4006.4644790257103
2023,421.8,1287.5,1714.3,1631.6,1350.0,4006.4644790257103
2023,32.8,908.5050445103858,997.7471821756225,2500.0,606.0225288159273,4006.4644790257103
2023,259.7,871.4,1400.0,1168.2,714.3,4006.4644790257103
2023,14.7,908.5050445103858,997.7471821756225,450.0,606.0225288159273,4006.4644790257103
2023,26.4,908.5050445103858,997.7471821756225,6000.0,606.0225288159273,4006.4644790257103
2023,367.9,908.5050445103858,2833.3,3950.0,1012.5,4006.4644790257103
2023,24.8,908.5050445103858,997.7471821756225,4000.0,606.0225288159273,4006.4644790257103
2023,28.2,908.5050445103858,997.7471821756225,2200.0,300.0,4006.4644790257103
2023,142.7,908.5050445103858,1300.0,2800.0,606.0225288159273,4006.4644790257103
2023,36.3,908.5050445103858,997.7471821756225,1157.552021089631,400.0,4006.4644790257103
2023,83.4,1400.0,1350.0,1283.3,1150.0,4006.4644790257103
2023,112.4,2600.0,1900.0,1857.1,1350.0,4006.4644790257103
2023,46.8,908.5050445103858,500.0,600.0,500.0,4006.4644790257103
2023,639.9,491.7,850.0,672.1,400.0,4006.4644790257103
2023,2046.2,336.6,676.7,1180.5,292.8,4006.4644790257103
2023,85.6,1500.0,933.3,1075.0,966.7,4006.4644790257103
2023,18.8,908.5050445103858,997.7471821756225,1200.0,606.0225288159273,4006.4644790257103
2023,104.8,3300.0,997.7471821756225,1170.0,606.0225288159273,4006.4644790257103
2023,343.1,955.6,2020.0,3354.5,204.8,4006.4644790257103
2023,32.6,908.5050445103858,800.0,675.0,606.0225288159273,4006.4644790257103
2023,87.9,2300.0,1900.0,1733.3,606.0225288159273,4006.4644790257103
2023,91.6,1600.0,997.7471821756225,1333.3,606.0225288159273,4006.4644790257103
2023,36.2,908.5050445103858,997.7471821756225,1200.0,606.0225288159273,4006.4644790257103
2023,93.5,312.5,997.7471821756225,1528.6,1300.0,4006.4644790257103
2023,28.6,1200.0,997.7471821756225,1157.552021089631,606.0225288159273,4006.4644790257103
2023,41.2,908.5050445103858,997.7471821756225,1157.552021089631,800.0,4006.4644790257103
2023,112.4,866.7,575.0,888.9,800.0,4006.4644790257103
2023,49.8,908.5050445103858,997.7471821756225,2350.0,606.0225288159273,4006.4644790257103
2023,657.4,2925.0,1620.0,2787.5,700.0,4006.4644790257103
2023,53.3,908.5050445103858,997.7471821756225,650.0,400.0,4006.4644790257103
2023,337.2,1566.7,2325.0,2833.3,1200.0,4006.4644790257103
2023,91.6,1025.0,1066.7,1100.0,1600.0,4006.4644790257103
2023,287.4,1375.0,925.0,1781.3,1016.7,4006.4644790257103
2023,17.8,908.5050445103858,997.7471821756225,2300.0,606.0225288159273,4006.4644790257103
2023,112.7,908.5050445103858,3200.0,2040.0,2200.0,4006.4644790257103
2023,1044.1,533.3,669.2,1095.1,396.2,4006.4644790257103
2023,112.8,600.0,866.7,1633.3,1800.0,4006.4644790257103
2023,80.9,2600.0,997.7471821756225,733.3,606.0225288159273,4006.4644790257103
2023,233.3,942.9,1825.0,760.7,800.0,4006.4644790257103
2023,877.8,944.4,1081.3,1054.7,505.9,4006.4644790257103
2023,22.2,908.5050445103858,997.7471821756225,6000.0,606.0225288159273,4006.4644790257103
2023,282.4,315.4,733.3,942.9,500.0,4006.4644790257103
2023,98.4,600.0,1500.0,983.3,666.7,4006.4644790257103
2023,34.9,908.5050445103858,700.0,1666.7,606.0225288159273,4006.4644790257103
2023,53.7,908.5050445103858,850.0,3950.0,800.0,4006.4644790257103
2023,31.1,908.5050445103858,997.7471821756225,300.0,606.0225288159273,4006.4644790257103
2023,58.9,908.5050445103858,2100.0,3000.0,606.0225288159273,4006.4644790257103
2023,44.8,908.5050445103858,1200.0,585.7,650.0,4006.4644790257103
2023,36.4,908.5050445103858,550.0,1700.0,606.0225288159273,4006.4644790257103
2023,98.6,908.5050445103858,3000.0,2333.3,2100.0,4006.4644790257103
2023,43.4,1100.0,997.7471821756225,1700.0,606.0225288159273,4006.4644790257103
2023,60.0,908.5050445103858,997.7471821756225,3000.0,1100.0,4006.4644790257103
2023,121.3,525.0,1000.0,861.5,312.5,4006.4644790257103
2023,35.8,908.5050445103858,997.7471821756225,2300.0,606.0225288159273,4006.4644790257103
2023,192.3,1066.7,516.7,1421.4,1850.0,4006.4644790257103
2023,50.4,908.5050445103858,1000.0,1157.552021089631,606.0225288159273,4006.4644790257103
2023,156.3,908.5050445103858,997.7471821756225,1840.0,1133.3,4006.4644790257103
2023,449.9,606.3,2080.0,1508.7,558.3,4006.4644790257103
2023,21.9,908.5050445103858,997.7471821756225,2900.0,606.0225288159273,4006.4644790257103
2023,175.0,1000.0,2400.0,1722.2,933.3,4006.4644790257103
2023,54.5,908.5050445103858,997.7471821756225,3400.0,606.0225288159273,4006.4644790257103
2023,81.0,3600.0,2900.0,1485.7,606.0225288159273,4006.4644790257103
2023,58.0,908.5050445103858,1050.0,1157.552021089631,606.0225288159273,4006.4644790257103
2023,103.9,908.5050445103858,997.7471821756225,2166.7,606.0225288159273,4006.4644790257103
2023,537.8,1940.0,1714.3,3775.0,693.3,4006.4644790257103
2023,86.1,908.5050445103858,1150.0,1150.0,606.0225288159273,4006.4644790257103
2023,56.4,600.0,400.0,1966.7,450.0,4006.4644790257103
2023,31.8,900.0,997.7471821756225,725.0,350.0,4006.4644790257103
2023,61.8,800.0,997.7471821756225,200.0,606.0225288159273,4006.4644790257103
2023,73.1,908.5050445103858,1900.0,2350.0,606.0225288159273,4006.4644790257103
2023,36.8,908.5050445103858,1100.0,2200.0,606.0225288159273,4006.4644790257103
2023,850.1,560.0,953.3,937.3,612.5,4006.4644790257103
2023,38.3,908.5050445103858,1600.0,1157.552021089631,606.0225288159273,4006.4644790257103
2023,48.8,908.5050445103858,997.7471821756225,2800.0,606.0225288159273,4006.4644790257103
2023,1769.7,1627.8,1365.4,2223.6,546.8,4006.4644790257103
2023,33.1,908.5050445103858,997.7471821756225,3700.0,606.0225288159273,4006.4644790257103
2023,66.4,908.5050445103858,997.7471821756225,2450.0,606.0225288159273,4006.4644790257103
2023,130.3,3300.0,780.0,1140.0,1000.0,4006.4644790257103
2023,9.6,908.5050445103858,700.0,800.0,606.0225288159273,4006.4644790257103
2023,27.2,908.5050445103858,997.7471821756225,2150.0,606.0225288159273,4006.4644790257103
2023,12.8,908.5050445103858,997.7471821756225,1400.0,606.0225288159273,4006.4644790257103
2023,36.1,200.0,233.3,1300.0,606.0225288159273,4006.4644790257103
2023,373.4,966.7,991.7,3611.1,1057.1,4006.4644790257103
2023,32.7,908.5050445103858,997.7471821756225,950.0,606.0225288159273,4006.4644790257103
2023,36.5,908.5050445103858,2300.0,1033.3,1600.0,4006.4644790257103
2023,301.8,1866.7,1820.0,2225.0,340.0,4006.4644790257103
2023,26.6,1400.0,1100.0,1333.3,606.0225288159273,4006.4644790257103
